account_id,account_type,opened_date,payday,monthly_salary
ACC000000,retail,2022-09-15,21,3862.52
ACC000001,retail,2025-10-26,4,5481.93
ACC000002,retail,2023-10-20,1,5606.52
ACC000003,retail,2022-03-02,24,4052.03
ACC000004,retail,2025-09-28,9,2476.58
ACC000005,retail,2025-03-10,8,2474.29
ACC000006,retail,2025-08-17,8,1987.97
ACC000007,retail,2025-07-03,5,3380.23
ACC000008,retail,2024-04-26,24,3062.57
ACC000009,retail,2025-12-13,4,1685.98
ACC000010,retail,2025-10-19,22,2344.31
ACC000011,retail,2025-05-14,24,2652.67
ACC000012,retail,2025-04-03,18,4142.35
ACC000013,retail,2025-03-14,3,1829.25
ACC000014,retail,2025-10-12,19,4005.35
ACC000015,retail,2025-10-06,14,3192.46
ACC000016,retail,2025-07-28,2,1650.1
ACC000017,retail,2025-07-09,1,2235.15
ACC000018,retail,2025-02-23,3,3393.56
ACC000019,retail,2021-04-04,7,2555.41
ACC000020,retail,2025-10-05,8,4502.55
ACC000021,retail,2025-12-02,17,4326.49
ACC000022,retail,2025-11-13,20,3403.32
ACC000023,retail,2025-12-06,1,4403.78
ACC000024,retail,2025-07-28,18,4125.78
ACC000025,retail,2025-04-21,7,5128.13
ACC000026,retail,2024-08-20,23,3444.58
ACC000027,retail,2025-04-04,21,5514.93
ACC000028,retail,2025-05-23,23,3086.58
ACC000029,retail,2025-03-23,18,2644.92
ACC000030,small_business,2025-09-09,14,5383.84
ACC000031,retail,2025-11-30,8,2422.83
ACC000032,retail,2025-10-23,15,4299.1
ACC000033,retail,2025-10-11,19,3399.9
ACC000034,retail,2025-02-25,9,2251.11
ACC000035,retail,2025-05-24,26,2614.78
ACC000036,retail,2023-11-05,28,2987.06
ACC000037,retail,2025-09-23,1,2713.96
ACC000038,retail,2025-07-21,25,2794.72
ACC000039,retail,2024-09-03,26,3503.86
ACC000040,retail,2022-02-04,6,1383.67
ACC000041,retail,2025-12-17,23,2949.51
ACC000042,retail,2025-03-28,14,2760.19
ACC000043,retail,2025-04-08,11,3363.1
ACC000044,new_account,2025-09-13,9,0.0
ACC000045,retail,2024-06-07,5,4090.46
ACC000046,retail,2024-11-27,7,2071.95
ACC000047,retail,2025-03-01,25,2005.77
ACC000048,retail,2025-01-09,11,2376.73
ACC000049,retail,2025-12-26,4,1603.16
ACC000050,retail,2025-10-17,3,3063.84
ACC000051,retail,2025-06-20,13,2179.17
ACC000052,small_business,2023-09-15,4,2620.64
ACC000053,retail,2024-10-27,12,3264.9
ACC000054,retail,2025-09-13,28,5028.4
ACC000055,retail,2023-07-06,12,3307.52
ACC000056,retail,2025-07-14,20,4075.42
ACC000057,retail,2023-07-07,9,3295.12
ACC000058,retail,2025-11-27,26,3424.05
ACC000059,retail,2023-07-01,2,3351.72
ACC000060,retail,2025-10-23,24,2240.06
ACC000061,retail,2024-09-18,15,1850.99
ACC000062,retail,2025-09-15,18,3876.24
ACC000063,retail,2024-07-02,4,4382.39
ACC000064,retail,2025-01-30,13,3516.12
ACC000065,retail,2025-07-02,3,2088.49
ACC000066,new_account,2025-06-16,18,0.0
ACC000067,retail,2024-11-29,10,2150.97
ACC000068,retail,2025-03-28,27,2681.52
ACC000069,retail,2024-08-07,21,8849.07
ACC000070,retail,2025-12-23,20,1942.33
ACC000071,small_business,2022-08-19,28,3615.51
ACC000072,small_business,2025-07-01,12,3602.18
ACC000073,small_business,2023-11-27,19,2895.37
ACC000074,retail,2025-06-21,7,2493.38
ACC000075,retail,2025-02-10,23,4198.82
ACC000076,small_business,2024-09-12,3,2093.22
ACC000077,retail,2020-12-14,2,3170.01
ACC000078,retail,2025-03-15,22,3439.62
ACC000079,retail,2024-09-04,8,3730.56
ACC000080,retail,2025-08-15,25,3662.91
ACC000081,retail,2023-04-30,10,3661.08
ACC000082,retail,2025-03-29,3,3745.67
ACC000083,retail,2024-04-06,28,4694.87
ACC000084,retail,2025-07-21,8,2188.28
ACC000085,retail,2025-12-18,28,2711.54
ACC000086,retail,2025-02-23,4,3922.58
ACC000087,retail,2025-12-17,13,1563.86
ACC000088,retail,2025-07-07,9,3058.6
ACC000089,retail,2025-09-26,15,1937.01
ACC000090,retail,2025-11-27,21,3035.8
ACC000091,retail,2024-11-22,27,2297.0
ACC000092,retail,2021-12-04,12,1326.03
ACC000093,retail,2025-08-28,6,3211.78
ACC000094,retail,2025-11-30,12,3648.22
ACC000095,retail,2025-10-17,12,4214.57
ACC000096,retail,2025-09-08,7,6040.14
ACC000097,retail,2025-08-23,22,3505.16
ACC000098,small_business,2024-07-15,9,6966.46
ACC000099,retail,2025-09-10,23,4505.19
ACC000100,retail,2024-06-13,22,3560.04
ACC000101,retail,2025-11-21,21,4063.72
ACC000102,retail,2025-04-20,3,2694.51
ACC000103,retail,2024-12-15,20,1809.65
ACC000104,retail,2025-12-14,21,5305.55
ACC000105,retail,2023-11-17,6,1678.5
ACC000106,retail,2025-10-22,18,3228.02
ACC000107,retail,2025-01-14,24,2344.7
ACC000108,small_business,2025-01-24,8,5621.8
ACC000109,retail,2025-02-20,6,1816.88
ACC000110,small_business,2025-06-20,15,3335.56
ACC000111,retail,2025-08-01,13,2323.71
ACC000112,retail,2025-12-23,9,2354.9
ACC000113,retail,2024-09-11,21,4187.42
ACC000114,retail,2023-09-15,23,4126.33
ACC000115,retail,2025-10-15,18,3834.72
ACC000116,retail,2024-03-15,8,2956.14
ACC000117,retail,2024-05-12,22,3124.19
ACC000118,retail,2023-01-29,11,2732.38
ACC000119,retail,2024-06-19,27,4626.29
ACC000120,retail,2023-06-15,25,5025.05
ACC000121,retail,2023-07-13,25,3006.11
ACC000122,retail,2025-12-28,2,3393.67
ACC000123,small_business,2025-01-26,8,2829.75
ACC000124,retail,2025-05-08,27,1993.39
ACC000125,retail,2024-06-22,2,1834.13
ACC000126,retail,2024-04-18,26,2966.39
ACC000127,retail,2025-02-17,11,2082.03
ACC000128,retail,2023-08-11,13,2142.66
ACC000129,retail,2024-06-07,9,2621.35
ACC000130,retail,2025-11-20,3,3287.84
ACC000131,retail,2024-02-11,7,2433.83
ACC000132,retail,2025-11-29,19,1670.31
ACC000133,retail,2022-10-13,23,1697.67
ACC000134,new_account,2024-06-21,11,0.0
ACC000135,retail,2025-11-28,7,3375.72
ACC000136,retail,2023-05-30,21,5378.38
ACC000137,retail,2025-04-05,16,2958.96
ACC000138,retail,2025-11-12,13,2655.89
ACC000139,retail,2024-11-08,21,3669.24
ACC000140,small_business,2025-06-28,15,5503.26
ACC000141,retail,2023-10-13,5,3260.5
ACC000142,retail,2025-02-13,9,2996.01
ACC000143,small_business,2025-03-11,5,5326.54
ACC000144,retail,2024-12-02,8,4375.2
ACC000145,retail,2023-06-21,24,7157.54
ACC000146,retail,2025-10-10,18,2157.45
ACC000147,retail,2025-07-11,18,2200.3
ACC000148,new_account,2021-04-24,9,0.0
ACC000149,retail,2025-02-28,24,3165.79
ACC000150,retail,2024-02-29,19,2081.06
ACC000151,small_business,2024-02-10,14,3629.2
ACC000152,small_business,2024-08-02,19,1757.96
ACC000153,small_business,2023-10-20,13,6201.73
ACC000154,retail,2025-12-22,12,4777.99
ACC000155,new_account,2025-10-28,8,0.0
ACC000156,retail,2025-06-24,5,2470.88
ACC000157,small_business,2023-12-25,17,2847.46
ACC000158,retail,2025-08-27,16,4890.88
ACC000159,retail,2023-10-24,3,2987.22
ACC000160,retail,2022-10-31,25,3037.51
ACC000161,retail,2025-09-10,2,1944.87
ACC000162,small_business,2024-12-25,28,2815.93
ACC000163,retail,2024-10-13,4,1613.81
ACC000164,retail,2024-10-13,5,4969.48
ACC000165,retail,2024-05-20,21,4777.72
ACC000166,retail,2025-02-06,6,3062.56
ACC000167,retail,2025-06-09,26,3858.95
ACC000168,retail,2025-09-28,22,5153.61
ACC000169,retail,2025-12-27,14,4552.22
ACC000170,retail,2025-05-16,20,1475.13
ACC000171,small_business,2025-07-14,3,5436.78
ACC000172,retail,2024-12-08,13,3070.63
ACC000173,retail,2022-09-25,13,1508.16
ACC000174,retail,2021-09-19,20,2915.45
ACC000175,retail,2025-07-26,15,1769.08
ACC000176,retail,2025-11-07,17,3896.64
ACC000177,retail,2025-10-28,9,3451.76
ACC000178,retail,2025-07-16,18,2046.83
ACC000179,retail,2025-04-20,28,2009.64
ACC000180,retail,2025-12-16,1,3646.85
ACC000181,retail,2025-08-24,22,2856.03
ACC000182,retail,2025-07-04,24,1970.23
ACC000183,retail,2024-09-20,4,2253.21
ACC000184,retail,2023-03-24,22,3247.34
ACC000185,retail,2025-08-25,18,3811.08
ACC000186,retail,2025-09-30,25,4035.97
ACC000187,retail,2025-04-11,9,1626.07
ACC000188,retail,2024-06-30,25,5149.99
ACC000189,retail,2025-09-07,21,3754.17
ACC000190,retail,2025-03-04,11,3376.18
ACC000191,retail,2025-05-09,4,1567.79
ACC000192,retail,2025-06-26,10,3233.71
ACC000193,retail,2025-07-30,14,2301.63
ACC000194,retail,2023-08-01,6,1934.07
ACC000195,retail,2024-10-04,15,2971.47
ACC000196,retail,2025-02-27,1,5388.26
ACC000197,retail,2024-07-03,24,1968.65
ACC000198,retail,2025-07-05,24,2762.43
ACC000199,retail,2025-01-28,9,1703.73
ACC000200,retail,2025-10-27,17,3733.82
ACC000201,retail,2025-10-23,25,2352.05
ACC000202,retail,2023-07-08,6,2109.92
ACC000203,retail,2025-03-10,17,3321.54
ACC000204,retail,2025-06-13,4,2921.65
ACC000205,small_business,2023-10-22,28,2366.79
ACC000206,retail,2024-10-17,21,4032.56
ACC000207,small_business,2025-02-10,10,1528.8
ACC000208,retail,2025-10-11,27,3704.65
ACC000209,retail,2025-05-25,21,1554.61
ACC000210,retail,2024-12-20,17,3038.85
ACC000211,retail,2025-01-18,20,2903.2
ACC000212,retail,2025-12-11,7,1836.46
ACC000213,retail,2025-11-05,5,4458.27
ACC000214,retail,2024-10-01,12,2366.68
ACC000215,retail,2025-01-04,25,1109.14
ACC000216,retail,2023-02-05,6,2167.31
ACC000217,retail,2022-05-01,18,3458.04
ACC000218,small_business,2025-10-14,25,2341.17
ACC000219,retail,2024-07-10,17,4755.76
ACC000220,retail,2024-04-07,1,3300.3
ACC000221,retail,2025-10-22,20,3490.43
ACC000222,retail,2025-03-11,11,2518.97
ACC000223,retail,2023-09-16,16,4819.79
ACC000224,retail,2025-06-26,1,2532.01
ACC000225,retail,2025-08-11,4,3003.0
ACC000226,retail,2023-06-27,12,5828.85
ACC000227,retail,2025-02-22,27,3275.57
ACC000228,retail,2022-12-04,26,4057.6
ACC000229,retail,2025-07-22,10,3413.18
ACC000230,retail,2025-03-03,8,2524.72
ACC000231,retail,2024-04-20,2,2480.6
ACC000232,retail,2024-07-06,8,2121.89
ACC000233,retail,2025-01-29,19,3610.47
ACC000234,retail,2024-02-13,3,3406.58
ACC000235,retail,2023-12-14,3,2675.92
ACC000236,retail,2025-10-29,24,2015.24
ACC000237,retail,2024-08-07,16,4221.06
ACC000238,retail,2025-02-23,27,5126.89
ACC000239,retail,2025-07-16,3,1463.39
ACC000240,retail,2022-10-12,25,5423.07
ACC000241,retail,2025-01-14,18,7929.15
ACC000242,retail,2023-10-02,25,3139.09
ACC000243,small_business,2025-02-02,5,3613.4
ACC000244,retail,2025-10-27,5,3260.23
ACC000245,retail,2024-12-24,22,5637.94
ACC000246,small_business,2023-02-27,16,2429.68
ACC000247,retail,2025-11-14,18,3048.15
ACC000248,retail,2025-06-12,6,4617.81
ACC000249,retail,2025-07-22,9,1988.54
ACC000250,retail,2023-03-29,17,1537.72
ACC000251,retail,2025-07-15,28,2606.3
ACC000252,retail,2025-05-06,20,5811.58
ACC000253,retail,2025-10-16,14,1013.58
ACC000254,small_business,2025-07-05,7,2916.92
ACC000255,retail,2024-11-27,18,2676.98
ACC000256,retail,2019-09-08,25,1914.84
ACC000257,retail,2025-01-05,24,2997.61
ACC000258,retail,2023-07-03,23,2952.33
ACC000259,retail,2025-10-09,7,2942.16
ACC000260,retail,2025-12-05,23,2398.58
ACC000261,retail,2025-05-05,10,1032.37
ACC000262,retail,2025-02-07,13,4612.86
ACC000263,retail,2025-10-13,22,1697.64
ACC000264,retail,2025-06-05,21,2183.91
ACC000265,retail,2025-10-26,12,4334.11
ACC000266,retail,2025-09-23,15,4957.33
ACC000267,retail,2024-10-13,17,2416.78
ACC000268,retail,2025-09-15,15,3625.51
ACC000269,retail,2025-09-12,4,3961.52
ACC000270,retail,2025-06-13,8,3560.67
ACC000271,retail,2025-10-02,8,3779.1
ACC000272,retail,2025-11-27,3,2633.8
ACC000273,retail,2025-12-22,11,3396.34
ACC000274,retail,2023-07-24,1,1807.24
ACC000275,retail,2025-07-18,19,2249.05
ACC000276,retail,2025-08-30,18,1697.0
ACC000277,retail,2025-06-05,8,1296.25
ACC000278,retail,2022-10-03,19,5875.71
ACC000279,retail,2025-11-02,8,2936.42
ACC000280,retail,2024-03-29,1,4634.67
ACC000281,retail,2025-12-23,3,3371.53
ACC000282,retail,2025-09-04,23,1504.07
ACC000283,retail,2024-01-12,21,3003.02
ACC000284,retail,2025-08-27,2,3425.6
ACC000285,retail,2023-04-25,8,3223.87
ACC000286,retail,2025-02-12,3,2015.56
ACC000287,retail,2024-01-24,2,3302.42
ACC000288,retail,2024-10-21,28,4416.38
ACC000289,retail,2023-04-24,11,1427.46
ACC000290,retail,2025-12-13,3,1786.78
ACC000291,retail,2024-07-15,17,3212.19
ACC000292,retail,2025-06-18,8,2203.6
ACC000293,retail,2025-07-10,9,2017.57
ACC000294,retail,2025-04-18,22,4543.52
ACC000295,retail,2022-12-24,16,2114.68
ACC000296,retail,2025-09-02,7,3944.68
ACC000297,retail,2025-12-11,18,8300.19
ACC000298,retail,2024-05-22,5,2868.59
ACC000299,retail,2025-12-01,24,2939.53
ACC000300,retail,2025-05-18,19,6053.07
ACC000301,retail,2024-02-18,19,3838.98
ACC000302,retail,2025-01-10,16,4398.51
ACC000303,retail,2025-11-24,8,2893.51
ACC000304,retail,2025-02-23,26,3821.01
ACC000305,retail,2024-07-23,16,3729.08
ACC000306,retail,2023-12-07,26,4593.11
ACC000307,retail,2025-04-08,14,3539.88
ACC000308,retail,2025-01-31,7,3239.18
ACC000309,small_business,2025-12-19,4,1934.45
ACC000310,small_business,2022-02-15,4,4542.63
ACC000311,small_business,2025-04-19,22,3014.92
ACC000312,retail,2024-01-26,14,3016.65
ACC000313,retail,2025-01-04,12,2505.39
ACC000314,retail,2024-09-12,14,2634.19
ACC000315,retail,2024-08-03,14,2766.26
ACC000316,retail,2024-04-16,15,2500.15
ACC000317,retail,2024-12-04,28,3317.01
ACC000318,retail,2025-12-23,24,4255.01
ACC000319,retail,2025-12-24,2,3080.7
ACC000320,small_business,2024-03-31,22,4565.08
ACC000321,new_account,2025-07-13,21,0.0
ACC000322,retail,2025-06-10,21,7476.79
ACC000323,retail,2021-06-20,4,2578.25
ACC000324,retail,2025-05-30,2,5607.32
ACC000325,retail,2025-11-16,13,2418.39
ACC000326,retail,2025-08-19,24,1994.89
ACC000327,retail,2025-12-25,11,2192.68
ACC000328,new_account,2025-05-23,26,0.0
ACC000329,retail,2024-10-03,28,4419.27
ACC000330,small_business,2025-04-25,4,2736.42
ACC000331,retail,2025-10-20,8,3186.19
ACC000332,retail,2025-03-20,7,3629.97
ACC000333,retail,2025-10-16,7,2323.3
ACC000334,retail,2025-07-13,18,2387.04
ACC000335,retail,2022-03-13,15,5261.66
ACC000336,retail,2025-10-27,5,2372.5
ACC000337,retail,2025-09-22,14,3233.01
ACC000338,retail,2025-01-19,6,1625.71
ACC000339,retail,2023-09-15,9,2332.94
ACC000340,retail,2022-08-04,15,2552.73
ACC000341,retail,2024-03-09,8,3879.33
ACC000342,retail,2025-06-05,28,6661.38
ACC000343,retail,2025-09-03,3,2941.72
ACC000344,retail,2025-09-24,15,6110.86
ACC000345,retail,2025-12-01,26,2961.44
ACC000346,retail,2025-01-08,28,4795.14
ACC000347,retail,2025-07-15,28,3915.73
ACC000348,retail,2023-09-11,18,6239.67
ACC000349,retail,2024-10-29,4,4138.93
ACC000350,retail,2024-10-03,2,3651.56
ACC000351,retail,2024-06-22,21,2788.2
ACC000352,retail,2024-07-06,18,3161.13
ACC000353,retail,2024-02-20,27,3015.43
ACC000354,retail,2025-08-19,1,4971.02
ACC000355,retail,2021-08-26,3,1730.31
ACC000356,retail,2025-02-25,25,4017.85
ACC000357,retail,2025-11-17,28,3293.66
ACC000358,small_business,2025-07-18,8,5602.57
ACC000359,retail,2023-01-22,6,2493.46
ACC000360,retail,2024-08-27,14,3221.61
ACC000361,retail,2025-01-17,16,4807.91
ACC000362,retail,2023-10-04,16,1620.88
ACC000363,new_account,2022-03-16,7,0.0
ACC000364,retail,2025-11-07,28,5575.9
ACC000365,retail,2025-05-10,13,2903.58
ACC000366,retail,2019-08-06,2,1670.36
ACC000367,retail,2024-04-08,6,1237.04
ACC000368,retail,2025-09-24,13,3286.31
ACC000369,retail,2025-08-27,1,2378.84
ACC000370,small_business,2025-10-28,13,3866.41
ACC000371,retail,2024-11-20,9,2865.02
ACC000372,retail,2025-08-26,26,2927.09
ACC000373,retail,2025-09-19,26,3285.7
ACC000374,retail,2025-12-20,15,1806.93
ACC000375,retail,2025-04-20,10,5310.84
ACC000376,small_business,2025-10-11,14,3418.95
ACC000377,retail,2023-12-18,23,3578.51
ACC000378,retail,2024-12-04,24,3224.74
ACC000379,retail,2025-04-14,26,3958.43
ACC000380,retail,2025-11-09,18,2274.34
ACC000381,retail,2025-04-06,22,6126.48
ACC000382,retail,2025-01-18,23,4172.44
ACC000383,retail,2025-05-04,16,2296.06
ACC000384,retail,2025-12-02,5,2487.61
ACC000385,retail,2025-08-17,7,1130.54
ACC000386,retail,2023-11-07,10,2024.77
ACC000387,retail,2021-04-11,7,2924.61
ACC000388,retail,2025-03-31,2,5439.05
ACC000389,retail,2025-12-29,19,4234.18
ACC000390,retail,2025-03-16,24,2700.33
ACC000391,retail,2025-11-30,18,2269.25
ACC000392,retail,2025-11-06,2,6118.51
ACC000393,retail,2025-10-04,24,3851.96
ACC000394,retail,2025-11-18,11,5217.34
ACC000395,retail,2022-12-28,2,4315.0
ACC000396,retail,2025-02-24,2,3941.39
ACC000397,retail,2024-03-25,19,3489.08
ACC000398,retail,2024-02-27,16,5049.06
ACC000399,retail,2024-11-15,17,3226.13
ACC000400,retail,2024-07-24,28,2297.17
ACC000401,retail,2025-09-25,17,2456.38
ACC000402,new_account,2025-07-21,6,0.0
ACC000403,retail,2024-04-18,2,2952.06
ACC000404,retail,2024-08-11,17,7022.74
ACC000405,retail,2019-11-11,3,3026.62
ACC000406,retail,2024-10-02,28,3127.57
ACC000407,retail,2025-12-20,6,2689.34
ACC000408,retail,2024-07-31,3,1529.3
ACC000409,retail,2025-05-25,20,1825.65
ACC000410,new_account,2025-12-16,3,0.0
ACC000411,retail,2025-01-21,22,1659.46
ACC000412,retail,2024-08-03,28,4589.25
ACC000413,small_business,2025-05-27,8,2935.39
ACC000414,retail,2025-01-08,13,5380.93
ACC000415,retail,2025-11-06,4,5177.29
ACC000416,retail,2023-05-19,19,2391.98
ACC000417,new_account,2025-10-14,8,0.0
ACC000418,retail,2025-04-05,19,2278.68
ACC000419,retail,2023-10-06,20,4058.95
ACC000420,retail,2025-01-07,2,953.92
ACC000421,retail,2025-06-17,20,1776.02
ACC000422,retail,2025-11-06,3,4742.55
ACC000423,small_business,2025-05-05,14,3073.98
ACC000424,retail,2024-01-26,22,1784.34
ACC000425,retail,2025-09-09,19,5433.31
ACC000426,retail,2025-10-20,19,4188.46
ACC000427,retail,2024-07-17,17,2621.09
ACC000428,retail,2024-03-17,11,6841.07
ACC000429,retail,2023-10-14,9,2687.54
ACC000430,retail,2025-12-09,7,2755.79
ACC000431,retail,2022-12-25,22,3996.03
ACC000432,retail,2025-03-24,23,2886.25
ACC000433,retail,2025-10-29,11,4300.69
ACC000434,retail,2025-03-18,8,3424.1
ACC000435,retail,2024-10-19,9,4643.73
ACC000436,retail,2024-10-11,13,1966.55
ACC000437,small_business,2025-11-23,5,2322.72
ACC000438,retail,2025-10-16,22,6409.99
ACC000439,retail,2024-01-04,21,3165.82
ACC000440,retail,2024-12-13,10,3449.5
ACC000441,retail,2025-01-28,15,4638.8
ACC000442,retail,2024-10-28,11,4792.52
ACC000443,retail,2024-11-06,25,3364.57
ACC000444,new_account,2025-12-13,3,0.0
ACC000445,new_account,2025-06-07,1,0.0
ACC000446,retail,2024-05-01,15,2204.57
ACC000447,retail,2024-07-14,20,2703.59
ACC000448,retail,2024-10-18,19,4383.64
ACC000449,retail,2024-06-06,4,2646.45
ACC000450,retail,2025-11-11,3,5168.22
ACC000451,retail,2025-12-30,18,1922.71
ACC000452,retail,2024-09-13,7,1675.69
ACC000453,retail,2025-05-08,17,2308.64
ACC000454,retail,2025-12-02,9,1755.95
ACC000455,retail,2024-10-17,5,2263.66
ACC000456,retail,2023-10-28,12,7339.12
ACC000457,retail,2025-04-16,3,1709.87
ACC000458,retail,2025-03-02,8,1543.55
ACC000459,retail,2024-06-01,12,3781.6
ACC000460,small_business,2025-12-25,10,4193.82
ACC000461,retail,2025-12-29,6,4038.27
ACC000462,retail,2023-02-19,15,3335.83
ACC000463,retail,2023-01-08,27,2204.85
ACC000464,retail,2025-09-05,18,2664.39
ACC000465,retail,2025-08-08,23,3203.37
ACC000466,retail,2024-12-21,10,5202.01
ACC000467,retail,2025-08-27,20,2012.24
ACC000468,retail,2024-10-01,26,2724.79
ACC000469,retail,2025-03-10,21,2343.62
ACC000470,retail,2025-09-05,17,3387.72
ACC000471,small_business,2025-04-12,1,3260.27
ACC000472,retail,2024-11-26,22,5144.36
ACC000473,small_business,2024-12-29,27,3039.79
ACC000474,retail,2025-09-28,18,3029.75
ACC000475,retail,2025-06-04,10,1812.49
ACC000476,retail,2025-08-26,22,2259.36
ACC000477,retail,2025-05-26,4,2276.98
ACC000478,retail,2025-05-06,5,3332.9
ACC000479,retail,2025-10-20,9,3841.09
ACC000480,retail,2025-11-22,4,3517.55
ACC000481,retail,2024-11-17,4,4383.28
ACC000482,retail,2025-06-17,24,7217.11
ACC000483,retail,2025-04-02,18,2161.44
ACC000484,retail,2024-08-14,5,5742.48
ACC000485,retail,2020-10-24,9,3742.81
ACC000486,retail,2025-11-29,10,5717.91
ACC000487,retail,2023-07-18,20,2362.15
ACC000488,retail,2025-07-10,7,1986.44
ACC000489,retail,2025-03-15,23,3273.17
ACC000490,retail,2024-11-07,11,1599.81
ACC000491,retail,2025-07-29,7,4871.06
ACC000492,new_account,2024-10-25,22,0.0
ACC000493,retail,2024-07-26,21,1837.47
ACC000494,retail,2025-12-08,28,3726.9
ACC000495,retail,2024-09-20,9,3072.98
ACC000496,retail,2025-03-01,17,2851.24
ACC000497,retail,2025-07-15,16,2076.5
ACC000498,retail,2024-04-07,9,1925.76
ACC000499,new_account,2023-02-20,28,0.0
ACC000500,retail,2023-12-25,2,2626.58
ACC000501,retail,2024-12-07,3,3218.98
ACC000502,retail,2024-02-02,21,2634.25
ACC000503,retail,2024-08-26,14,2176.78
ACC000504,retail,2022-12-23,27,1750.24
ACC000505,retail,2025-08-09,9,1917.26
ACC000506,retail,2025-03-17,2,1259.97
ACC000507,small_business,2025-04-02,1,3080.14
ACC000508,retail,2023-09-13,11,2865.35
ACC000509,retail,2024-03-17,25,2281.9
ACC000510,retail,2025-06-09,5,4432.93
ACC000511,retail,2024-09-14,21,3014.75
ACC000512,retail,2024-02-10,9,2970.1
ACC000513,retail,2023-11-01,6,2951.27
ACC000514,retail,2024-06-02,24,4134.44
ACC000515,retail,2025-03-28,15,1946.82
ACC000516,retail,2025-12-04,18,2638.35
ACC000517,retail,2025-11-04,23,3049.28
ACC000518,small_business,2025-05-20,14,3684.45
ACC000519,retail,2025-03-25,18,2047.28
ACC000520,retail,2025-09-26,1,2814.01
ACC000521,retail,2024-11-07,4,2737.01
ACC000522,retail,2020-03-25,3,5411.55
ACC000523,retail,2024-09-13,23,2332.37
ACC000524,retail,2025-12-07,5,2641.26
ACC000525,retail,2019-09-30,18,3550.26
ACC000526,retail,2024-12-06,2,4799.46
ACC000527,retail,2025-05-24,27,1725.46
ACC000528,retail,2025-06-02,12,2724.65
ACC000529,retail,2024-07-21,19,2367.04
ACC000530,retail,2025-09-03,18,1057.42
ACC000531,retail,2025-11-04,5,1649.84
ACC000532,retail,2025-09-13,14,3207.81
ACC000533,new_account,2024-03-26,5,0.0
ACC000534,small_business,2025-04-09,2,3127.01
ACC000535,retail,2023-12-19,10,2019.84
ACC000536,retail,2025-04-09,12,2496.61
ACC000537,retail,2025-04-18,26,2092.42
ACC000538,retail,2025-06-15,28,5369.38
ACC000539,retail,2022-08-07,2,2741.53
ACC000540,retail,2025-08-03,12,2339.64
ACC000541,retail,2023-12-28,7,6188.23
ACC000542,retail,2023-06-18,22,7065.11
ACC000543,retail,2023-07-15,8,2339.55
ACC000544,retail,2024-12-17,22,3019.36
ACC000545,retail,2024-07-16,4,2205.33
ACC000546,retail,2024-10-02,12,2575.69
ACC000547,retail,2025-12-28,25,3209.51
ACC000548,small_business,2024-07-15,18,1739.15
ACC000549,retail,2024-05-15,28,2021.01
ACC000550,retail,2025-10-12,14,4789.98
ACC000551,retail,2025-12-24,20,3974.21
ACC000552,retail,2022-03-28,24,4440.04
ACC000553,retail,2025-06-23,5,2202.35
ACC000554,retail,2025-11-11,8,5070.92
ACC000555,retail,2025-03-05,28,3723.77
ACC000556,retail,2022-03-21,6,2304.44
ACC000557,new_account,2024-12-29,26,0.0
ACC000558,retail,2024-06-29,26,4320.54
ACC000559,retail,2024-10-31,6,2576.07
ACC000560,small_business,2025-09-22,14,2130.94
ACC000561,retail,2025-05-20,1,6785.09
ACC000562,small_business,2025-09-13,6,1917.38
ACC000563,retail,2025-10-06,24,3370.99
ACC000564,retail,2024-02-24,11,4131.08
ACC000565,retail,2023-12-14,26,2788.2
ACC000566,retail,2025-04-30,14,3337.68
ACC000567,retail,2024-07-29,26,3886.07
ACC000568,retail,2025-02-20,22,4766.6
ACC000569,new_account,2022-12-20,28,0.0
ACC000570,retail,2025-10-21,24,3497.75
ACC000571,retail,2025-09-27,26,2297.23
ACC000572,retail,2023-12-29,8,3372.92
ACC000573,retail,2025-03-23,9,5889.26
ACC000574,retail,2025-02-03,6,4029.25
ACC000575,retail,2024-06-08,26,3471.92
ACC000576,retail,2025-04-29,23,2741.86
ACC000577,retail,2025-10-02,4,2121.32
ACC000578,retail,2024-07-22,13,1847.61
ACC000579,retail,2024-04-29,28,3561.16
ACC000580,retail,2025-12-30,2,2177.74
ACC000581,small_business,2025-07-02,28,3863.44
ACC000582,retail,2025-10-29,16,3979.66
ACC000583,new_account,2025-07-02,8,0.0
ACC000584,retail,2024-08-07,7,2567.96
ACC000585,retail,2025-01-07,27,1690.29
ACC000586,retail,2025-12-31,15,1473.91
ACC000587,retail,2025-07-10,12,2390.5
ACC000588,retail,2025-12-06,10,8293.93
ACC000589,retail,2025-02-06,27,6799.48
ACC000590,retail,2024-03-19,26,4833.6
ACC000591,retail,2024-02-04,28,2148.92
ACC000592,retail,2025-07-23,8,2976.94
ACC000593,retail,2024-08-28,8,3088.26
ACC000594,retail,2025-10-30,1,5383.06
ACC000595,retail,2025-05-19,22,2883.98
ACC000596,retail,2024-07-18,7,2839.27
ACC000597,new_account,2023-01-16,13,0.0
ACC000598,retail,2025-05-28,11,4858.15
ACC000599,retail,2025-06-05,9,3762.5
ACC000600,retail,2025-06-22,28,6334.93
ACC000601,retail,2025-07-06,3,5526.43
ACC000602,retail,2025-12-22,25,3153.77
ACC000603,retail,2022-11-29,9,1469.42
ACC000604,retail,2025-05-22,12,3660.81
ACC000605,retail,2025-04-13,21,2408.89
ACC000606,retail,2025-11-29,17,2948.33
ACC000607,retail,2024-07-27,13,6056.58
ACC000608,retail,2025-10-24,22,1999.49
ACC000609,retail,2024-10-31,27,3363.43
ACC000610,small_business,2025-12-04,18,2863.9
ACC000611,retail,2025-09-10,11,2747.73
ACC000612,small_business,2025-09-09,1,4295.98
ACC000613,retail,2024-05-12,4,2161.87
ACC000614,retail,2025-04-09,9,1130.37
ACC000615,retail,2023-06-26,6,4245.51
ACC000616,retail,2024-10-22,19,3061.92
ACC000617,small_business,2025-12-11,9,3664.24
ACC000618,retail,2025-09-03,2,4095.75
ACC000619,retail,2025-02-02,4,1804.94
ACC000620,retail,2022-02-01,20,1562.35
ACC000621,retail,2025-10-28,14,4749.98
ACC000622,retail,2025-09-08,12,3229.97
ACC000623,retail,2025-11-14,24,4719.48
ACC000624,retail,2024-08-06,26,3198.95
ACC000625,retail,2025-11-28,11,2573.93
ACC000626,retail,2025-04-11,14,3549.72
ACC000627,retail,2025-06-03,20,4279.43
ACC000628,retail,2025-02-20,17,3005.86
ACC000629,retail,2025-05-01,4,2227.86
ACC000630,retail,2024-04-24,13,2302.19
ACC000631,retail,2025-07-25,19,2165.32
ACC000632,retail,2025-03-14,7,3392.19
ACC000633,retail,2023-10-07,9,2694.74
ACC000634,retail,2025-05-06,2,4243.93
ACC000635,retail,2025-04-01,23,2889.58
ACC000636,retail,2024-10-31,14,2513.56
ACC000637,retail,2022-05-07,1,4719.12
ACC000638,retail,2025-03-11,17,4305.69
ACC000639,retail,2024-11-25,26,2281.85
ACC000640,retail,2025-06-14,18,3062.98
ACC000641,retail,2024-09-12,22,4192.74
ACC000642,retail,2025-08-02,24,2607.35
ACC000643,retail,2023-07-19,24,2536.5
ACC000644,retail,2025-10-28,24,6802.26
ACC000645,retail,2023-08-29,22,1944.94
ACC000646,retail,2025-03-26,7,2887.49
ACC000647,new_account,2024-10-18,12,0.0
ACC000648,retail,2025-10-21,14,3572.24
ACC000649,retail,2025-05-23,3,4793.2
ACC000650,retail,2023-08-02,22,8398.64
ACC000651,retail,2024-07-25,11,3413.16
ACC000652,retail,2025-02-24,20,2648.74
ACC000653,retail,2025-08-04,11,5048.5
ACC000654,retail,2025-07-08,22,2843.45
ACC000655,retail,2024-01-28,28,1998.75
ACC000656,retail,2024-02-02,4,2435.94
ACC000657,retail,2025-09-14,24,2548.59
ACC000658,retail,2024-06-28,10,2061.18
ACC000659,retail,2024-12-09,17,4444.06
ACC000660,retail,2021-10-07,10,2508.28
ACC000661,retail,2025-11-09,22,1860.1
ACC000662,retail,2025-12-04,14,4793.77
ACC000663,retail,2023-11-19,11,3769.42
ACC000664,retail,2024-11-16,13,2465.23
ACC000665,retail,2025-03-20,23,1997.93
ACC000666,retail,2025-08-10,10,2273.1
ACC000667,retail,2022-12-14,18,3429.78
ACC000668,retail,2024-10-21,5,3625.24
ACC000669,retail,2023-05-27,7,3901.16
ACC000670,retail,2025-05-10,14,6373.81
ACC000671,retail,2023-10-25,22,1250.04
ACC000672,new_account,2025-11-16,13,0.0
ACC000673,retail,2025-12-15,22,4183.77
ACC000674,retail,2023-04-07,24,3959.13
ACC000675,retail,2023-05-11,6,2504.4
ACC000676,retail,2024-03-19,20,2050.47
ACC000677,retail,2025-08-22,19,4602.67
ACC000678,retail,2025-11-15,10,3452.71
ACC000679,retail,2025-09-13,13,6218.43
ACC000680,retail,2025-04-23,18,4105.06
ACC000681,retail,2025-08-12,27,1561.61
ACC000682,retail,2025-12-13,1,4359.55
ACC000683,retail,2025-10-12,10,5909.08
ACC000684,retail,2025-09-14,10,3065.67
ACC000685,retail,2024-01-20,7,4744.55
ACC000686,retail,2025-11-14,14,4403.17
ACC000687,retail,2025-01-27,26,3642.54
ACC000688,retail,2025-05-21,19,2294.73
ACC000689,retail,2024-12-29,20,1433.32
ACC000690,retail,2025-05-12,21,5681.16
ACC000691,retail,2024-09-03,11,5044.06
ACC000692,retail,2025-03-20,15,2701.53
ACC000693,retail,2024-11-05,15,2127.5
ACC000694,small_business,2024-12-30,15,3033.4
ACC000695,retail,2025-12-03,22,5872.41
ACC000696,retail,2025-07-06,7,2333.89
ACC000697,retail,2025-08-25,17,2937.12
ACC000698,new_account,2025-07-25,16,0.0
ACC000699,retail,2025-10-06,26,1632.9
ACC000700,retail,2025-03-17,26,4040.09
ACC000701,retail,2025-12-29,24,2634.15
ACC000702,retail,2025-01-27,6,2206.44
ACC000703,retail,2025-08-16,22,2796.0
ACC000704,retail,2024-12-14,3,3899.24
ACC000705,retail,2025-07-16,10,4584.35
ACC000706,retail,2024-09-04,17,3006.48
ACC000707,new_account,2025-11-06,22,0.0
ACC000708,retail,2025-06-15,21,1449.17
ACC000709,small_business,2024-08-19,20,1581.84
ACC000710,retail,2025-08-06,11,2457.19
ACC000711,retail,2025-12-08,3,3161.23
ACC000712,retail,2024-09-24,27,2677.36
ACC000713,retail,2025-07-01,25,2087.08
ACC000714,retail,2025-05-29,8,2828.49
ACC000715,retail,2025-07-10,22,3074.02
ACC000716,small_business,2024-10-17,10,1927.23
ACC000717,retail,2025-12-28,8,5241.55
ACC000718,retail,2023-04-29,26,4364.48
ACC000719,retail,2025-11-11,7,3343.75
ACC000720,small_business,2025-12-05,5,1886.56
ACC000721,retail,2025-05-27,1,3113.25
ACC000722,retail,2025-04-10,2,2393.5
ACC000723,retail,2025-02-08,8,3093.75
ACC000724,retail,2024-07-28,16,4393.07
ACC000725,retail,2025-05-22,20,3536.45
ACC000726,retail,2025-08-26,28,4448.1
ACC000727,retail,2024-04-01,25,2279.59
ACC000728,retail,2023-11-14,3,2825.04
ACC000729,retail,2025-01-17,15,4122.95
ACC000730,retail,2024-12-30,14,4505.34
ACC000731,retail,2025-10-20,21,4678.26
ACC000732,retail,2025-11-01,19,2635.39
ACC000733,retail,2025-12-22,7,4071.9
ACC000734,retail,2024-11-22,23,2380.66
ACC000735,retail,2025-08-05,23,2741.64
ACC000736,retail,2024-12-25,13,1819.4
ACC000737,new_account,2025-05-04,16,0.0
ACC000738,retail,2025-11-02,13,2351.98
ACC000739,retail,2025-12-21,8,3708.99
ACC000740,retail,2025-12-17,5,2988.63
ACC000741,retail,2025-06-19,21,2687.81
ACC000742,retail,2023-06-25,23,5650.27
ACC000743,retail,2022-08-02,1,3939.39
ACC000744,retail,2024-01-31,25,2608.35
ACC000745,new_account,2025-08-18,28,0.0
ACC000746,small_business,2025-06-18,25,1590.25
ACC000747,retail,2025-10-27,4,1899.4
ACC000748,retail,2025-02-23,25,3847.66
ACC000749,retail,2025-08-10,14,3642.18
ACC000750,retail,2025-10-07,8,2787.06
ACC000751,retail,2022-04-15,6,2468.0
ACC000752,retail,2025-07-15,26,1940.89
ACC000753,retail,2024-12-04,23,3280.33
ACC000754,retail,2025-06-10,17,4630.33
ACC000755,retail,2025-10-04,15,6524.63
ACC000756,retail,2025-12-16,2,8584.7
ACC000757,retail,2022-05-12,18,1634.04
ACC000758,small_business,2024-08-07,8,4602.31
ACC000759,retail,2024-04-16,28,3100.11
ACC000760,retail,2024-04-09,4,3822.38
ACC000761,small_business,2025-10-29,15,2571.27
ACC000762,retail,2021-08-30,5,4677.04
ACC000763,retail,2025-06-27,26,2920.3
ACC000764,retail,2025-10-03,15,2348.98
ACC000765,retail,2025-04-05,22,5165.59
ACC000766,retail,2023-10-22,17,2916.22
ACC000767,retail,2024-06-02,18,3341.66
ACC000768,retail,2022-08-01,20,2754.7
ACC000769,retail,2025-05-15,11,2805.93
ACC000770,retail,2023-07-22,25,3779.79
ACC000771,retail,2023-02-23,15,919.51
ACC000772,retail,2025-04-17,20,4673.41
ACC000773,retail,2025-11-05,27,4354.7
ACC000774,retail,2025-07-08,24,2319.98
ACC000775,retail,2022-07-19,17,4208.9
ACC000776,retail,2019-04-17,14,4364.46
ACC000777,retail,2025-12-27,27,3660.06
ACC000778,retail,2024-01-14,18,2306.32
ACC000779,retail,2024-05-25,15,3543.14
ACC000780,retail,2024-05-30,6,3430.9
ACC000781,retail,2025-04-09,24,4573.62
ACC000782,retail,2025-06-06,28,2275.44
ACC000783,retail,2025-11-15,16,2813.52
ACC000784,retail,2022-10-09,15,1397.66
ACC000785,retail,2025-03-30,9,3246.45
ACC000786,retail,2024-08-28,25,1567.09
ACC000787,retail,2025-08-23,8,2197.14
ACC000788,retail,2023-02-07,27,4153.85
ACC000789,retail,2025-04-18,21,2758.58
ACC000790,retail,2024-11-18,9,3053.28
ACC000791,retail,2024-11-10,25,3330.74
ACC000792,retail,2023-08-07,25,890.87
ACC000793,retail,2024-12-05,17,3208.44
ACC000794,retail,2024-09-29,16,4116.87
ACC000795,retail,2024-03-21,21,2019.45
ACC000796,retail,2025-03-14,8,3487.59
ACC000797,retail,2025-04-02,9,2431.87
ACC000798,retail,2025-11-05,15,2417.2
ACC000799,retail,2025-08-02,3,3168.27
ACC000800,retail,2025-03-21,23,2614.54
ACC000801,retail,2025-12-31,10,3171.87
ACC000802,retail,2024-07-10,8,2291.02
ACC000803,retail,2025-08-28,9,2639.94
ACC000804,retail,2025-08-04,11,3311.06
ACC000805,retail,2023-05-15,11,3220.96
ACC000806,retail,2022-05-12,18,3314.77
ACC000807,retail,2025-06-19,3,2361.13
ACC000808,retail,2024-09-02,5,4385.94
ACC000809,small_business,2024-06-08,5,4887.58
ACC000810,small_business,2024-09-04,8,2328.41
ACC000811,retail,2024-11-14,13,2626.93
ACC000812,retail,2025-07-07,23,2981.59
ACC000813,retail,2025-05-02,5,3791.37
ACC000814,retail,2025-07-02,23,2432.67
ACC000815,retail,2025-05-31,7,2809.85
ACC000816,retail,2023-12-04,3,3823.35
ACC000817,retail,2023-09-06,14,1890.25
ACC000818,retail,2024-10-05,14,1601.18
ACC000819,retail,2024-11-06,11,4134.64
ACC000820,retail,2025-08-03,18,1852.4
ACC000821,retail,2025-10-05,15,5750.66
ACC000822,retail,2025-08-19,14,2397.91
ACC000823,retail,2025-03-17,2,2793.03
ACC000824,retail,2024-01-11,7,2720.47
ACC000825,retail,2025-06-08,27,2002.72
ACC000826,retail,2025-01-05,14,2958.08
ACC000827,small_business,2025-03-15,13,2683.41
ACC000828,retail,2025-08-05,25,3968.54
ACC000829,retail,2021-12-01,19,3972.99
ACC000830,retail,2025-12-26,23,3901.61
ACC000831,retail,2025-08-31,1,3777.15
ACC000832,retail,2025-08-16,28,3104.92
ACC000833,retail,2025-06-30,25,5539.21
ACC000834,retail,2025-08-12,19,3184.03
ACC000835,retail,2025-12-23,13,3042.26
ACC000836,retail,2024-04-30,16,2726.35
ACC000837,retail,2025-08-10,1,5409.68
ACC000838,retail,2025-09-20,12,2860.35
ACC000839,retail,2025-04-20,10,1544.92
ACC000840,retail,2022-07-15,25,3005.97
ACC000841,small_business,2025-12-01,13,3269.13
ACC000842,retail,2025-09-21,28,2565.53
ACC000843,retail,2024-05-03,27,2625.2
ACC000844,retail,2025-10-30,14,3638.36
ACC000845,retail,2024-10-10,18,4703.49
ACC000846,retail,2025-07-16,24,2714.58
ACC000847,retail,2023-08-02,24,3592.28
ACC000848,retail,2025-12-07,18,2134.4
ACC000849,retail,2022-07-14,26,6876.16
ACC000850,retail,2025-09-13,20,6697.18
ACC000851,retail,2025-08-26,8,2989.08
ACC000852,retail,2025-04-30,16,1230.6
ACC000853,retail,2025-10-21,8,5504.79
ACC000854,retail,2025-09-30,9,2510.66
ACC000855,small_business,2025-10-06,14,3772.23
ACC000856,small_business,2020-03-28,16,1573.02
ACC000857,retail,2025-01-06,1,3586.27
ACC000858,retail,2024-12-08,13,3534.6
ACC000859,retail,2025-10-23,11,3003.88
ACC000860,retail,2024-08-13,22,3975.49
ACC000861,retail,2025-10-22,22,1777.02
ACC000862,retail,2024-05-21,26,2630.1
ACC000863,retail,2025-07-09,13,2980.11
ACC000864,small_business,2025-09-20,24,1807.75
ACC000865,retail,2023-12-10,6,3796.39
ACC000866,retail,2025-11-22,27,2503.17
ACC000867,retail,2024-10-24,15,2903.14
ACC000868,retail,2025-08-18,5,4014.53
ACC000869,new_account,2025-12-14,20,0.0
ACC000870,retail,2025-06-30,18,2772.52
ACC000871,retail,2024-06-19,1,1412.88
ACC000872,retail,2025-09-08,13,4460.45
ACC000873,retail,2025-07-08,19,1836.34
ACC000874,retail,2023-04-06,19,3993.03
ACC000875,retail,2025-03-25,22,2533.07
ACC000876,small_business,2025-01-18,1,3922.67
ACC000877,retail,2025-01-19,3,5692.39
ACC000878,retail,2025-07-11,21,3108.02
ACC000879,retail,2022-10-19,14,2763.77
ACC000880,retail,2025-04-18,5,4309.86
ACC000881,retail,2025-10-02,28,1806.31
ACC000882,retail,2023-11-21,15,3447.67
ACC000883,retail,2025-12-03,6,1051.86
ACC000884,retail,2024-01-10,2,3227.87
ACC000885,retail,2024-09-15,9,3913.1
ACC000886,retail,2023-09-20,13,4803.03
ACC000887,retail,2025-08-22,11,2436.52
ACC000888,retail,2024-05-31,7,2885.32
ACC000889,retail,2025-05-31,15,2274.96
ACC000890,new_account,2025-09-21,11,0.0
ACC000891,retail,2025-08-10,11,3021.96
ACC000892,retail,2026-01-01,25,3911.79
ACC000893,retail,2023-12-09,13,1882.74
ACC000894,retail,2025-08-10,9,4806.11
ACC000895,retail,2025-10-13,25,2013.31
ACC000896,retail,2023-06-18,27,2347.24
ACC000897,retail,2024-10-26,14,5265.59
ACC000898,retail,2025-02-21,9,2138.42
ACC000899,retail,2025-01-16,27,3673.89
ACC000900,small_business,2025-12-15,3,3866.79
ACC000901,retail,2024-08-18,16,1633.97
ACC000902,retail,2025-11-19,1,6622.76
ACC000903,retail,2023-01-17,24,10341.99
ACC000904,retail,2024-09-11,18,2622.11
ACC000905,small_business,2024-09-14,2,6112.46
ACC000906,retail,2023-11-02,12,4169.6
ACC000907,retail,2025-07-16,8,2328.78
ACC000908,retail,2021-10-18,21,3553.9
ACC000909,retail,2025-02-05,3,4070.72
ACC000910,small_business,2025-04-02,25,1926.23
ACC000911,retail,2024-07-20,21,2553.35
ACC000912,retail,2025-12-22,2,1624.33
ACC000913,retail,2024-02-22,25,2584.24
ACC000914,retail,2022-04-08,1,2989.39
ACC000915,retail,2023-10-30,8,2289.0
ACC000916,retail,2024-03-29,7,1259.74
ACC000917,retail,2023-10-23,27,4623.29
ACC000918,retail,2025-08-06,1,3933.92
ACC000919,retail,2024-04-04,20,2548.33
ACC000920,retail,2024-12-05,5,4840.52
ACC000921,small_business,2025-12-28,8,3309.33
ACC000922,retail,2025-12-11,5,1464.85
ACC000923,retail,2025-07-11,16,3510.32
ACC000924,retail,2025-07-23,22,2317.62
ACC000925,retail,2024-04-29,4,5505.44
ACC000926,retail,2025-05-20,19,1907.2
ACC000927,retail,2025-06-28,7,4886.95
ACC000928,small_business,2024-11-17,15,4660.88
ACC000929,retail,2025-05-30,23,5320.91
ACC000930,retail,2025-11-20,9,2027.37
ACC000931,retail,2021-09-12,25,2032.74
ACC000932,retail,2025-03-15,12,2718.51
ACC000933,retail,2024-09-01,6,2059.68
ACC000934,retail,2025-07-15,20,1638.26
ACC000935,retail,2025-04-13,20,2298.45
ACC000936,retail,2025-08-19,24,3238.63
ACC000937,retail,2025-11-30,23,3064.8
ACC000938,retail,2022-09-10,4,2395.45
ACC000939,retail,2024-12-07,25,2674.02
ACC000940,retail,2025-08-30,27,4123.92
ACC000941,retail,2024-12-21,6,1883.14
ACC000942,retail,2025-08-28,10,4478.59
ACC000943,small_business,2025-11-18,4,3322.92
ACC000944,retail,2022-10-31,19,3716.7
ACC000945,retail,2025-01-12,1,3416.03
ACC000946,retail,2024-10-03,10,2719.61
ACC000947,retail,2025-09-07,19,2929.56
ACC000948,retail,2022-07-17,22,4673.86
ACC000949,retail,2024-10-12,13,2608.08
ACC000950,new_account,2025-11-20,13,0.0
ACC000951,retail,2025-05-19,23,3262.09
ACC000952,small_business,2025-05-19,7,2571.36
ACC000953,retail,2025-05-19,3,6001.91
ACC000954,retail,2025-09-13,19,5180.11
ACC000955,retail,2025-11-24,23,3353.26
ACC000956,retail,2025-12-27,27,2714.16
ACC000957,retail,2025-09-27,21,2066.32
ACC000958,retail,2025-05-01,8,2137.24
ACC000959,retail,2024-12-24,4,2363.69
ACC000960,small_business,2024-01-03,23,3280.54
ACC000961,retail,2024-02-09,25,3072.92
ACC000962,retail,2024-12-14,10,4012.11
ACC000963,retail,2024-07-15,28,2196.64
ACC000964,retail,2023-03-24,22,3026.54
ACC000965,retail,2025-02-26,20,2176.79
ACC000966,retail,2024-10-19,26,1715.71
ACC000967,retail,2025-05-04,4,1745.08
ACC000968,retail,2025-05-23,26,3933.04
ACC000969,retail,2024-11-08,19,2392.7
ACC000970,retail,2025-12-24,26,4204.18
ACC000971,retail,2025-03-28,2,2964.5
ACC000972,small_business,2025-11-18,12,2262.24
ACC000973,retail,2025-06-05,18,1803.34
ACC000974,retail,2025-10-24,14,4126.9
ACC000975,retail,2025-10-11,22,4089.38
ACC000976,retail,2024-09-26,12,3415.3
ACC000977,retail,2025-08-18,3,1931.28
ACC000978,retail,2025-03-01,17,2142.73
ACC000979,retail,2025-07-11,21,3614.64
ACC000980,retail,2023-04-27,11,3710.44
ACC000981,small_business,2025-07-27,1,3085.16
ACC000982,small_business,2023-09-18,28,1226.94
ACC000983,retail,2025-06-16,14,3197.37
ACC000984,retail,2023-11-10,27,9838.94
ACC000985,retail,2024-01-05,16,3526.42
ACC000986,retail,2024-12-20,4,3799.94
ACC000987,retail,2024-10-11,14,3722.7
ACC000988,retail,2025-11-12,12,2064.26
ACC000989,retail,2026-01-01,21,4404.26
ACC000990,retail,2025-10-23,27,4304.35
ACC000991,retail,2025-12-25,15,2244.34
ACC000992,retail,2025-09-23,23,1801.9
ACC000993,retail,2024-12-23,5,1718.06
ACC000994,retail,2022-06-25,14,2378.18
ACC000995,retail,2025-02-10,6,1580.67
ACC000996,retail,2024-09-12,24,1405.33
ACC000997,retail,2025-10-18,17,1038.67
ACC000998,retail,2024-11-28,21,2984.99
ACC000999,retail,2025-11-13,9,2058.7
ACC001000,retail,2025-11-01,20,3301.57
ACC001001,retail,2025-10-01,26,4202.27
ACC001002,retail,2025-03-24,18,2713.93
ACC001003,retail,2025-12-25,25,8504.22
ACC001004,retail,2024-09-22,16,1910.68
ACC001005,retail,2025-12-28,15,3335.09
ACC001006,retail,2024-02-12,14,6023.65
ACC001007,retail,2025-04-11,27,4622.02
ACC001008,retail,2025-10-12,24,2320.94
ACC001009,retail,2023-08-29,19,2164.59
ACC001010,retail,2024-03-22,9,2906.17
ACC001011,small_business,2025-10-03,11,4185.46
ACC001012,small_business,2025-12-05,28,1213.48
ACC001013,retail,2025-12-02,8,4817.6
ACC001014,retail,2019-07-29,27,2448.52
ACC001015,retail,2025-07-31,3,2311.97
ACC001016,retail,2025-12-04,9,1852.21
ACC001017,retail,2025-04-27,15,4267.68
ACC001018,retail,2025-12-29,8,4963.91
ACC001019,retail,2024-10-25,25,2750.13
ACC001020,retail,2024-05-19,15,2973.19
ACC001021,retail,2025-12-05,19,3579.26
ACC001022,retail,2024-06-23,20,5336.52
ACC001023,retail,2025-03-16,22,3511.87
ACC001024,retail,2024-07-08,13,2112.37
ACC001025,retail,2025-10-07,11,3356.42
ACC001026,small_business,2024-06-12,1,3587.73
ACC001027,retail,2024-11-03,16,3217.16
ACC001028,retail,2025-10-25,28,4343.88
ACC001029,retail,2024-08-15,11,2123.77
ACC001030,retail,2025-09-13,6,2296.55
ACC001031,retail,2025-05-25,16,2999.64
ACC001032,retail,2025-11-30,7,4276.59
ACC001033,retail,2025-06-22,12,3656.7
ACC001034,retail,2025-08-28,26,4501.8
ACC001035,retail,2025-09-01,9,3193.06
ACC001036,retail,2025-08-29,11,3719.34
ACC001037,retail,2024-09-14,9,3587.76
ACC001038,retail,2024-10-25,20,1725.28
ACC001039,retail,2024-05-09,23,2255.87
ACC001040,retail,2024-09-08,9,3762.39
ACC001041,retail,2025-05-20,18,3428.44
ACC001042,retail,2024-10-19,1,1594.12
ACC001043,retail,2023-07-04,17,2612.91
ACC001044,small_business,2019-11-30,7,3994.8
ACC001045,retail,2023-12-18,3,3596.47
ACC001046,retail,2025-11-23,8,1612.87
ACC001047,new_account,2025-07-27,24,0.0
ACC001048,retail,2024-03-15,14,1984.91
ACC001049,retail,2025-07-07,16,2703.68
ACC001050,retail,2025-02-01,18,4594.92
ACC001051,retail,2025-12-27,25,1763.6
ACC001052,retail,2024-12-07,8,3479.78
ACC001053,retail,2024-12-06,23,4611.89
ACC001054,retail,2025-01-13,16,3158.82
ACC001055,retail,2025-05-13,21,3009.6
ACC001056,retail,2025-06-18,23,3640.75
ACC001057,small_business,2023-02-08,16,1703.22
ACC001058,retail,2025-03-07,15,3828.4
ACC001059,retail,2025-12-11,26,4247.53
ACC001060,retail,2024-10-09,1,1951.66
ACC001061,small_business,2025-10-20,3,5391.97
ACC001062,retail,2024-09-19,10,4467.5
ACC001063,retail,2025-10-26,8,5097.93
ACC001064,retail,2025-01-01,13,3733.69
ACC001065,retail,2024-10-18,23,2096.6
ACC001066,retail,2025-10-19,8,5550.62
ACC001067,retail,2024-03-23,10,4194.76
ACC001068,small_business,2025-02-28,22,1083.74
ACC001069,retail,2025-01-26,19,2647.46
ACC001070,retail,2023-03-22,12,6016.07
ACC001071,retail,2025-12-11,16,5592.65
ACC001072,retail,2025-05-26,18,3222.81
ACC001073,retail,2023-08-28,17,2201.04
ACC001074,retail,2025-09-29,12,3834.57
ACC001075,retail,2024-03-23,14,2160.89
ACC001076,new_account,2025-12-20,24,0.0
ACC001077,retail,2024-12-08,18,2941.15
ACC001078,retail,2025-12-07,11,3575.63
ACC001079,retail,2025-12-05,12,2745.33
ACC001080,retail,2025-09-29,23,2211.37
ACC001081,retail,2025-04-23,15,2449.25
ACC001082,retail,2025-10-30,9,2659.92
ACC001083,new_account,2024-06-11,10,0.0
ACC001084,small_business,2025-05-15,9,4229.36
ACC001085,retail,2025-08-12,8,2298.69
ACC001086,retail,2025-11-07,4,2190.76
ACC001087,retail,2025-12-07,24,1775.0
ACC001088,retail,2024-03-10,7,2527.03
ACC001089,retail,2025-10-26,11,2057.65
ACC001090,retail,2025-04-11,4,3749.03
ACC001091,retail,2025-11-03,24,1459.21
ACC001092,retail,2025-03-26,18,3428.64
ACC001093,retail,2025-04-09,25,1994.96
ACC001094,retail,2025-04-30,23,4299.08
ACC001095,retail,2025-05-30,6,2392.71
ACC001096,retail,2024-08-03,7,6204.45
ACC001097,retail,2023-11-01,7,4128.46
ACC001098,retail,2025-02-27,24,2666.3
ACC001099,retail,2025-04-08,16,4179.99
ACC001100,retail,2025-04-05,9,4908.66
ACC001101,retail,2023-11-08,24,2907.93
ACC001102,retail,2025-07-26,19,5570.03
ACC001103,retail,2025-10-06,25,2671.52
ACC001104,small_business,2025-10-16,17,6384.67
ACC001105,retail,2024-11-14,20,5712.34
ACC001106,retail,2025-02-14,10,5381.78
ACC001107,retail,2025-01-28,4,1868.49
ACC001108,retail,2025-08-24,27,2337.53
ACC001109,retail,2025-08-20,7,2402.71
ACC001110,small_business,2022-03-02,10,1916.11
ACC001111,retail,2024-04-02,8,3255.88
ACC001112,retail,2025-11-26,12,4778.54
ACC001113,retail,2025-10-16,6,3221.63
ACC001114,retail,2025-09-24,10,3510.25
ACC001115,retail,2025-09-01,1,2635.63
ACC001116,retail,2023-10-06,23,3692.01
ACC001117,retail,2025-10-28,18,4873.62
ACC001118,retail,2025-07-12,5,2944.15
ACC001119,small_business,2025-12-16,9,2071.7
ACC001120,retail,2025-09-30,2,3350.54
ACC001121,retail,2025-04-25,2,2765.75
ACC001122,retail,2025-10-26,18,993.27
ACC001123,retail,2017-07-18,10,2440.87
ACC001124,retail,2025-06-13,23,2555.47
ACC001125,retail,2025-10-02,5,3474.46
ACC001126,retail,2025-03-22,21,4053.28
ACC001127,retail,2025-03-29,28,3249.18
ACC001128,retail,2025-12-18,25,1295.12
ACC001129,retail,2025-10-23,16,5942.46
ACC001130,retail,2025-05-08,4,2373.37
ACC001131,retail,2025-08-23,28,3400.93
ACC001132,retail,2025-06-24,1,2489.89
ACC001133,retail,2025-11-09,19,4928.84
ACC001134,retail,2025-09-15,10,3921.4
ACC001135,small_business,2025-06-20,16,6244.42
ACC001136,retail,2025-12-25,16,3100.22
ACC001137,retail,2025-09-17,15,5005.78
ACC001138,retail,2025-12-20,11,3092.39
ACC001139,small_business,2025-08-31,6,3297.42
ACC001140,retail,2024-10-05,2,4220.3
ACC001141,small_business,2023-08-21,9,2484.39
ACC001142,retail,2025-08-25,28,4231.95
ACC001143,new_account,2025-08-05,16,0.0
ACC001144,retail,2025-11-30,4,5372.61
ACC001145,retail,2025-09-02,27,4440.97
ACC001146,small_business,2025-10-11,3,2473.53
ACC001147,retail,2023-02-11,13,3393.52
ACC001148,retail,2022-03-26,16,1883.57
ACC001149,retail,2025-03-29,3,2766.23
ACC001150,retail,2024-06-24,19,1552.79
ACC001151,retail,2025-01-22,21,2039.45
ACC001152,retail,2023-08-22,22,5996.58
ACC001153,retail,2023-05-18,2,4694.97
ACC001154,retail,2025-10-09,5,1915.02
ACC001155,retail,2025-07-18,5,4862.14
ACC001156,retail,2024-07-19,26,2687.75
ACC001157,retail,2025-08-19,19,1387.28
ACC001158,retail,2025-05-19,10,2900.23
ACC001159,retail,2025-11-13,3,4292.16
ACC001160,retail,2024-07-22,8,3109.76
ACC001161,retail,2023-01-25,4,3313.0
ACC001162,retail,2023-07-02,18,4958.91
ACC001163,retail,2025-07-27,25,2838.17
ACC001164,retail,2025-04-27,14,3094.4
ACC001165,retail,2021-09-08,20,5467.4
ACC001166,retail,2024-10-28,20,3792.75
ACC001167,retail,2025-11-19,26,3304.7
ACC001168,retail,2022-12-14,20,1814.01
ACC001169,retail,2021-07-03,8,1389.75
ACC001170,retail,2025-12-11,25,2112.96
ACC001171,retail,2025-05-02,17,3724.25
ACC001172,retail,2025-01-22,13,1747.27
ACC001173,retail,2024-02-08,15,2871.37
ACC001174,retail,2025-07-05,15,5066.06
ACC001175,retail,2025-07-26,10,1623.37
ACC001176,retail,2025-09-23,28,960.2
ACC001177,retail,2024-03-12,19,2528.62
ACC001178,retail,2025-08-10,14,4729.43
ACC001179,small_business,2025-11-12,10,3216.89
ACC001180,retail,2025-12-19,19,3567.74
ACC001181,retail,2025-06-06,20,3573.87
ACC001182,new_account,2025-02-05,2,0.0
ACC001183,retail,2025-12-04,20,2012.4
ACC001184,retail,2025-11-13,24,3805.06
ACC001185,retail,2025-12-01,4,3174.13
ACC001186,retail,2025-02-16,25,4739.23
ACC001187,retail,2024-12-19,7,2605.81
ACC001188,retail,2025-09-06,21,2656.01
ACC001189,retail,2024-10-08,7,2178.73
ACC001190,retail,2025-12-03,9,1842.98
ACC001191,retail,2024-01-30,22,2544.6
ACC001192,retail,2025-05-29,3,1626.54
ACC001193,retail,2024-07-25,6,3390.18
ACC001194,small_business,2025-09-24,8,3262.03
ACC001195,retail,2025-06-09,6,3932.73
ACC001196,retail,2025-03-04,18,2223.39
ACC001197,retail,2024-02-06,3,6168.59
ACC001198,retail,2024-01-17,6,4818.47
ACC001199,retail,2025-06-25,1,3153.11
ACC001200,small_business,2025-09-08,14,2914.24
ACC001201,retail,2025-08-07,15,4854.15
ACC001202,retail,2025-07-28,23,2870.43
ACC001203,retail,2025-07-16,20,3525.73
ACC001204,retail,2024-03-18,16,2830.46
ACC001205,retail,2025-08-31,10,3759.13
ACC001206,new_account,2025-12-22,2,0.0
ACC001207,retail,2024-10-28,8,2226.44
ACC001208,small_business,2025-10-14,10,3444.61
ACC001209,retail,2025-09-23,23,3569.72
ACC001210,retail,2025-10-24,10,1411.03
ACC001211,retail,2025-05-30,23,3482.8
ACC001212,retail,2025-06-16,28,3296.41
ACC001213,retail,2025-12-26,15,4534.56
ACC001214,retail,2025-09-17,3,5780.02
ACC001215,retail,2024-01-12,22,3628.17
ACC001216,small_business,2025-05-29,8,2583.21
ACC001217,retail,2025-12-16,9,1388.89
ACC001218,retail,2025-01-16,26,5050.9
ACC001219,retail,2024-04-22,26,2876.43
ACC001220,retail,2025-06-13,21,2936.49
ACC001221,new_account,2025-02-21,19,0.0
ACC001222,retail,2024-08-25,22,3602.52
ACC001223,retail,2025-02-16,26,2678.32
ACC001224,retail,2025-05-24,7,3543.62
ACC001225,retail,2025-09-21,14,3597.58
ACC001226,retail,2023-02-01,4,2851.88
ACC001227,retail,2023-10-06,18,2082.54
ACC001228,retail,2025-09-29,8,931.88
ACC001229,retail,2025-06-15,21,2565.92
ACC001230,retail,2025-10-23,5,5071.83
ACC001231,retail,2025-10-27,9,3378.79
ACC001232,retail,2025-08-30,27,1878.55
ACC001233,retail,2025-12-09,5,1479.22
ACC001234,retail,2025-06-17,3,2042.03
ACC001235,retail,2025-09-03,2,3802.06
ACC001236,retail,2023-07-12,6,1996.42
ACC001237,retail,2025-09-13,26,2206.2
ACC001238,retail,2024-02-02,10,4408.85
ACC001239,retail,2025-10-26,20,3673.34
ACC001240,retail,2025-07-07,24,1846.94
ACC001241,retail,2020-08-19,27,4261.94
ACC001242,retail,2021-02-13,19,4260.67
ACC001243,retail,2025-08-18,10,6197.17
ACC001244,retail,2024-12-11,15,1613.21
ACC001245,retail,2025-02-03,4,1405.29
ACC001246,retail,2025-10-03,15,3210.14
ACC001247,retail,2025-02-11,23,3533.97
ACC001248,retail,2025-12-26,10,2036.67
ACC001249,retail,2025-09-07,23,2273.79
ACC001250,retail,2025-11-19,13,4273.38
ACC001251,retail,2024-10-07,9,3570.6
ACC001252,retail,2024-12-28,17,4000.8
ACC001253,retail,2025-08-25,18,6079.75
ACC001254,retail,2025-09-21,16,1958.52
ACC001255,retail,2024-07-01,15,4035.95
ACC001256,retail,2025-12-08,3,3339.25
ACC001257,retail,2025-12-14,20,2007.91
ACC001258,retail,2025-07-18,2,4071.39
ACC001259,retail,2025-04-26,14,2934.79
ACC001260,retail,2025-11-28,24,1942.36
ACC001261,retail,2025-10-17,11,6403.29
ACC001262,retail,2024-10-22,20,3209.54
ACC001263,retail,2025-03-30,9,4337.99
ACC001264,retail,2025-11-25,1,1529.29
ACC001265,small_business,2025-06-07,3,4552.77
ACC001266,retail,2024-08-18,8,3266.91
ACC001267,retail,2023-06-24,22,1417.77
ACC001268,retail,2024-10-07,27,3453.17
ACC001269,retail,2026-01-01,28,3162.87
ACC001270,retail,2025-09-25,19,4791.96
ACC001271,retail,2025-12-26,19,5295.08
ACC001272,retail,2025-07-29,1,3890.01
ACC001273,retail,2025-11-05,25,6480.07
ACC001274,retail,2024-01-20,22,3270.11
ACC001275,retail,2025-06-10,27,3860.67
ACC001276,retail,2024-05-06,9,2066.25
ACC001277,retail,2025-12-27,19,5126.49
ACC001278,retail,2023-12-02,2,3077.4
ACC001279,retail,2025-11-27,25,3720.54
ACC001280,retail,2025-06-24,25,1596.23
ACC001281,retail,2025-11-23,6,5439.09
ACC001282,retail,2025-11-22,16,5257.51
ACC001283,retail,2020-01-26,17,1101.99
ACC001284,retail,2024-03-03,21,1839.39
ACC001285,retail,2024-10-12,15,1938.9
ACC001286,retail,2025-08-03,9,3413.25
ACC001287,retail,2025-01-21,6,2048.43
ACC001288,retail,2024-09-06,19,3687.86
ACC001289,retail,2024-07-26,14,3444.95
ACC001290,retail,2025-10-11,21,6866.56
ACC001291,retail,2025-10-06,27,1986.43
ACC001292,retail,2022-05-19,16,2917.37
ACC001293,retail,2025-02-24,3,2012.39
ACC001294,retail,2025-12-09,16,3224.24
ACC001295,retail,2025-09-17,12,2076.36
ACC001296,retail,2024-02-15,14,2978.09
ACC001297,retail,2025-09-07,11,2354.99
ACC001298,retail,2024-12-17,11,5630.4
ACC001299,retail,2024-11-18,22,3750.44
ACC001300,retail,2025-10-09,4,3645.01
ACC001301,retail,2023-05-08,28,6115.27
ACC001302,retail,2025-08-03,6,1977.23
ACC001303,retail,2025-06-14,11,4875.61
ACC001304,retail,2025-05-04,14,3911.09
ACC001305,retail,2025-11-11,23,2822.0
ACC001306,retail,2022-03-10,16,2350.72
ACC001307,retail,2025-03-25,10,2789.86
ACC001308,retail,2024-10-29,22,1879.32
ACC001309,retail,2023-08-26,13,1517.87
ACC001310,retail,2025-06-20,27,2244.84
ACC001311,retail,2025-12-07,25,6511.36
ACC001312,retail,2022-11-30,18,3498.86
ACC001313,retail,2025-04-17,2,3141.41
ACC001314,retail,2025-01-18,15,1520.72
ACC001315,retail,2025-06-17,3,1979.08
ACC001316,retail,2024-07-20,11,7087.04
ACC001317,retail,2025-01-22,9,4799.27
ACC001318,retail,2024-03-23,11,2150.62
ACC001319,retail,2023-05-23,4,3075.61
ACC001320,retail,2025-08-14,25,2894.05
ACC001321,retail,2025-01-04,13,2892.09
ACC001322,retail,2022-12-06,28,3649.1
ACC001323,retail,2025-11-29,17,5408.06
ACC001324,retail,2024-11-30,27,3628.49
ACC001325,retail,2022-11-27,1,3743.98
ACC001326,retail,2023-09-22,22,3548.89
ACC001327,retail,2022-12-29,28,1082.58
ACC001328,retail,2025-04-14,18,2275.66
ACC001329,retail,2024-11-14,15,2537.08
ACC001330,retail,2025-12-10,14,4172.6
ACC001331,retail,2025-09-26,2,3239.33
ACC001332,retail,2025-12-13,7,3534.54
ACC001333,retail,2025-07-11,17,3523.75
ACC001334,retail,2025-02-12,12,3560.58
ACC001335,retail,2025-01-01,20,4631.0
ACC001336,retail,2022-07-14,25,7398.07
ACC001337,retail,2024-12-04,16,4254.0
ACC001338,retail,2025-10-12,21,3159.62
ACC001339,retail,2025-03-11,15,2331.7
ACC001340,retail,2024-10-19,25,2850.92
ACC001341,retail,2025-10-12,2,2160.32
ACC001342,retail,2025-06-20,7,2832.57
ACC001343,retail,2025-04-12,9,2382.15
ACC001344,retail,2024-01-02,18,3003.48
ACC001345,retail,2025-12-03,5,1865.6
ACC001346,retail,2025-02-02,10,3173.78
ACC001347,small_business,2025-12-13,15,4489.12
ACC001348,retail,2025-12-14,23,3197.47
ACC001349,retail,2025-12-14,16,1746.4
ACC001350,small_business,2023-12-25,4,2485.38
ACC001351,retail,2025-11-08,1,2731.32
ACC001352,retail,2025-03-15,21,2237.68
ACC001353,new_account,2024-09-27,20,0.0
ACC001354,small_business,2025-11-01,26,1783.2
ACC001355,retail,2025-02-12,8,4728.84
ACC001356,retail,2025-04-07,23,5190.26
ACC001357,retail,2025-12-23,6,1989.74
ACC001358,retail,2022-07-25,10,2425.79
ACC001359,retail,2024-07-29,18,2059.41
ACC001360,retail,2025-11-22,1,1573.35
ACC001361,retail,2024-04-03,18,3657.74
ACC001362,retail,2023-03-16,14,6464.38
ACC001363,retail,2025-08-23,3,4780.29
ACC001364,new_account,2025-09-13,8,0.0
ACC001365,retail,2024-01-22,27,2319.43
ACC001366,retail,2025-06-12,4,3392.05
ACC001367,retail,2024-03-30,15,2909.1
ACC001368,retail,2024-07-25,4,5912.45
ACC001369,retail,2024-03-20,21,1481.7
ACC001370,retail,2025-12-08,27,2168.47
ACC001371,retail,2025-02-17,5,3532.49
ACC001372,retail,2025-03-14,16,2025.83
ACC001373,retail,2025-10-24,23,5719.67
ACC001374,small_business,2023-09-08,10,2362.05
ACC001375,retail,2025-04-12,17,1863.94
ACC001376,retail,2025-07-08,23,5426.08
ACC001377,retail,2025-04-21,9,6267.17
ACC001378,retail,2025-01-29,14,3911.12
ACC001379,retail,2025-07-10,27,2153.91
ACC001380,retail,2025-02-04,16,4237.66
ACC001381,retail,2024-04-05,16,1937.3
ACC001382,retail,2024-12-21,8,1910.97
ACC001383,retail,2025-05-29,15,2938.54
ACC001384,retail,2025-03-19,18,1427.91
ACC001385,retail,2025-12-23,5,2942.71
ACC001386,retail,2022-11-23,13,2849.07
ACC001387,retail,2024-12-04,7,1772.8
ACC001388,retail,2025-06-06,20,4373.66
ACC001389,retail,2025-12-23,17,3043.2
ACC001390,retail,2025-01-22,24,3260.83
ACC001391,retail,2025-05-22,5,4279.57
ACC001392,retail,2023-05-01,28,1793.59
ACC001393,retail,2025-10-05,3,3343.53
ACC001394,retail,2025-08-08,9,6973.75
ACC001395,retail,2024-12-15,25,5077.3
ACC001396,retail,2025-11-26,26,3067.14
ACC001397,retail,2025-08-21,28,1776.85
ACC001398,retail,2024-03-04,14,4570.38
ACC001399,small_business,2025-12-24,11,3795.79
ACC001400,retail,2023-08-16,26,7490.98
ACC001401,retail,2024-10-04,17,1649.49
ACC001402,small_business,2019-08-30,9,2019.59
ACC001403,retail,2025-12-12,27,4459.77
ACC001404,retail,2023-07-06,1,2143.99
ACC001405,retail,2023-11-10,10,2235.8
ACC001406,retail,2024-10-09,24,4075.92
ACC001407,retail,2025-08-05,10,2172.51
ACC001408,retail,2025-09-29,27,3021.81
ACC001409,small_business,2025-08-10,19,3116.76
ACC001410,retail,2024-05-31,19,2009.57
ACC001411,retail,2024-07-28,22,2660.68
ACC001412,retail,2025-10-01,16,1351.15
ACC001413,retail,2024-11-13,28,3037.45
ACC001414,retail,2025-09-18,5,1608.21
ACC001415,retail,2024-04-30,15,2314.38
ACC001416,small_business,2025-07-01,18,3528.47
ACC001417,retail,2025-10-13,16,3316.71
ACC001418,small_business,2025-06-26,12,2443.6
ACC001419,retail,2025-11-16,11,2771.02
ACC001420,retail,2025-08-02,18,3305.9
ACC001421,retail,2023-11-11,25,3245.73
ACC001422,retail,2024-06-02,18,3561.4
ACC001423,small_business,2024-09-30,13,2142.52
ACC001424,retail,2025-03-30,15,3178.6
ACC001425,retail,2025-08-05,11,7222.9
ACC001426,retail,2023-11-03,28,4803.47
ACC001427,retail,2024-03-04,7,1802.36
ACC001428,small_business,2025-08-04,23,4499.78
ACC001429,retail,2025-09-07,8,4225.64
ACC001430,retail,2025-10-20,19,3069.53
ACC001431,retail,2023-12-07,13,2807.09
ACC001432,retail,2025-10-20,8,3201.83
ACC001433,retail,2024-08-10,28,4874.08
ACC001434,retail,2024-12-27,25,4964.94
ACC001435,retail,2024-08-25,14,2805.44
ACC001436,retail,2024-01-02,2,4852.64
ACC001437,retail,2023-09-09,11,4550.29
ACC001438,retail,2025-11-15,24,4329.69
ACC001439,retail,2022-06-10,16,2726.88
ACC001440,retail,2024-11-28,23,2066.21
ACC001441,small_business,2025-08-13,26,2132.89
ACC001442,retail,2025-06-16,13,3532.03
ACC001443,retail,2025-07-09,13,3028.37
ACC001444,retail,2025-03-13,22,4469.6
ACC001445,retail,2025-03-24,26,2798.22
ACC001446,retail,2021-07-23,27,2772.27
ACC001447,retail,2025-01-05,21,2856.82
ACC001448,retail,2025-05-27,5,2324.33
ACC001449,retail,2024-11-09,16,3763.46
ACC001450,retail,2025-05-01,2,4201.54
ACC001451,retail,2025-07-31,5,2140.34
ACC001452,retail,2020-01-11,17,4093.97
ACC001453,retail,2025-12-10,19,2838.91
ACC001454,retail,2025-05-30,11,2239.77
ACC001455,retail,2025-12-05,28,3672.07
ACC001456,retail,2023-02-10,4,2002.08
ACC001457,retail,2025-07-14,28,2772.21
ACC001458,retail,2024-12-09,28,2358.14
ACC001459,retail,2020-05-03,15,3400.38
ACC001460,retail,2025-12-10,4,4920.36
ACC001461,retail,2025-05-12,17,2491.67
ACC001462,retail,2025-03-23,15,3330.72
ACC001463,retail,2021-04-04,1,2954.51
ACC001464,retail,2025-09-09,24,3262.68
ACC001465,retail,2025-11-22,5,3002.03
ACC001466,retail,2025-07-16,14,3888.9
ACC001467,retail,2024-01-30,28,2389.48
ACC001468,retail,2025-08-07,21,2180.26
ACC001469,retail,2025-10-11,5,2199.79
ACC001470,retail,2025-08-17,3,1433.02
ACC001471,retail,2023-06-04,16,1823.7
ACC001472,retail,2025-07-25,26,2807.0
ACC001473,retail,2025-07-31,9,2615.79
ACC001474,retail,2024-04-30,11,3383.09
ACC001475,retail,2025-12-03,20,2092.05
ACC001476,small_business,2025-10-09,23,3204.86
ACC001477,retail,2022-08-06,13,5020.63
ACC001478,retail,2023-11-08,21,3303.97
ACC001479,retail,2025-03-21,3,2707.37
ACC001480,retail,2023-01-05,28,2791.31
ACC001481,retail,2025-08-18,11,3244.89
ACC001482,retail,2025-06-16,28,1831.86
ACC001483,retail,2025-10-20,22,3177.29
ACC001484,retail,2025-03-28,28,3873.8
ACC001485,retail,2025-10-26,18,4122.93
ACC001486,retail,2025-11-26,13,1797.59
ACC001487,retail,2025-08-26,11,1454.99
ACC001488,small_business,2022-08-22,21,2557.72
ACC001489,retail,2025-06-16,23,2837.02
ACC001490,small_business,2025-11-02,25,2540.31
ACC001491,new_account,2025-06-23,16,0.0
ACC001492,retail,2025-07-18,28,3319.99
ACC001493,retail,2025-10-08,18,4782.68
ACC001494,retail,2025-07-22,2,3613.25
ACC001495,retail,2024-11-24,20,2022.22
ACC001496,retail,2024-02-28,3,2542.69
ACC001497,retail,2025-11-06,8,2331.51
ACC001498,retail,2024-11-16,21,2244.16
ACC001499,retail,2024-09-12,22,4611.67
ACC001500,retail,2025-04-23,10,2477.05
ACC001501,retail,2025-10-14,8,5006.16
ACC001502,retail,2024-09-20,24,1914.36
ACC001503,retail,2025-12-10,3,1705.62
ACC001504,retail,2025-11-29,14,3776.45
ACC001505,retail,2025-08-13,4,2972.57
ACC001506,retail,2025-08-07,25,2734.64
ACC001507,small_business,2025-10-23,21,3387.37
ACC001508,retail,2025-02-13,23,5775.89
ACC001509,retail,2025-10-07,28,1921.87
ACC001510,retail,2025-07-20,4,1651.15
ACC001511,small_business,2024-07-15,15,4359.04
ACC001512,retail,2025-09-05,6,3285.26
ACC001513,retail,2025-09-21,23,3363.31
ACC001514,retail,2025-07-18,10,3197.79
ACC001515,small_business,2025-05-11,1,1238.37
ACC001516,small_business,2025-01-30,2,2793.78
ACC001517,retail,2024-03-04,11,2164.67
ACC001518,retail,2025-07-05,26,1389.64
ACC001519,retail,2022-11-26,2,5205.04
ACC001520,retail,2023-12-18,10,3960.87
ACC001521,retail,2025-12-11,12,5811.7
ACC001522,retail,2024-06-28,12,2044.64
ACC001523,retail,2024-11-25,14,3768.23
ACC001524,retail,2025-10-02,5,2220.07
ACC001525,retail,2024-06-28,8,1636.63
ACC001526,small_business,2024-08-17,17,2873.43
ACC001527,small_business,2025-05-24,14,4358.3
ACC001528,retail,2024-08-28,19,2910.95
ACC001529,retail,2025-05-10,22,2683.66
ACC001530,retail,2025-12-16,26,2605.67
ACC001531,new_account,2025-09-12,6,0.0
ACC001532,retail,2024-01-02,6,1859.85
ACC001533,retail,2024-12-31,6,3193.59
ACC001534,retail,2024-05-24,3,3053.47
ACC001535,retail,2024-11-09,20,3481.87
ACC001536,retail,2023-07-06,28,2592.1
ACC001537,retail,2025-01-03,13,2188.5
ACC001538,retail,2025-04-20,20,2527.82
ACC001539,retail,2025-11-26,22,4295.78
ACC001540,retail,2023-12-11,8,2665.12
ACC001541,retail,2024-08-29,16,1787.17
ACC001542,retail,2024-11-24,19,2363.13
ACC001543,retail,2025-07-30,5,2334.25
ACC001544,retail,2023-11-13,8,2224.63
ACC001545,small_business,2024-08-11,15,6349.79
ACC001546,small_business,2025-03-08,21,2337.2
ACC001547,retail,2025-03-03,9,3446.95
ACC001548,retail,2024-12-30,15,2543.06
ACC001549,retail,2022-03-03,9,1918.1
ACC001550,retail,2023-03-15,22,3650.05
ACC001551,retail,2024-10-19,1,5318.37
ACC001552,retail,2024-12-29,26,10517.78
ACC001553,retail,2025-03-14,15,1901.89
ACC001554,retail,2024-03-18,10,6434.17
ACC001555,retail,2025-08-25,22,2186.71
ACC001556,retail,2025-07-15,18,1305.01
ACC001557,retail,2025-12-18,6,3015.08
ACC001558,retail,2025-07-22,3,5752.28
ACC001559,retail,2025-11-27,15,3443.55
ACC001560,new_account,2025-03-16,12,0.0
ACC001561,retail,2025-09-16,19,1010.54
ACC001562,retail,2025-11-18,10,2317.04
ACC001563,retail,2025-09-14,21,3008.07
ACC001564,retail,2025-12-07,14,1698.97
ACC001565,retail,2025-11-12,23,2888.15
ACC001566,retail,2025-09-02,9,2364.57
ACC001567,retail,2025-12-16,15,7100.88
ACC001568,retail,2025-07-24,28,1686.7
ACC001569,retail,2025-11-17,10,2181.0
ACC001570,retail,2022-04-17,7,2686.73
ACC001571,new_account,2023-10-23,13,0.0
ACC001572,retail,2024-09-06,28,4208.62
ACC001573,retail,2025-04-13,16,1691.73
ACC001574,retail,2025-08-22,4,3665.71
ACC001575,retail,2025-04-11,8,2728.19
ACC001576,small_business,2024-12-20,13,1561.88
ACC001577,retail,2023-11-29,19,3360.55
ACC001578,retail,2025-03-18,12,2859.1
ACC001579,retail,2025-11-29,19,3488.83
ACC001580,retail,2023-01-19,10,1982.52
ACC001581,retail,2024-05-30,23,3237.46
ACC001582,retail,2023-09-07,10,4023.71
ACC001583,retail,2025-11-06,1,3333.26
ACC001584,retail,2025-10-03,27,3215.48
ACC001585,retail,2025-08-11,22,3357.32
ACC001586,retail,2024-06-16,13,1611.57
ACC001587,retail,2025-12-16,9,2813.09
ACC001588,retail,2025-04-24,1,2552.07
ACC001589,retail,2024-05-25,19,2637.94
ACC001590,retail,2025-02-02,28,5036.5
ACC001591,retail,2025-11-26,22,2725.13
ACC001592,retail,2023-04-30,25,4702.37
ACC001593,retail,2023-01-02,24,2553.08
ACC001594,retail,2022-11-24,2,1920.91
ACC001595,small_business,2025-08-26,20,5261.66
ACC001596,retail,2024-09-06,24,3782.71
ACC001597,retail,2025-12-06,16,2354.4
ACC001598,retail,2025-08-22,27,5117.54
ACC001599,new_account,2025-06-26,10,0.0
ACC001600,retail,2025-05-18,25,4249.16
ACC001601,retail,2025-10-14,26,4714.57
ACC001602,retail,2024-12-23,8,2184.3
ACC001603,retail,2024-07-08,20,2705.17
ACC001604,retail,2025-07-10,26,1399.68
ACC001605,retail,2025-12-09,12,4372.62
ACC001606,retail,2025-01-02,8,3239.07
ACC001607,retail,2025-05-29,21,2221.46
ACC001608,retail,2025-12-30,7,5781.87
ACC001609,retail,2024-10-25,20,2851.71
ACC001610,new_account,2025-05-28,9,0.0
ACC001611,retail,2023-05-15,22,2552.18
ACC001612,retail,2025-01-18,25,3472.13
ACC001613,retail,2025-04-19,24,3376.72
ACC001614,retail,2022-04-12,25,2426.21
ACC001615,retail,2025-04-14,22,3285.95
ACC001616,retail,2025-02-16,22,4429.61
ACC001617,retail,2024-02-01,27,2732.98
ACC001618,retail,2025-12-10,5,2996.29
ACC001619,retail,2025-04-23,21,3611.69
ACC001620,retail,2025-08-09,4,2646.65
ACC001621,retail,2024-05-06,21,2701.19
ACC001622,retail,2025-09-20,21,2456.1
ACC001623,small_business,2025-07-17,2,2025.36
ACC001624,new_account,2025-04-11,10,0.0
ACC001625,retail,2023-07-29,26,6157.11
ACC001626,new_account,2025-12-12,15,0.0
ACC001627,retail,2024-08-10,2,2598.91
ACC001628,retail,2025-10-12,19,2461.43
ACC001629,retail,2024-12-25,12,3441.94
ACC001630,retail,2025-12-22,24,3492.31
ACC001631,retail,2025-03-01,5,3312.37
ACC001632,retail,2025-06-18,3,4623.56
ACC001633,small_business,2022-06-03,10,1593.58
ACC001634,retail,2025-05-05,11,3286.12
ACC001635,retail,2025-08-24,24,1927.38
ACC001636,retail,2018-08-24,14,3115.72
ACC001637,retail,2025-10-26,6,2320.35
ACC001638,retail,2025-03-22,7,2115.95
ACC001639,retail,2025-08-10,5,1899.94
ACC001640,small_business,2022-10-31,26,4101.62
ACC001641,small_business,2025-12-30,18,1416.95
ACC001642,retail,2022-10-04,12,3035.7
ACC001643,retail,2025-09-04,17,3726.91
ACC001644,retail,2024-09-16,17,3394.06
ACC001645,retail,2025-06-07,9,1448.75
ACC001646,retail,2021-11-07,27,2974.34
ACC001647,retail,2025-09-20,6,4776.22
ACC001648,retail,2024-09-14,9,3329.68
ACC001649,retail,2025-06-30,27,2991.18
ACC001650,retail,2025-10-19,16,1595.25
ACC001651,retail,2024-05-03,26,1859.78
ACC001652,retail,2024-04-10,10,1426.87
ACC001653,retail,2025-09-15,24,4259.16
ACC001654,retail,2025-03-27,28,3183.44
ACC001655,retail,2022-04-08,11,7175.94
ACC001656,retail,2023-10-28,26,3241.57
ACC001657,retail,2025-01-17,4,1926.29
ACC001658,retail,2025-06-29,15,2873.59
ACC001659,retail,2023-10-17,3,2089.94
ACC001660,retail,2022-04-11,5,4039.22
ACC001661,small_business,2025-05-12,25,2652.6
ACC001662,retail,2025-03-09,8,1903.6
ACC001663,retail,2025-12-11,28,4323.26
ACC001664,retail,2025-06-20,22,1731.2
ACC001665,retail,2025-07-31,24,1935.47
ACC001666,retail,2025-08-06,22,2900.83
ACC001667,retail,2025-01-23,13,3448.13
ACC001668,new_account,2025-09-13,28,0.0
ACC001669,retail,2024-08-16,26,2182.8
ACC001670,retail,2025-12-06,18,3233.42
ACC001671,retail,2024-07-12,12,3653.51
ACC001672,retail,2023-12-21,3,2509.59
ACC001673,retail,2025-09-25,26,4830.2
ACC001674,retail,2025-11-09,13,1618.3
ACC001675,retail,2025-09-14,1,2516.34
ACC001676,retail,2025-09-25,9,1726.33
ACC001677,retail,2025-06-17,18,2316.91
ACC001678,retail,2025-08-02,4,3994.93
ACC001679,retail,2025-03-25,15,3633.25
ACC001680,retail,2025-07-07,12,3475.08
ACC001681,retail,2025-08-04,22,3170.98
ACC001682,retail,2025-06-05,24,2605.5
ACC001683,retail,2024-09-16,22,2197.32
ACC001684,retail,2025-08-15,9,4512.11
ACC001685,retail,2024-07-31,19,3914.9
ACC001686,retail,2023-04-21,13,1879.05
ACC001687,retail,2024-06-23,27,1533.9
ACC001688,retail,2025-07-23,21,3645.69
ACC001689,retail,2023-08-06,12,6498.57
ACC001690,retail,2025-12-11,4,4491.96
ACC001691,retail,2025-04-06,22,2046.41
ACC001692,retail,2025-07-30,8,2382.0
ACC001693,retail,2025-04-27,16,3504.09
ACC001694,retail,2024-05-13,1,3969.32
ACC001695,retail,2024-05-27,20,3370.99
ACC001696,retail,2025-01-22,18,2143.41
ACC001697,retail,2025-05-01,11,2415.71
ACC001698,retail,2025-11-29,20,3019.85
ACC001699,retail,2025-08-16,8,1925.91
ACC001700,retail,2024-04-08,21,3146.78
ACC001701,retail,2025-11-18,3,1154.4
ACC001702,retail,2024-11-08,21,6746.83
ACC001703,retail,2024-01-28,27,2283.03
ACC001704,retail,2025-12-12,15,3226.54
ACC001705,retail,2025-11-04,23,2265.36
ACC001706,small_business,2024-12-20,10,1680.64
ACC001707,retail,2024-08-24,21,3393.9
ACC001708,retail,2024-11-20,14,2408.86
ACC001709,retail,2019-05-13,4,2079.19
ACC001710,small_business,2025-12-23,5,2027.02
ACC001711,retail,2024-08-03,2,3622.51
ACC001712,retail,2025-11-08,2,4576.88
ACC001713,retail,2021-07-29,10,2835.38
ACC001714,retail,2025-07-06,16,4182.87
ACC001715,retail,2024-09-05,4,2281.67
ACC001716,retail,2025-04-23,4,2909.01
ACC001717,small_business,2024-11-18,8,3310.41
ACC001718,retail,2022-01-24,18,1366.73
ACC001719,retail,2025-04-17,5,5155.81
ACC001720,retail,2024-08-17,13,1930.58
ACC001721,retail,2025-08-03,15,3429.43
ACC001722,retail,2025-01-02,12,2126.58
ACC001723,retail,2023-07-31,22,1461.96
ACC001724,retail,2024-10-14,24,1221.47
ACC001725,retail,2025-09-11,23,4766.54
ACC001726,retail,2025-09-12,18,2673.07
ACC001727,retail,2025-10-08,14,3717.31
ACC001728,retail,2023-12-21,19,3913.13
ACC001729,retail,2025-07-18,24,2097.91
ACC001730,retail,2025-01-17,24,3102.47
ACC001731,retail,2025-10-10,5,4721.44
ACC001732,retail,2025-12-12,14,3356.42
ACC001733,retail,2024-02-17,21,1876.48
ACC001734,retail,2025-08-26,4,1748.91
ACC001735,retail,2024-07-19,27,4795.53
ACC001736,retail,2024-10-09,16,6246.3
ACC001737,retail,2025-07-12,20,4188.22
ACC001738,small_business,2024-12-02,14,3523.01
ACC001739,retail,2025-11-18,9,3392.34
ACC001740,retail,2024-05-03,2,4981.7
ACC001741,retail,2024-01-13,23,2478.81
ACC001742,retail,2025-08-04,12,4034.45
ACC001743,small_business,2025-12-19,7,1848.61
ACC001744,retail,2025-10-16,15,3341.99
ACC001745,retail,2025-04-04,15,3527.27
ACC001746,retail,2023-05-06,8,2365.71
ACC001747,retail,2024-11-12,28,2354.93
ACC001748,retail,2025-01-06,12,2481.32
ACC001749,retail,2025-08-06,4,1251.54
ACC001750,new_account,2025-08-16,22,0.0
ACC001751,retail,2025-07-10,12,1848.86
ACC001752,retail,2025-09-07,18,2736.33
ACC001753,retail,2025-11-19,21,3469.49
ACC001754,retail,2023-05-27,12,3878.12
ACC001755,retail,2025-08-11,2,2899.19
ACC001756,retail,2025-08-10,13,2776.18
ACC001757,retail,2025-11-02,9,2069.11
ACC001758,retail,2024-11-15,7,2452.63
ACC001759,retail,2025-02-27,4,4581.28
ACC001760,retail,2024-09-29,28,1711.03
ACC001761,retail,2025-05-03,27,4046.24
ACC001762,retail,2025-01-29,15,3642.16
ACC001763,retail,2021-09-21,3,2097.73
ACC001764,new_account,2024-09-24,22,0.0
ACC001765,retail,2024-04-01,7,3250.85
ACC001766,small_business,2025-06-22,21,2640.33
ACC001767,retail,2025-05-22,21,1438.8
ACC001768,retail,2022-12-28,20,2347.09
ACC001769,small_business,2025-10-17,1,3456.75
ACC001770,retail,2025-12-05,2,3765.84
ACC001771,retail,2023-05-04,26,5204.47
ACC001772,retail,2024-08-11,11,4170.28
ACC001773,retail,2025-06-27,8,1993.72
ACC001774,retail,2025-09-16,5,3442.89
ACC001775,retail,2025-06-08,26,2082.8
ACC001776,retail,2023-05-16,19,3254.26
ACC001777,retail,2024-02-16,7,4192.23
ACC001778,small_business,2023-04-18,3,1823.16
ACC001779,retail,2024-04-07,27,2348.27
ACC001780,retail,2024-02-24,25,2644.74
ACC001781,retail,2025-11-25,18,1861.64
ACC001782,retail,2021-04-25,7,6174.71
ACC001783,retail,2025-08-22,19,3241.49
ACC001784,small_business,2025-04-02,7,2010.6
ACC001785,retail,2025-05-10,27,4485.5
ACC001786,retail,2025-07-06,28,4305.14
ACC001787,retail,2025-12-03,8,3708.25
ACC001788,new_account,2025-04-19,11,0.0
ACC001789,retail,2025-05-20,25,1250.59
ACC001790,retail,2025-01-05,5,2734.26
ACC001791,retail,2024-11-30,26,4337.23
ACC001792,retail,2025-10-31,20,2596.54
ACC001793,retail,2024-07-18,1,3625.33
ACC001794,retail,2025-03-25,9,5306.98
ACC001795,retail,2025-12-29,28,2428.55
ACC001796,retail,2025-01-13,5,4714.56
ACC001797,retail,2025-05-27,5,958.14
ACC001798,retail,2025-05-13,18,2090.31
ACC001799,retail,2025-01-11,9,4059.11
ACC001800,retail,2025-09-15,26,4621.28
ACC001801,retail,2025-09-04,6,3533.8
ACC001802,retail,2024-10-16,4,2271.75
ACC001803,retail,2024-12-03,22,929.18
ACC001804,retail,2020-01-19,28,1330.17
ACC001805,retail,2023-04-13,1,960.13
ACC001806,retail,2025-05-07,5,3846.54
ACC001807,retail,2025-10-08,1,5690.31
ACC001808,retail,2025-09-11,12,2698.78
ACC001809,small_business,2025-03-03,26,3830.1
ACC001810,retail,2025-02-22,26,2627.74
ACC001811,retail,2024-12-07,8,2045.9
ACC001812,retail,2024-05-09,19,2377.42
ACC001813,retail,2023-02-22,11,2468.77
ACC001814,retail,2025-05-29,1,2116.53
ACC001815,new_account,2024-10-19,6,0.0
ACC001816,retail,2025-01-14,9,3023.67
ACC001817,retail,2022-04-22,2,3612.32
ACC001818,retail,2024-08-14,5,1954.63
ACC001819,retail,2024-10-11,24,4207.29
ACC001820,retail,2025-07-25,14,3296.2
ACC001821,retail,2021-02-27,17,5369.09
ACC001822,retail,2025-09-28,4,2253.41
ACC001823,retail,2025-08-22,24,1673.31
ACC001824,retail,2023-09-08,3,2457.34
ACC001825,small_business,2025-07-18,16,4361.29
ACC001826,retail,2025-10-24,15,3680.34
ACC001827,retail,2024-12-14,25,3135.44
ACC001828,retail,2025-07-01,12,2470.92
ACC001829,retail,2024-03-06,17,3755.38
ACC001830,retail,2024-05-20,19,2831.43
ACC001831,retail,2023-07-05,4,2337.08
ACC001832,retail,2023-12-04,15,3778.23
ACC001833,retail,2022-09-03,17,7749.23
ACC001834,retail,2025-12-26,8,4787.21
ACC001835,small_business,2025-12-14,20,3980.37
ACC001836,retail,2024-02-10,2,3117.29
ACC001837,retail,2025-02-23,24,2886.02
ACC001838,retail,2024-09-27,26,838.68
ACC001839,retail,2024-06-01,28,1852.73
ACC001840,retail,2025-10-18,22,2922.07
ACC001841,retail,2024-12-18,17,2172.53
ACC001842,retail,2025-09-07,10,3021.79
ACC001843,retail,2024-02-20,15,2982.89
ACC001844,retail,2024-06-20,21,3518.92
ACC001845,retail,2025-02-19,1,2106.32
ACC001846,retail,2023-11-26,2,3099.9
ACC001847,retail,2025-11-21,16,2712.52
ACC001848,retail,2025-11-07,28,2533.22
ACC001849,retail,2025-11-20,13,1637.78
ACC001850,retail,2025-09-17,14,4975.97
ACC001851,retail,2025-09-16,22,3900.18
ACC001852,retail,2023-10-19,4,3476.15
ACC001853,retail,2025-11-08,16,1857.11
ACC001854,retail,2024-06-12,23,2694.3
ACC001855,retail,2025-03-25,15,3859.28
ACC001856,retail,2025-06-15,3,3004.16
ACC001857,retail,2025-04-05,3,1923.48
ACC001858,retail,2024-01-19,11,836.58
ACC001859,retail,2025-07-23,20,8974.0
ACC001860,retail,2024-04-10,5,2637.95
ACC001861,retail,2025-07-23,3,2680.5
ACC001862,small_business,2025-08-09,5,2540.33
ACC001863,retail,2025-04-30,9,3620.89
ACC001864,retail,2025-07-09,20,1366.83
ACC001865,retail,2022-04-26,21,1705.85
ACC001866,retail,2025-05-02,19,2245.84
ACC001867,retail,2025-10-01,18,5275.99
ACC001868,retail,2025-02-04,23,2520.53
ACC001869,retail,2024-07-09,11,3370.91
ACC001870,retail,2024-08-06,13,2699.71
ACC001871,retail,2023-06-01,20,2798.05
ACC001872,retail,2025-11-28,17,2769.6
ACC001873,retail,2022-11-07,10,2907.19
ACC001874,small_business,2025-02-21,15,3282.94
ACC001875,retail,2024-09-04,17,4219.66
ACC001876,retail,2025-11-14,20,1854.68
ACC001877,retail,2017-10-05,14,3771.18
ACC001878,retail,2025-08-12,4,3819.58
ACC001879,retail,2025-08-20,26,5117.09
ACC001880,retail,2025-11-30,23,2295.09
ACC001881,retail,2025-11-19,4,3921.53
ACC001882,retail,2024-03-25,28,2816.75
ACC001883,retail,2025-07-06,21,2380.97
ACC001884,retail,2025-04-09,21,3611.02
ACC001885,retail,2022-10-21,25,4782.06
ACC001886,retail,2025-12-07,18,7611.85
ACC001887,retail,2025-12-19,24,4222.99
ACC001888,retail,2024-01-09,28,4356.94
ACC001889,retail,2025-08-11,7,2264.69
ACC001890,retail,2025-04-08,14,1736.76
ACC001891,retail,2021-04-13,15,3161.41
ACC001892,retail,2024-01-08,8,2419.09
ACC001893,retail,2025-03-08,14,1811.99
ACC001894,retail,2025-08-01,11,3271.97
ACC001895,retail,2025-09-29,27,2269.8
ACC001896,retail,2025-10-31,15,4390.2
ACC001897,retail,2024-11-16,13,2119.73
ACC001898,retail,2023-12-25,14,3605.25
ACC001899,retail,2025-12-02,24,2189.2
ACC001900,small_business,2024-11-07,4,5674.9
ACC001901,retail,2022-10-08,11,2145.59
ACC001902,retail,2025-12-11,14,1830.39
ACC001903,retail,2025-11-10,11,1517.16
ACC001904,retail,2024-03-22,22,1904.51
ACC001905,retail,2025-07-03,9,1976.41
ACC001906,retail,2024-08-28,12,2567.51
ACC001907,retail,2025-07-03,5,3318.07
ACC001908,retail,2021-05-02,22,2144.34
ACC001909,retail,2025-06-18,16,4149.93
ACC001910,retail,2025-10-17,3,3175.4
ACC001911,retail,2023-12-23,3,5117.62
ACC001912,retail,2023-07-19,27,4999.52
ACC001913,small_business,2025-11-23,3,5799.3
ACC001914,retail,2024-12-24,3,3368.08
ACC001915,retail,2024-04-03,14,2491.36
ACC001916,retail,2025-10-17,4,3279.42
ACC001917,retail,2025-12-25,24,4622.17
ACC001918,retail,2024-10-23,24,1240.78
ACC001919,retail,2025-09-26,12,2984.71
ACC001920,new_account,2025-11-22,26,0.0
ACC001921,retail,2024-11-21,5,4875.59
ACC001922,retail,2023-02-12,18,3081.38
ACC001923,retail,2024-11-04,2,2227.71
ACC001924,retail,2025-07-04,19,2554.8
ACC001925,retail,2025-02-05,18,3546.8
ACC001926,retail,2024-08-19,18,3397.32
ACC001927,retail,2025-05-20,11,1710.05
ACC001928,small_business,2025-05-06,22,2624.12
ACC001929,small_business,2025-07-31,4,1974.51
ACC001930,retail,2023-09-02,14,2293.25
ACC001931,retail,2025-08-05,12,2712.74
ACC001932,retail,2025-05-13,28,5494.48
ACC001933,retail,2025-05-12,22,2885.87
ACC001934,retail,2025-07-02,25,5173.93
ACC001935,retail,2025-03-10,14,3122.31
ACC001936,retail,2025-08-29,28,3343.29
ACC001937,retail,2025-01-22,24,2810.5
ACC001938,retail,2025-12-21,2,3219.68
ACC001939,retail,2025-07-07,10,7760.82
ACC001940,retail,2025-10-08,20,2847.17
ACC001941,retail,2025-12-11,10,3739.51
ACC001942,retail,2024-08-14,12,3962.24
ACC001943,retail,2024-07-04,4,10354.37
ACC001944,retail,2025-10-09,19,1453.52
ACC001945,retail,2024-11-13,17,2612.24
ACC001946,retail,2024-02-05,7,2222.32
ACC001947,retail,2021-09-20,5,2816.89
ACC001948,retail,2024-08-25,22,2991.45
ACC001949,retail,2025-01-30,16,2710.6
ACC001950,small_business,2022-03-21,8,1284.47
ACC001951,small_business,2024-10-11,28,6747.12
ACC001952,retail,2025-04-26,4,2767.31
ACC001953,retail,2025-01-17,12,1572.22
ACC001954,retail,2025-10-22,28,4990.2
ACC001955,retail,2025-07-20,18,2998.31
ACC001956,small_business,2023-05-04,12,3993.41
ACC001957,small_business,2023-08-03,4,3697.36
ACC001958,retail,2025-03-05,25,7144.07
ACC001959,retail,2024-07-08,9,2264.96
ACC001960,retail,2025-02-03,19,2784.56
ACC001961,retail,2024-09-16,8,2153.54
ACC001962,new_account,2025-08-24,26,0.0
ACC001963,retail,2025-07-26,14,4669.21
ACC001964,retail,2023-08-29,28,2766.47
ACC001965,retail,2023-09-28,18,1832.37
ACC001966,retail,2022-11-29,25,1903.38
ACC001967,retail,2025-07-12,27,2638.39
ACC001968,retail,2025-05-25,20,4531.3
ACC001969,retail,2023-04-19,20,3018.63
ACC001970,new_account,2025-04-26,22,0.0
ACC001971,retail,2025-09-02,21,5670.49
ACC001972,retail,2025-10-25,18,3804.01
ACC001973,retail,2022-11-25,1,1600.15
ACC001974,retail,2025-03-18,20,3407.64
ACC001975,retail,2025-11-14,22,5384.23
ACC001976,retail,2025-03-06,27,4370.0
ACC001977,small_business,2025-04-12,23,7554.28
ACC001978,retail,2025-02-15,9,1438.99
ACC001979,small_business,2025-10-09,1,2247.76
ACC001980,retail,2025-06-07,6,2846.82
ACC001981,retail,2024-09-25,9,2595.75
ACC001982,small_business,2025-08-30,23,2193.5
ACC001983,small_business,2024-05-30,25,3063.24
ACC001984,retail,2024-02-07,10,3292.26
ACC001985,retail,2023-03-04,11,3075.57
ACC001986,retail,2025-11-13,12,1940.16
ACC001987,retail,2025-04-13,1,3079.22
ACC001988,retail,2025-12-28,6,2933.77
ACC001989,small_business,2025-06-22,28,1699.87
ACC001990,retail,2024-08-18,5,1582.92
ACC001991,retail,2025-09-25,19,4132.9
ACC001992,small_business,2025-11-07,22,2689.07
ACC001993,retail,2024-05-05,13,2899.07
ACC001994,retail,2025-11-29,3,2671.8
ACC001995,retail,2024-03-13,5,2963.99
ACC001996,retail,2023-04-21,24,3548.93
ACC001997,retail,2024-05-01,21,4177.78
ACC001998,retail,2024-03-31,1,1583.05
ACC001999,retail,2024-07-31,3,3041.45
ACC002000,new_account,2025-10-26,24,0.0
ACC002001,retail,2025-09-28,17,2369.32
ACC002002,retail,2018-11-02,7,3694.37
ACC002003,retail,2024-01-11,13,4507.75
ACC002004,retail,2023-06-19,14,2532.64
ACC002005,small_business,2025-12-29,15,2836.39
ACC002006,retail,2023-08-09,11,2739.27
ACC002007,retail,2024-12-24,6,3667.41
ACC002008,small_business,2025-08-29,12,2412.26
ACC002009,retail,2025-11-26,10,3149.32
ACC002010,retail,2025-05-13,24,9578.43
ACC002011,retail,2025-03-12,11,2873.3
ACC002012,retail,2024-08-20,25,3000.13
ACC002013,retail,2025-12-11,19,2194.15
ACC002014,retail,2025-01-22,20,1898.42
ACC002015,retail,2025-07-09,3,3714.03
ACC002016,retail,2025-05-28,2,6127.68
ACC002017,retail,2025-12-30,5,3253.43
ACC002018,small_business,2025-08-28,6,2493.57
ACC002019,retail,2025-01-30,25,2571.96
ACC002020,retail,2025-06-04,20,3247.12
ACC002021,retail,2025-12-12,2,3723.46
ACC002022,retail,2025-08-11,22,2353.09
ACC002023,retail,2023-11-23,3,2124.79
ACC002024,retail,2025-09-07,9,4316.8
ACC002025,small_business,2025-01-18,15,7728.62
ACC002026,retail,2024-03-14,22,4150.13
ACC002027,retail,2025-11-13,14,3111.52
ACC002028,small_business,2025-08-07,16,1936.42
ACC002029,retail,2024-06-03,20,3348.9
ACC002030,retail,2025-06-30,15,2433.77
ACC002031,retail,2024-08-02,14,2724.55
ACC002032,retail,2025-02-24,9,2055.93
ACC002033,retail,2025-10-18,7,3789.86
ACC002034,retail,2024-09-08,25,4372.86
ACC002035,retail,2025-11-03,17,3371.57
ACC002036,retail,2025-07-21,4,6817.79
ACC002037,small_business,2025-01-12,12,2861.79
ACC002038,retail,2024-04-09,14,2128.19
ACC002039,retail,2023-07-16,4,2345.07
ACC002040,retail,2023-07-10,10,1597.96
ACC002041,retail,2023-11-10,22,2025.73
ACC002042,retail,2025-05-30,22,2403.23
ACC002043,retail,2025-07-31,19,2527.56
ACC002044,retail,2025-05-13,16,2218.35
ACC002045,retail,2024-07-02,17,3324.15
ACC002046,retail,2024-07-05,22,3522.71
ACC002047,retail,2025-11-07,10,4613.96
ACC002048,retail,2025-12-06,2,2394.28
ACC002049,retail,2023-11-11,8,1747.0
ACC002050,retail,2025-03-08,13,3982.46
ACC002051,retail,2025-09-17,20,2530.27
ACC002052,retail,2025-12-26,2,4077.92
ACC002053,retail,2025-07-12,1,2185.61
ACC002054,retail,2025-09-25,7,3076.62
ACC002055,retail,2024-03-22,10,5695.97
ACC002056,retail,2025-07-10,7,3520.4
ACC002057,retail,2025-08-15,25,5594.25
ACC002058,retail,2025-08-10,5,3578.41
ACC002059,retail,2024-02-20,25,3077.37
ACC002060,retail,2023-06-12,9,4038.1
ACC002061,retail,2025-09-18,10,4201.34
ACC002062,retail,2025-06-01,11,3719.81
ACC002063,retail,2025-05-16,4,2200.44
ACC002064,retail,2025-12-01,1,2015.26
ACC002065,retail,2025-05-23,16,2160.21
ACC002066,retail,2025-11-25,24,3214.38
ACC002067,small_business,2024-03-14,14,1629.43
ACC002068,small_business,2025-07-16,6,2729.26
ACC002069,retail,2025-02-04,5,4599.39
ACC002070,retail,2020-04-17,13,3242.57
ACC002071,retail,2025-12-02,18,3605.57
ACC002072,retail,2025-11-26,23,1482.14
ACC002073,retail,2025-05-08,8,3302.61
ACC002074,new_account,2025-08-19,17,0.0
ACC002075,retail,2025-10-24,18,4804.58
ACC002076,retail,2025-08-20,27,2594.44
ACC002077,retail,2023-10-08,22,4057.49
ACC002078,retail,2025-10-21,26,1509.06
ACC002079,retail,2025-05-05,12,2381.45
ACC002080,new_account,2025-12-10,3,0.0
ACC002081,retail,2025-04-13,13,1340.03
ACC002082,retail,2023-09-24,28,3021.81
ACC002083,small_business,2024-03-18,24,3187.61
ACC002084,retail,2025-08-10,2,4745.27
ACC002085,retail,2025-08-02,14,1446.91
ACC002086,small_business,2025-08-04,1,2670.61
ACC002087,retail,2025-03-08,15,2762.53
ACC002088,retail,2024-03-29,3,1637.66
ACC002089,retail,2025-05-24,28,1813.66
ACC002090,retail,2025-12-11,11,1900.3
ACC002091,retail,2024-04-07,19,1922.75
ACC002092,retail,2023-01-19,14,2901.12
ACC002093,retail,2024-08-25,19,8339.83
ACC002094,new_account,2022-04-23,13,0.0
ACC002095,retail,2024-03-06,23,1212.24
ACC002096,retail,2025-09-27,21,2072.46
ACC002097,small_business,2025-11-25,14,5847.74
ACC002098,retail,2023-04-05,10,5117.42
ACC002099,retail,2022-03-26,4,1627.81
ACC002100,small_business,2025-10-20,13,1750.61
ACC002101,retail,2025-12-03,1,1247.4
ACC002102,retail,2023-01-25,11,3106.16
ACC002103,retail,2025-07-27,6,3164.46
ACC002104,retail,2025-08-26,26,3280.83
ACC002105,retail,2023-05-19,20,3996.69
ACC002106,small_business,2025-11-30,15,1398.14
ACC002107,retail,2025-10-14,27,3376.5
ACC002108,retail,2022-07-14,23,2120.45
ACC002109,retail,2025-07-19,12,2988.45
ACC002110,retail,2025-05-18,3,2414.84
ACC002111,retail,2025-08-31,14,2417.69
ACC002112,retail,2025-10-01,28,2558.1
ACC002113,small_business,2023-01-24,4,1352.37
ACC002114,retail,2025-07-08,8,3021.66
ACC002115,retail,2023-06-22,14,1851.66
ACC002116,small_business,2025-06-22,19,4383.32
ACC002117,retail,2025-12-31,13,2957.09
ACC002118,retail,2025-05-27,17,2265.57
ACC002119,retail,2024-11-15,3,2328.82
ACC002120,retail,2025-12-11,13,3925.2
ACC002121,retail,2025-04-13,28,2332.76
ACC002122,retail,2021-10-30,10,2343.08
ACC002123,retail,2025-10-18,24,2313.94
ACC002124,retail,2023-05-11,11,1737.31
ACC002125,small_business,2025-12-13,8,6046.7
ACC002126,retail,2025-02-02,11,2498.04
ACC002127,retail,2024-11-09,25,3116.15
ACC002128,retail,2024-11-21,6,2318.18
ACC002129,retail,2025-11-07,3,2667.76
ACC002130,small_business,2025-04-19,17,4610.42
ACC002131,retail,2025-08-06,21,2210.03
ACC002132,retail,2023-10-17,4,2615.81
ACC002133,retail,2024-06-04,17,3133.48
ACC002134,retail,2025-09-20,17,2785.16
ACC002135,retail,2025-12-30,7,5737.02
ACC002136,retail,2025-07-07,25,6528.52
ACC002137,retail,2022-08-01,12,3569.73
ACC002138,retail,2025-06-11,12,3145.31
ACC002139,retail,2025-11-08,24,3538.07
ACC002140,retail,2025-07-06,27,2561.88
ACC002141,retail,2024-12-29,21,6857.27
ACC002142,retail,2025-06-02,27,1239.23
ACC002143,retail,2024-01-29,5,5652.13
ACC002144,retail,2025-12-17,8,3184.85
ACC002145,small_business,2024-01-12,4,1715.04
ACC002146,retail,2025-08-10,5,1957.67
ACC002147,retail,2025-12-20,9,1082.79
ACC002148,small_business,2025-09-13,7,2722.1
ACC002149,small_business,2025-01-20,6,2816.63
ACC002150,retail,2023-05-07,20,4808.85
ACC002151,retail,2025-10-11,5,1623.62
ACC002152,retail,2024-05-29,25,1815.61
ACC002153,retail,2026-01-01,25,1634.11
ACC002154,retail,2025-09-30,21,4029.38
ACC002155,retail,2025-10-08,3,2331.31
ACC002156,retail,2023-10-22,6,2774.7
ACC002157,retail,2024-06-30,25,2852.63
ACC002158,retail,2024-02-23,21,2795.68
ACC002159,retail,2021-06-14,16,8106.0
ACC002160,retail,2025-10-27,15,1820.79
ACC002161,retail,2025-01-13,25,4363.3
ACC002162,retail,2024-01-09,19,2575.77
ACC002163,retail,2024-10-23,25,1527.72
ACC002164,retail,2025-06-15,19,2020.08
ACC002165,small_business,2025-06-22,15,3507.46
ACC002166,retail,2025-12-24,22,2906.11
ACC002167,retail,2025-03-08,19,1668.41
ACC002168,small_business,2025-04-12,21,1962.13
ACC002169,retail,2025-09-10,21,2949.81
ACC002170,retail,2023-05-11,20,3018.75
ACC002171,retail,2024-05-09,11,3928.56
ACC002172,retail,2024-12-30,28,2977.64
ACC002173,retail,2025-10-13,21,2408.51
ACC002174,retail,2025-05-20,11,2281.85
ACC002175,retail,2025-10-13,5,3220.69
ACC002176,retail,2024-11-22,15,5752.65
ACC002177,retail,2024-06-01,3,3485.79
ACC002178,retail,2025-04-12,16,4790.83
ACC002179,retail,2025-11-27,15,5519.98
ACC002180,retail,2023-03-12,21,2204.94
ACC002181,retail,2025-01-07,10,3474.0
ACC002182,retail,2025-12-15,26,3511.42
ACC002183,retail,2025-10-04,9,2668.66
ACC002184,small_business,2024-12-17,19,2764.79
ACC002185,retail,2025-09-11,2,2859.97
ACC002186,retail,2025-05-31,12,3524.54
ACC002187,retail,2025-10-09,17,3255.93
ACC002188,retail,2023-05-23,3,3880.86
ACC002189,small_business,2025-11-10,10,6042.69
ACC002190,retail,2023-09-08,15,2429.9
ACC002191,retail,2025-08-24,15,1073.39
ACC002192,retail,2022-10-28,2,2622.4
ACC002193,retail,2025-10-23,2,1462.99
ACC002194,retail,2024-07-14,12,3398.62
ACC002195,retail,2025-11-09,27,4363.33
ACC002196,small_business,2025-11-06,10,2216.76
ACC002197,small_business,2024-08-10,3,4213.0
ACC002198,retail,2025-09-25,21,6862.9
ACC002199,retail,2025-11-19,28,1991.88
ACC002200,small_business,2023-08-02,28,4082.9
ACC002201,retail,2025-04-29,3,2383.16
ACC002202,retail,2025-01-19,20,2337.82
ACC002203,retail,2024-09-08,20,5581.84
ACC002204,retail,2025-12-11,17,2828.86
ACC002205,retail,2025-09-13,13,4681.14
ACC002206,retail,2023-08-14,15,5173.93
ACC002207,retail,2025-04-18,19,2278.78
ACC002208,new_account,2024-05-23,18,0.0
ACC002209,retail,2025-03-29,26,2452.7
ACC002210,retail,2024-05-21,24,1678.24
ACC002211,retail,2023-03-17,2,1492.03
ACC002212,retail,2024-12-26,15,5082.48
ACC002213,retail,2025-04-10,26,1758.84
ACC002214,retail,2025-02-23,19,3005.03
ACC002215,retail,2024-05-30,21,2037.6
ACC002216,retail,2025-11-15,7,2600.01
ACC002217,small_business,2025-10-12,11,2378.73
ACC002218,retail,2024-04-08,20,1639.89
ACC002219,retail,2025-10-19,16,3063.61
ACC002220,retail,2024-12-19,17,1482.39
ACC002221,retail,2024-08-18,5,2540.31
ACC002222,retail,2022-02-01,2,2212.62
ACC002223,retail,2025-11-16,15,2858.39
ACC002224,retail,2025-05-13,4,3808.98
ACC002225,retail,2025-02-22,26,2598.57
ACC002226,retail,2023-10-12,27,1294.25
ACC002227,retail,2025-05-19,11,3086.54
ACC002228,retail,2025-12-13,23,1969.51
ACC002229,retail,2023-10-30,3,3490.61
ACC002230,retail,2023-04-25,17,2514.17
ACC002231,retail,2023-06-09,21,3723.34
ACC002232,retail,2025-12-15,6,1391.34
ACC002233,retail,2025-05-11,2,2193.32
ACC002234,retail,2026-01-01,8,2341.31
ACC002235,retail,2025-11-29,23,2491.94
ACC002236,retail,2025-07-10,15,1833.68
ACC002237,retail,2022-05-14,15,2813.12
ACC002238,retail,2023-09-23,17,3032.72
ACC002239,retail,2025-11-23,17,3758.36
ACC002240,retail,2025-12-10,20,5243.85
ACC002241,retail,2024-12-08,6,3005.4
ACC002242,retail,2025-08-21,12,1658.6
ACC002243,small_business,2023-12-24,12,2556.64
ACC002244,retail,2025-04-05,10,3232.18
ACC002245,retail,2021-10-23,13,2927.48
ACC002246,retail,2024-11-20,14,1820.31
ACC002247,retail,2025-05-21,25,3744.97
ACC002248,retail,2023-04-27,11,2610.84
ACC002249,retail,2025-08-13,22,3016.26
ACC002250,retail,2025-07-05,20,3665.27
ACC002251,retail,2021-01-11,2,3111.57
ACC002252,retail,2022-09-30,26,2624.02
ACC002253,retail,2025-03-04,21,6344.7
ACC002254,retail,2025-10-07,21,2791.41
ACC002255,retail,2024-07-15,11,3371.81
ACC002256,retail,2023-11-02,3,1770.23
ACC002257,small_business,2025-03-15,11,1820.71
ACC002258,retail,2025-08-29,4,2266.98
ACC002259,retail,2025-03-02,18,2820.78
ACC002260,retail,2025-04-08,22,3776.13
ACC002261,retail,2025-08-30,13,1555.86
ACC002262,retail,2022-11-29,10,1093.75
ACC002263,retail,2025-12-15,9,10294.03
ACC002264,retail,2024-06-09,24,2688.48
ACC002265,new_account,2022-10-24,28,0.0
ACC002266,retail,2023-09-22,22,2529.54
ACC002267,retail,2023-12-06,20,6170.65
ACC002268,retail,2025-06-29,28,8788.6
ACC002269,retail,2023-06-22,5,2718.23
ACC002270,retail,2024-11-26,11,3253.82
ACC002271,retail,2025-11-30,3,2128.71
ACC002272,retail,2025-06-09,19,2151.88
ACC002273,retail,2025-10-17,22,3198.57
ACC002274,new_account,2025-02-06,5,0.0
ACC002275,retail,2025-07-28,12,2347.82
ACC002276,retail,2025-12-22,10,1525.71
ACC002277,retail,2025-02-28,21,2711.94
ACC002278,retail,2023-07-15,23,2841.68
ACC002279,retail,2025-09-08,22,3209.03
ACC002280,retail,2025-06-08,13,2519.94
ACC002281,retail,2025-09-26,5,3440.38
ACC002282,retail,2025-05-10,20,1847.11
ACC002283,retail,2024-02-04,23,9613.35
ACC002284,retail,2025-10-13,3,2002.71
ACC002285,retail,2024-08-19,10,3808.28
ACC002286,retail,2025-06-01,18,2015.38
ACC002287,retail,2025-07-02,13,2642.84
ACC002288,retail,2024-10-20,21,2315.6
ACC002289,retail,2025-04-30,26,2376.34
ACC002290,retail,2023-07-08,11,2345.07
ACC002291,retail,2025-09-20,27,2295.29
ACC002292,retail,2025-12-01,5,2553.92
ACC002293,retail,2024-11-14,22,4956.36
ACC002294,retail,2025-09-05,23,2014.2
ACC002295,retail,2025-11-13,27,1139.71
ACC002296,retail,2024-12-27,24,5202.96
ACC002297,retail,2018-07-16,22,1649.93
ACC002298,retail,2025-09-05,17,5819.13
ACC002299,retail,2025-07-02,3,2721.43
ACC002300,retail,2025-06-22,21,3968.71
ACC002301,retail,2024-11-07,22,1590.08
ACC002302,retail,2025-12-17,14,4594.46
ACC002303,retail,2025-03-20,17,2898.39
ACC002304,retail,2025-12-27,12,1086.9
ACC002305,retail,2025-05-10,1,2084.95
ACC002306,retail,2025-04-02,12,2552.46
ACC002307,retail,2024-10-04,10,3649.31
ACC002308,retail,2024-03-13,6,2879.35
ACC002309,retail,2025-06-13,7,4101.63
ACC002310,retail,2025-11-30,11,1408.98
ACC002311,retail,2023-12-04,25,3859.74
ACC002312,retail,2024-01-17,16,1920.58
ACC002313,retail,2025-11-07,7,3857.02
ACC002314,retail,2025-07-27,8,3080.34
ACC002315,retail,2023-01-31,5,4780.96
ACC002316,retail,2025-09-14,5,3502.77
ACC002317,retail,2025-12-09,3,3106.24
ACC002318,retail,2024-07-29,10,1181.31
ACC002319,retail,2024-12-18,28,4904.1
ACC002320,retail,2025-09-03,26,7277.91
ACC002321,retail,2025-11-12,4,2982.28
ACC002322,retail,2024-09-05,17,1607.16
ACC002323,retail,2025-07-13,25,1530.42
ACC002324,retail,2025-12-07,18,1639.42
ACC002325,retail,2021-01-16,27,2238.07
ACC002326,retail,2024-09-02,24,4120.94
ACC002327,small_business,2025-06-05,17,2494.24
ACC002328,retail,2025-05-08,2,6778.61
ACC002329,retail,2025-03-24,22,5152.47
ACC002330,retail,2024-10-22,11,3134.93
ACC002331,retail,2024-08-09,25,4404.07
ACC002332,small_business,2025-12-10,20,2981.86
ACC002333,retail,2025-12-17,5,3921.95
ACC002334,retail,2024-07-02,20,1259.55
ACC002335,retail,2025-10-20,13,5775.18
ACC002336,small_business,2024-08-31,5,3824.7
ACC002337,retail,2025-06-15,6,6611.38
ACC002338,retail,2024-07-26,6,3488.28
ACC002339,retail,2025-12-02,27,3547.42
ACC002340,retail,2023-07-16,23,2546.32
ACC002341,retail,2020-12-07,25,1999.55
ACC002342,retail,2023-06-09,20,3668.42
ACC002343,retail,2024-10-15,26,3594.57
ACC002344,retail,2025-09-29,6,1866.63
ACC002345,retail,2025-10-15,24,2736.24
ACC002346,retail,2025-05-09,15,4166.63
ACC002347,retail,2024-07-05,2,2911.76
ACC002348,retail,2025-02-02,14,3563.91
ACC002349,retail,2024-09-19,12,7125.43
ACC002350,retail,2025-05-14,22,3221.92
ACC002351,small_business,2024-06-25,24,8077.79
ACC002352,retail,2021-07-02,8,2670.31
ACC002353,retail,2025-12-15,15,4576.12
ACC002354,retail,2025-12-23,20,1631.71
ACC002355,retail,2025-07-24,10,1550.65
ACC002356,retail,2024-09-21,25,2515.1
ACC002357,retail,2025-10-04,24,4209.16
ACC002358,retail,2025-10-30,26,1513.24
ACC002359,retail,2024-03-03,15,4138.52
ACC002360,retail,2024-10-16,8,4133.68
ACC002361,retail,2024-11-16,18,3114.51
ACC002362,retail,2025-03-30,8,2523.56
ACC002363,retail,2025-08-25,10,5171.26
ACC002364,retail,2025-07-18,26,4482.85
ACC002365,retail,2025-02-06,26,3071.14
ACC002366,retail,2025-01-22,16,4492.9
ACC002367,retail,2022-05-05,27,3040.36
ACC002368,retail,2025-04-13,7,3979.77
ACC002369,retail,2024-05-27,12,2133.94
ACC002370,retail,2024-01-05,22,4623.41
ACC002371,retail,2023-09-03,19,3754.01
ACC002372,small_business,2024-10-05,15,1630.4
ACC002373,retail,2024-09-21,15,1787.65
ACC002374,new_account,2024-06-25,25,0.0
ACC002375,retail,2025-07-10,10,2083.55
ACC002376,retail,2025-12-20,25,5538.37
ACC002377,retail,2023-12-28,13,3388.31
ACC002378,retail,2025-07-03,17,2632.91
ACC002379,retail,2022-08-18,17,1605.0
ACC002380,retail,2023-03-16,14,3313.31
ACC002381,retail,2023-01-29,6,2933.25
ACC002382,retail,2024-06-29,27,2793.13
ACC002383,small_business,2025-02-23,7,2103.85
ACC002384,retail,2025-11-02,26,3272.2
ACC002385,small_business,2025-09-30,20,2236.74
ACC002386,retail,2025-11-30,5,1894.35
ACC002387,retail,2025-08-11,28,3428.81
ACC002388,retail,2025-01-01,9,3691.11
ACC002389,retail,2024-10-24,2,2228.99
ACC002390,retail,2024-09-22,21,2744.09
ACC002391,retail,2024-06-29,16,1973.55
ACC002392,retail,2023-09-01,28,2847.54
ACC002393,retail,2025-11-26,12,3162.45
ACC002394,retail,2024-08-20,18,4763.43
ACC002395,retail,2025-06-26,4,5427.53
ACC002396,retail,2024-08-12,23,6294.56
ACC002397,retail,2025-07-29,28,3022.75
ACC002398,retail,2025-12-22,17,4609.9
ACC002399,retail,2025-03-15,28,2372.09
ACC002400,retail,2025-12-20,4,2961.27
ACC002401,retail,2023-03-07,10,3917.97
ACC002402,retail,2025-01-18,3,1650.7
ACC002403,retail,2024-11-05,25,3304.5
ACC002404,retail,2026-01-01,6,2188.1
ACC002405,retail,2025-11-10,9,2104.24
ACC002406,new_account,2025-08-03,15,0.0
ACC002407,retail,2025-11-17,17,3983.18
ACC002408,retail,2025-12-24,5,3566.69
ACC002409,retail,2025-12-09,27,2797.79
ACC002410,retail,2025-03-17,14,2064.81
ACC002411,retail,2022-11-30,3,3156.98
ACC002412,retail,2025-06-24,8,4224.3
ACC002413,retail,2024-07-30,27,4695.59
ACC002414,small_business,2025-07-22,15,2802.87
ACC002415,retail,2025-11-23,12,2559.08
ACC002416,retail,2023-09-18,1,1757.77
ACC002417,retail,2025-05-03,14,5633.92
ACC002418,retail,2023-10-11,2,4233.08
ACC002419,retail,2025-05-15,13,2908.99
ACC002420,retail,2024-12-16,17,2209.41
ACC002421,retail,2025-04-04,12,4597.19
ACC002422,retail,2025-08-14,8,1938.07
ACC002423,retail,2025-05-28,13,1681.88
ACC002424,retail,2025-10-06,3,2463.6
ACC002425,retail,2025-10-05,12,2390.11
ACC002426,retail,2025-12-29,8,1922.04
ACC002427,retail,2025-12-19,1,7455.93
ACC002428,retail,2025-06-20,11,6291.69
ACC002429,retail,2025-12-14,4,2906.46
ACC002430,retail,2023-08-10,27,2289.53
ACC002431,retail,2024-02-10,23,2463.6
ACC002432,retail,2025-06-11,21,1768.99
ACC002433,retail,2025-03-27,11,2680.55
ACC002434,retail,2023-12-08,26,5156.64
ACC002435,retail,2025-04-07,5,3671.3
ACC002436,retail,2025-09-24,5,2614.63
ACC002437,retail,2024-03-22,2,3349.21
ACC002438,retail,2025-04-05,10,2577.49
ACC002439,retail,2025-06-02,27,2315.63
ACC002440,retail,2025-09-11,16,3044.25
ACC002441,retail,2025-11-11,23,2733.64
ACC002442,retail,2024-08-21,27,2047.35
ACC002443,retail,2025-11-29,5,2340.31
ACC002444,retail,2024-05-25,25,3637.73
ACC002445,retail,2025-07-21,23,2373.5
ACC002446,retail,2025-01-14,16,2583.42
ACC002447,retail,2025-04-18,15,5197.36
ACC002448,small_business,2025-10-22,20,1740.48
ACC002449,retail,2025-11-02,1,5253.05
ACC002450,small_business,2025-08-24,3,4061.45
ACC002451,small_business,2025-12-06,1,2344.54
ACC002452,retail,2025-03-06,9,3152.22
ACC002453,retail,2024-01-20,7,2578.75
ACC002454,retail,2025-04-24,27,4010.73
ACC002455,retail,2025-12-20,5,4290.19
ACC002456,new_account,2024-11-22,18,0.0
ACC002457,retail,2023-06-01,24,2769.96
ACC002458,retail,2025-10-27,20,3119.36
ACC002459,retail,2024-08-25,17,3210.99
ACC002460,retail,2025-09-29,14,1966.32
ACC002461,retail,2024-05-02,4,3942.33
ACC002462,retail,2025-05-05,25,3649.05
ACC002463,retail,2025-09-20,10,3549.26
ACC002464,retail,2025-08-03,8,2594.87
ACC002465,retail,2025-05-03,10,2358.27
ACC002466,small_business,2025-11-18,4,4374.41
ACC002467,retail,2023-03-15,2,4680.1
ACC002468,retail,2025-07-05,8,2155.52
ACC002469,retail,2025-12-16,14,4199.79
ACC002470,retail,2025-05-09,21,1815.59
ACC002471,retail,2024-05-20,26,3801.44
ACC002472,retail,2024-12-13,20,4371.76
ACC002473,retail,2023-12-26,15,2857.1
ACC002474,retail,2025-06-04,3,2448.85
ACC002475,retail,2025-09-20,4,1694.1
ACC002476,retail,2024-03-16,27,5050.68
ACC002477,retail,2025-11-16,16,1731.48
ACC002478,retail,2025-11-21,20,3929.88
ACC002479,retail,2022-01-17,18,2495.08
ACC002480,new_account,2025-08-30,1,0.0
ACC002481,retail,2024-08-31,21,2058.32
ACC002482,retail,2025-12-20,17,2848.46
ACC002483,retail,2025-11-03,19,2814.49
ACC002484,small_business,2024-09-16,8,2790.48
ACC002485,retail,2025-06-13,23,1867.22
ACC002486,retail,2025-02-14,5,2234.14
ACC002487,retail,2025-09-05,10,1298.74
ACC002488,retail,2025-01-28,14,2713.22
ACC002489,retail,2025-06-01,1,4269.89
ACC002490,retail,2025-09-08,20,4674.66
ACC002491,retail,2025-01-15,12,2701.24
ACC002492,retail,2025-11-01,8,1187.27
ACC002493,retail,2025-11-18,19,4663.67
ACC002494,small_business,2024-07-27,14,4963.03
ACC002495,retail,2023-08-23,6,2783.13
ACC002496,retail,2021-11-30,22,4625.75
ACC002497,retail,2023-06-04,22,6789.44
ACC002498,retail,2021-02-19,3,1676.79
ACC002499,retail,2025-12-13,17,3553.83
ACC002500,retail,2025-04-03,12,4950.2
ACC002501,retail,2024-05-23,3,1370.95
ACC002502,new_account,2024-10-23,17,0.0
ACC002503,retail,2025-08-23,18,2976.43
ACC002504,retail,2025-09-13,17,3123.57
ACC002505,retail,2024-12-01,26,1782.48
ACC002506,retail,2024-11-02,17,2575.32
ACC002507,retail,2024-12-22,18,3647.18
ACC002508,new_account,2025-06-28,1,0.0
ACC002509,retail,2025-12-06,13,3553.88
ACC002510,retail,2025-08-19,28,2866.01
ACC002511,retail,2024-09-02,16,1783.34
ACC002512,small_business,2025-12-24,2,5379.51
ACC002513,retail,2023-03-23,21,1891.62
ACC002514,retail,2024-02-07,13,2145.81
ACC002515,retail,2022-11-12,12,2391.71
ACC002516,retail,2025-06-21,9,3655.09
ACC002517,retail,2024-04-30,24,2318.17
ACC002518,retail,2025-07-05,1,1046.02
ACC002519,retail,2024-09-26,12,1740.39
ACC002520,retail,2024-03-24,26,2663.87
ACC002521,retail,2025-08-13,3,1714.13
ACC002522,retail,2024-07-26,12,4275.65
ACC002523,retail,2025-11-23,8,2194.22
ACC002524,retail,2022-12-28,24,2478.71
ACC002525,retail,2025-07-04,22,2672.75
ACC002526,retail,2025-10-01,21,4394.33
ACC002527,retail,2025-08-02,4,1857.91
ACC002528,retail,2025-12-05,25,4439.91
ACC002529,retail,2025-06-06,19,2786.89
ACC002530,retail,2025-09-06,24,3788.18
ACC002531,retail,2025-12-08,25,2121.99
ACC002532,retail,2024-06-08,11,2457.27
ACC002533,retail,2025-02-09,5,3139.28
ACC002534,retail,2025-08-04,2,1150.22
ACC002535,retail,2024-07-22,12,2703.73
ACC002536,retail,2023-07-04,18,3353.93
ACC002537,retail,2025-02-15,11,2091.39
ACC002538,retail,2025-03-10,27,2609.64
ACC002539,retail,2025-05-06,21,3501.36
ACC002540,retail,2025-02-18,6,5056.34
ACC002541,retail,2024-04-12,27,1977.46
ACC002542,retail,2024-10-06,25,3472.29
ACC002543,retail,2025-06-03,22,4870.29
ACC002544,retail,2025-01-09,15,1837.09
ACC002545,small_business,2024-04-02,23,4564.89
ACC002546,retail,2021-08-30,16,2688.62
ACC002547,retail,2024-04-10,21,1827.51
ACC002548,retail,2024-09-12,6,5270.34
ACC002549,retail,2025-11-17,26,3159.51
ACC002550,retail,2024-07-08,5,2249.62
ACC002551,retail,2025-05-27,3,2593.43
ACC002552,retail,2021-12-01,23,2892.94
ACC002553,retail,2025-07-26,25,4665.15
ACC002554,retail,2025-12-25,15,3338.31
ACC002555,retail,2025-03-22,2,3757.73
ACC002556,retail,2024-11-14,10,3583.22
ACC002557,retail,2024-01-27,7,2265.91
ACC002558,retail,2025-09-27,2,4138.63
ACC002559,retail,2025-10-04,26,2424.44
ACC002560,retail,2025-03-23,7,1979.7
ACC002561,retail,2025-08-28,2,3080.9
ACC002562,retail,2025-08-13,11,2571.57
ACC002563,retail,2024-07-01,10,2961.68
ACC002564,retail,2024-09-12,17,4734.98
ACC002565,retail,2025-05-14,13,2854.76
ACC002566,retail,2024-12-11,27,4651.01
ACC002567,retail,2025-05-20,18,2759.15
ACC002568,small_business,2025-04-10,16,5370.27
ACC002569,retail,2024-04-27,9,3253.07
ACC002570,retail,2025-04-24,2,4991.77
ACC002571,small_business,2024-06-21,25,7024.81
ACC002572,retail,2025-12-12,21,2470.3
ACC002573,retail,2025-02-18,7,2336.95
ACC002574,retail,2025-03-05,10,1991.92
ACC002575,retail,2025-10-24,12,2656.69
ACC002576,retail,2025-05-05,28,3287.94
ACC002577,retail,2024-06-04,25,5284.12
ACC002578,retail,2025-11-14,2,2686.48
ACC002579,retail,2025-05-17,28,5366.41
ACC002580,retail,2025-06-19,21,2324.11
ACC002581,retail,2025-09-21,11,1471.22
ACC002582,retail,2025-10-19,9,5981.2
ACC002583,retail,2023-11-28,4,2910.67
ACC002584,new_account,2025-07-23,26,0.0
ACC002585,retail,2025-11-25,12,1509.2
ACC002586,retail,2025-11-25,14,3915.5
ACC002587,retail,2025-05-07,13,4380.86
ACC002588,retail,2022-07-24,24,4052.1
ACC002589,retail,2025-02-26,15,2978.91
ACC002590,retail,2025-09-30,13,1151.28
ACC002591,retail,2021-09-07,11,3219.76
ACC002592,retail,2025-05-06,6,3461.35
ACC002593,retail,2025-10-29,16,5335.69
ACC002594,retail,2025-09-06,23,2546.94
ACC002595,retail,2021-05-04,16,2197.41
ACC002596,retail,2025-11-07,12,3473.69
ACC002597,retail,2023-10-31,26,1763.64
ACC002598,small_business,2025-09-10,17,2543.14
ACC002599,retail,2025-06-02,9,2931.92
ACC002600,retail,2025-10-01,26,2015.61
ACC002601,retail,2024-09-21,3,6120.46
ACC002602,retail,2023-11-11,24,3304.04
ACC002603,retail,2025-11-14,14,2597.25
ACC002604,retail,2025-05-13,3,1794.14
ACC002605,small_business,2025-07-25,14,5510.79
ACC002606,small_business,2023-06-19,20,4159.97
ACC002607,new_account,2025-09-07,27,0.0
ACC002608,retail,2025-03-14,6,2316.7
ACC002609,retail,2025-12-26,18,2235.02
ACC002610,retail,2025-10-18,10,2059.82
ACC002611,retail,2024-08-31,11,3282.47
ACC002612,retail,2022-07-30,4,2284.09
ACC002613,retail,2025-09-10,3,4334.76
ACC002614,retail,2025-03-19,11,4067.46
ACC002615,retail,2025-10-14,22,2627.78
ACC002616,retail,2022-12-13,10,3318.34
ACC002617,retail,2021-10-28,10,3000.25
ACC002618,retail,2025-08-03,15,3156.83
ACC002619,retail,2025-08-06,20,3602.05
ACC002620,retail,2025-01-04,23,2250.34
ACC002621,small_business,2025-08-19,14,3671.21
ACC002622,retail,2024-09-23,6,1935.63
ACC002623,retail,2025-09-07,23,4800.31
ACC002624,retail,2025-05-26,15,2810.9
ACC002625,retail,2025-05-24,12,2526.6
ACC002626,retail,2024-05-03,15,3019.84
ACC002627,retail,2024-11-24,2,5290.8
ACC002628,retail,2025-07-29,24,3340.59
ACC002629,retail,2023-08-11,28,4534.0
ACC002630,retail,2024-10-10,12,2885.85
ACC002631,retail,2024-10-28,20,3406.18
ACC002632,retail,2025-06-28,14,1099.79
ACC002633,retail,2025-11-22,9,1962.68
ACC002634,retail,2024-10-03,21,6084.92
ACC002635,retail,2025-01-06,26,3812.26
ACC002636,retail,2023-07-06,2,3655.08
ACC002637,retail,2023-08-31,3,9644.69
ACC002638,small_business,2023-06-26,22,1976.0
ACC002639,retail,2025-08-26,21,1592.09
ACC002640,retail,2025-08-29,13,1640.92
ACC002641,retail,2025-12-04,12,2034.8
ACC002642,retail,2025-12-07,17,3667.58
ACC002643,retail,2024-05-26,26,2681.63
ACC002644,retail,2025-04-22,24,3450.6
ACC002645,retail,2024-06-05,22,6806.87
ACC002646,retail,2025-12-29,6,3175.56
ACC002647,retail,2023-05-26,1,3357.3
ACC002648,retail,2025-07-15,5,5807.48
ACC002649,retail,2024-11-01,28,5768.86
ACC002650,retail,2025-10-26,20,2317.66
ACC002651,retail,2025-06-06,22,1922.25
ACC002652,retail,2023-09-15,26,4141.55
ACC002653,retail,2023-05-10,15,4821.17
ACC002654,retail,2024-12-26,2,2991.46
ACC002655,retail,2023-10-31,5,4405.34
ACC002656,retail,2025-09-23,3,1895.32
ACC002657,retail,2025-06-05,8,4255.74
ACC002658,retail,2025-05-02,25,2338.1
ACC002659,retail,2024-12-27,21,2662.84
ACC002660,retail,2025-08-31,12,4876.98
ACC002661,retail,2025-05-08,12,2109.93
ACC002662,retail,2025-09-27,13,2833.84
ACC002663,retail,2025-06-03,19,3556.97
ACC002664,retail,2025-05-08,2,1679.93
ACC002665,retail,2025-10-02,20,1358.57
ACC002666,retail,2025-04-01,5,1648.37
ACC002667,retail,2025-02-08,22,2106.6
ACC002668,retail,2024-03-07,15,3725.12
ACC002669,small_business,2025-11-04,12,1638.9
ACC002670,retail,2025-07-28,12,2966.33
ACC002671,retail,2024-08-24,15,1880.33
ACC002672,retail,2024-03-12,25,3113.91
ACC002673,retail,2024-12-25,3,4320.97
ACC002674,retail,2025-11-26,19,1468.22
ACC002675,retail,2025-10-10,5,6300.79
ACC002676,retail,2025-12-28,17,2121.01
ACC002677,retail,2024-12-25,12,3092.77
ACC002678,retail,2025-01-26,13,3606.51
ACC002679,small_business,2024-01-28,11,1904.23
ACC002680,retail,2025-03-27,21,2204.05
ACC002681,retail,2025-03-28,9,3167.07
ACC002682,retail,2025-08-18,8,2651.62
ACC002683,retail,2025-05-24,4,6459.74
ACC002684,retail,2025-04-03,1,3303.38
ACC002685,retail,2024-06-20,24,2414.81
ACC002686,retail,2024-08-04,6,1756.47
ACC002687,retail,2025-09-27,16,1739.06
ACC002688,retail,2024-07-07,17,2080.74
ACC002689,retail,2025-05-04,13,3212.47
ACC002690,retail,2025-11-29,18,2928.63
ACC002691,retail,2025-01-09,4,1651.59
ACC002692,retail,2025-12-10,9,6137.85
ACC002693,retail,2025-03-26,25,1812.03
ACC002694,retail,2025-10-17,9,3568.61
ACC002695,small_business,2023-11-22,23,2234.82
ACC002696,retail,2025-04-06,15,1900.24
ACC002697,retail,2024-10-13,7,4353.45
ACC002698,retail,2024-03-20,20,3047.27
ACC002699,retail,2025-11-08,10,1871.28
ACC002700,retail,2025-09-01,23,2583.25
ACC002701,retail,2025-06-03,16,2265.12
ACC002702,retail,2023-11-13,7,4747.39
ACC002703,retail,2024-10-28,4,1928.77
ACC002704,retail,2024-07-23,5,8301.58
ACC002705,retail,2024-10-17,28,3543.75
ACC002706,retail,2025-06-09,3,2237.53
ACC002707,retail,2025-03-25,15,2901.81
ACC002708,retail,2025-09-04,6,1939.4
ACC002709,retail,2020-09-17,23,4236.89
ACC002710,retail,2024-05-27,15,3612.82
ACC002711,retail,2025-11-10,3,2510.27
ACC002712,retail,2025-07-15,26,1771.45
ACC002713,retail,2024-08-25,22,1454.36
ACC002714,retail,2025-07-18,28,4597.45
ACC002715,retail,2020-08-07,11,2573.15
ACC002716,retail,2025-07-26,22,3948.19
ACC002717,retail,2025-09-02,12,1999.72
ACC002718,retail,2025-03-21,23,1477.76
ACC002719,small_business,2025-12-15,3,8662.53
ACC002720,small_business,2025-12-12,18,3099.09
ACC002721,retail,2023-11-25,18,3639.32
ACC002722,retail,2024-07-23,10,2599.67
ACC002723,small_business,2024-10-30,10,2365.2
ACC002724,small_business,2025-04-22,28,2889.97
ACC002725,retail,2024-09-20,6,1946.11
ACC002726,retail,2025-12-06,23,2920.13
ACC002727,retail,2024-12-08,23,5113.66
ACC002728,retail,2024-12-15,23,3010.23
ACC002729,retail,2024-09-13,21,5564.17
ACC002730,retail,2025-07-13,6,1365.61
ACC002731,small_business,2025-11-05,26,2668.43
ACC002732,retail,2025-09-27,12,2278.59
ACC002733,retail,2025-05-12,17,2954.33
ACC002734,retail,2024-09-20,8,2912.65
ACC002735,retail,2024-09-09,4,2316.15
ACC002736,retail,2024-01-19,7,2646.13
ACC002737,new_account,2025-04-04,26,0.0
ACC002738,retail,2025-11-02,5,4080.9
ACC002739,retail,2022-11-10,8,1464.0
ACC002740,retail,2023-05-03,26,3955.98
ACC002741,retail,2024-12-03,16,4067.45
ACC002742,retail,2024-12-01,1,3349.45
ACC002743,retail,2024-05-11,12,3019.58
ACC002744,retail,2025-09-26,18,2939.4
ACC002745,retail,2024-01-26,19,2118.42
ACC002746,retail,2025-01-28,12,2385.8
ACC002747,retail,2024-01-28,15,3020.13
ACC002748,retail,2025-01-06,26,1876.61
ACC002749,retail,2021-09-19,18,3391.41
ACC002750,retail,2025-09-20,5,3642.29
ACC002751,retail,2024-11-15,20,2012.37
ACC002752,retail,2023-07-21,3,1589.91
ACC002753,retail,2025-06-18,3,2052.99
ACC002754,retail,2023-02-07,10,4050.34
ACC002755,retail,2023-01-29,13,2526.13
ACC002756,retail,2025-01-22,23,4101.84
ACC002757,retail,2025-02-03,24,2387.39
ACC002758,retail,2025-07-30,16,4390.15
ACC002759,retail,2023-11-26,17,3496.78
ACC002760,retail,2025-03-14,14,2675.4
ACC002761,retail,2024-10-25,25,2948.48
ACC002762,retail,2024-07-17,14,2242.8
ACC002763,retail,2025-01-03,27,3123.94
ACC002764,retail,2025-11-29,19,5666.05
ACC002765,retail,2024-08-10,3,1296.86
ACC002766,retail,2025-07-24,5,3994.84
ACC002767,retail,2025-02-13,11,4923.66
ACC002768,retail,2024-09-12,21,3727.49
ACC002769,retail,2025-01-12,3,2800.1
ACC002770,retail,2025-10-02,15,2634.41
ACC002771,retail,2025-03-18,15,1284.55
ACC002772,retail,2021-11-02,22,3044.9
ACC002773,retail,2025-05-17,17,4213.78
ACC002774,retail,2025-07-19,12,3905.16
ACC002775,retail,2025-01-20,5,1500.55
ACC002776,retail,2025-07-03,27,2729.83
ACC002777,retail,2024-03-02,25,2832.85
ACC002778,retail,2024-10-28,18,3840.24
ACC002779,retail,2025-08-09,21,2552.81
ACC002780,retail,2025-06-23,19,2014.81
ACC002781,new_account,2025-05-25,6,0.0
ACC002782,retail,2024-08-24,25,3182.25
ACC002783,retail,2024-01-16,5,6010.59
ACC002784,retail,2023-12-15,14,2575.86
ACC002785,retail,2025-09-28,17,2504.1
ACC002786,new_account,2025-09-05,28,0.0
ACC002787,retail,2025-12-20,2,2129.03
ACC002788,retail,2025-01-28,27,3008.61
ACC002789,retail,2025-02-19,4,3827.48
ACC002790,retail,2025-08-03,17,3777.93
ACC002791,retail,2025-09-20,5,3101.76
ACC002792,retail,2025-10-04,10,2413.43
ACC002793,retail,2025-04-27,6,5121.63
ACC002794,retail,2025-03-26,6,3374.12
ACC002795,retail,2025-03-16,11,3605.81
ACC002796,retail,2024-07-10,23,3923.06
ACC002797,retail,2025-10-02,8,4009.53
ACC002798,retail,2025-04-23,12,4755.69
ACC002799,retail,2025-11-03,17,2186.34
ACC002800,retail,2021-09-21,10,3711.63
ACC002801,retail,2025-12-03,28,1744.47
ACC002802,retail,2024-09-04,3,4601.28
ACC002803,retail,2025-11-26,9,3027.29
ACC002804,small_business,2025-06-25,7,5165.95
ACC002805,retail,2024-08-16,21,3442.22
ACC002806,retail,2025-08-17,18,3380.5
ACC002807,retail,2024-08-14,9,2582.25
ACC002808,small_business,2025-03-07,5,1304.9
ACC002809,retail,2025-04-18,21,6965.0
ACC002810,retail,2021-04-30,10,2884.89
ACC002811,retail,2023-07-15,20,4431.42
ACC002812,retail,2022-06-06,18,6064.43
ACC002813,retail,2022-09-16,3,1649.66
ACC002814,retail,2024-07-02,17,1484.05
ACC002815,retail,2025-02-14,21,3173.94
ACC002816,retail,2025-07-30,6,7684.54
ACC002817,retail,2025-10-05,19,2562.9
ACC002818,small_business,2025-03-21,19,2352.99
ACC002819,retail,2025-06-06,5,5552.92
ACC002820,retail,2025-02-21,6,2747.23
ACC002821,retail,2025-04-02,22,10374.15
ACC002822,retail,2025-11-09,20,3178.8
ACC002823,retail,2025-06-10,24,3885.1
ACC002824,small_business,2024-11-21,20,2318.65
ACC002825,small_business,2024-02-15,11,4986.82
ACC002826,retail,2025-10-18,27,2052.38
ACC002827,retail,2023-11-20,19,2000.65
ACC002828,retail,2025-12-01,2,2118.52
ACC002829,retail,2024-04-02,27,2304.75
ACC002830,retail,2025-12-30,28,1384.45
ACC002831,retail,2024-10-08,1,1654.99
ACC002832,retail,2024-08-09,3,3974.55
ACC002833,small_business,2025-05-12,2,6172.81
ACC002834,retail,2025-04-18,21,6590.95
ACC002835,retail,2025-01-17,25,2995.16
ACC002836,small_business,2022-11-20,19,2810.57
ACC002837,retail,2025-07-26,9,2292.39
ACC002838,retail,2023-05-11,21,3207.34
ACC002839,retail,2025-08-31,7,2135.15
ACC002840,retail,2023-02-18,25,4281.18
ACC002841,retail,2024-07-17,19,2723.51
ACC002842,retail,2025-11-10,14,2884.08
ACC002843,retail,2025-07-02,20,4056.14
ACC002844,retail,2025-11-20,21,6547.03
ACC002845,retail,2024-09-13,1,2934.65
ACC002846,retail,2024-09-02,16,4210.66
ACC002847,retail,2025-05-07,21,2962.46
ACC002848,retail,2025-08-07,18,3130.34
ACC002849,retail,2025-08-09,10,2521.01
ACC002850,retail,2025-07-27,21,2288.36
ACC002851,retail,2025-11-07,10,2426.06
ACC002852,retail,2025-03-25,16,4485.72
ACC002853,retail,2025-12-14,8,5295.15
ACC002854,retail,2025-08-23,26,2489.65
ACC002855,retail,2025-03-12,26,2203.05
ACC002856,retail,2025-06-24,22,2056.4
ACC002857,retail,2025-02-24,13,4901.87
ACC002858,retail,2025-11-29,10,3843.47
ACC002859,retail,2025-11-26,15,2843.9
ACC002860,retail,2024-07-23,3,4775.73
ACC002861,retail,2025-09-23,23,3509.59
ACC002862,retail,2025-02-17,2,7690.3
ACC002863,small_business,2023-06-16,6,5209.16
ACC002864,retail,2024-03-26,15,2937.66
ACC002865,retail,2025-03-26,14,1487.54
ACC002866,retail,2025-11-03,16,4190.76
ACC002867,retail,2025-07-12,15,2071.71
ACC002868,retail,2025-07-13,7,2079.37
ACC002869,retail,2025-11-20,11,5259.45
ACC002870,retail,2025-07-01,20,5036.49
ACC002871,retail,2023-08-21,5,4211.73
ACC002872,retail,2025-05-23,11,2199.82
ACC002873,retail,2024-03-09,28,3887.26
ACC002874,retail,2024-05-31,23,5950.23
ACC002875,retail,2025-09-29,11,2470.71
ACC002876,retail,2021-12-01,24,2546.88
ACC002877,retail,2025-02-24,28,1388.97
ACC002878,retail,2024-06-07,12,3748.0
ACC002879,retail,2023-11-18,13,3494.06
ACC002880,retail,2025-07-15,5,2698.39
ACC002881,retail,2024-04-21,25,3380.07
ACC002882,retail,2025-10-22,12,3553.4
ACC002883,retail,2024-01-23,17,4160.01
ACC002884,retail,2025-10-07,18,3033.96
ACC002885,retail,2024-03-17,4,1430.38
ACC002886,retail,2025-01-18,11,2316.8
ACC002887,retail,2023-09-27,8,3750.4
ACC002888,retail,2025-09-10,15,2188.83
ACC002889,retail,2025-08-13,4,5803.64
ACC002890,retail,2025-08-11,9,1408.1
ACC002891,retail,2023-09-18,15,4779.04
ACC002892,small_business,2025-08-31,8,7446.63
ACC002893,small_business,2018-10-17,5,1472.48
ACC002894,retail,2024-07-31,4,2957.3
ACC002895,retail,2025-12-23,2,2699.57
ACC002896,retail,2025-08-15,10,1454.39
ACC002897,retail,2025-06-06,13,3699.33
ACC002898,retail,2025-03-01,28,3028.69
ACC002899,retail,2024-10-14,20,1687.24
ACC002900,retail,2025-11-16,14,2188.53
ACC002901,retail,2025-09-01,8,2912.64
ACC002902,retail,2025-03-16,28,3091.67
ACC002903,retail,2025-06-10,6,4085.84
ACC002904,small_business,2024-05-11,27,4066.31
ACC002905,retail,2024-01-27,11,2456.34
ACC002906,retail,2025-10-10,19,1948.19
ACC002907,retail,2025-08-14,24,4485.7
ACC002908,retail,2025-09-19,11,2329.22
ACC002909,retail,2025-12-14,7,1738.54
ACC002910,new_account,2024-08-16,25,0.0
ACC002911,retail,2025-08-01,6,6936.26
ACC002912,retail,2025-10-10,16,2112.81
ACC002913,retail,2025-09-05,17,4355.77
ACC002914,retail,2025-07-18,15,2637.58
ACC002915,retail,2025-12-25,16,2869.42
ACC002916,retail,2022-08-13,10,5955.85
ACC002917,small_business,2023-05-18,16,1214.11
ACC002918,retail,2024-09-20,1,3223.3
ACC002919,retail,2025-10-01,3,2383.87
ACC002920,retail,2025-08-17,13,2631.14
ACC002921,retail,2024-03-20,17,3295.3
ACC002922,retail,2025-10-11,15,4119.26
ACC002923,retail,2025-07-05,8,2342.44
ACC002924,retail,2025-10-15,7,2983.08
ACC002925,retail,2025-04-27,19,982.87
ACC002926,small_business,2025-09-27,12,2774.3
ACC002927,retail,2024-07-18,2,4029.38
ACC002928,retail,2025-04-27,2,3102.4
ACC002929,retail,2024-12-22,10,2164.33
ACC002930,retail,2025-03-04,16,2441.59
ACC002931,retail,2024-09-09,20,1861.45
ACC002932,retail,2024-08-10,27,3595.42
ACC002933,retail,2025-06-14,21,4421.17
ACC002934,small_business,2024-10-13,22,1580.76
ACC002935,retail,2025-04-30,16,4475.51
ACC002936,retail,2025-05-14,10,2536.77
ACC002937,retail,2024-05-16,18,3087.72
ACC002938,retail,2025-07-16,1,2499.61
ACC002939,retail,2025-04-23,28,2220.69
ACC002940,retail,2025-12-19,4,2632.33
ACC002941,retail,2022-08-15,14,4096.83
ACC002942,retail,2024-01-31,5,5113.57
ACC002943,retail,2025-03-26,9,4007.72
ACC002944,retail,2025-12-02,24,5836.57
ACC002945,retail,2025-03-02,12,1619.34
ACC002946,retail,2023-07-30,25,1878.7
ACC002947,retail,2024-02-05,13,2106.56
ACC002948,retail,2025-12-11,12,2736.85
ACC002949,retail,2025-07-21,2,4398.32
ACC002950,retail,2025-09-24,13,4226.44
ACC002951,retail,2025-02-18,2,2582.82
ACC002952,retail,2024-04-15,19,1826.21
ACC002953,retail,2025-11-08,18,2307.54
ACC002954,retail,2025-06-27,7,5396.46
ACC002955,retail,2025-07-17,12,2380.89
ACC002956,retail,2024-05-19,18,1683.18
ACC002957,retail,2025-12-15,10,4796.73
ACC002958,retail,2025-04-04,3,3892.85
ACC002959,retail,2024-07-16,13,1967.09
ACC002960,small_business,2025-11-18,17,4134.79
ACC002961,new_account,2023-11-06,15,0.0
ACC002962,retail,2022-12-11,25,2124.73
ACC002963,retail,2025-12-03,18,3801.61
ACC002964,retail,2024-07-09,9,1588.91
ACC002965,retail,2023-10-02,27,1956.63
ACC002966,retail,2025-06-21,20,3619.69
ACC002967,retail,2024-10-21,22,2122.52
ACC002968,retail,2025-10-05,20,2565.32
ACC002969,retail,2025-03-29,4,2923.3
ACC002970,retail,2025-11-06,5,5442.67
ACC002971,retail,2025-03-05,4,1935.26
ACC002972,retail,2025-10-04,13,2162.65
ACC002973,retail,2025-09-22,12,2436.08
ACC002974,retail,2025-02-05,26,4631.77
ACC002975,retail,2025-09-06,11,3629.31
ACC002976,retail,2025-12-16,18,4578.71
ACC002977,retail,2025-09-24,12,2118.87
ACC002978,retail,2024-05-01,25,6253.0
ACC002979,retail,2025-10-24,5,2522.2
ACC002980,retail,2025-01-20,7,1303.29
ACC002981,retail,2025-12-23,20,3089.48
ACC002982,retail,2024-02-16,17,1409.23
ACC002983,retail,2025-08-13,13,6753.34
ACC002984,retail,2024-01-10,17,2906.32
ACC002985,retail,2023-12-14,2,3615.97
ACC002986,retail,2025-02-14,2,4039.66
ACC002987,retail,2024-03-10,2,2130.66
ACC002988,retail,2025-09-27,5,4261.07
ACC002989,retail,2025-10-18,23,3853.58
ACC002990,retail,2025-05-07,11,4023.46
ACC002991,retail,2023-11-08,26,1331.47
ACC002992,retail,2025-09-21,16,2735.82
ACC002993,retail,2025-08-28,17,705.97
ACC002994,retail,2024-08-13,15,2735.19
ACC002995,retail,2024-07-18,5,5524.29
ACC002996,retail,2022-04-18,20,2440.73
ACC002997,retail,2025-11-09,17,3704.16
ACC002998,retail,2024-06-29,5,5416.48
ACC002999,retail,2024-12-26,11,2796.01
ACC003000,retail,2025-12-25,20,4503.73
ACC003001,retail,2025-12-19,11,1696.69
ACC003002,retail,2024-09-28,6,4258.81
ACC003003,retail,2025-08-08,13,1909.66
ACC003004,retail,2023-01-18,20,2197.98
ACC003005,retail,2024-05-26,24,2644.19
ACC003006,retail,2025-08-29,27,3405.3
ACC003007,small_business,2025-10-30,10,1748.9
ACC003008,new_account,2022-10-11,19,0.0
ACC003009,retail,2025-09-27,11,5012.35
ACC003010,new_account,2025-10-14,17,0.0
ACC003011,retail,2025-07-20,27,3893.33
ACC003012,retail,2025-05-28,17,2782.72
ACC003013,retail,2020-03-01,18,5298.97
ACC003014,retail,2024-12-15,16,1782.48
ACC003015,retail,2022-12-17,23,1561.9
ACC003016,retail,2024-05-26,19,2535.98
ACC003017,retail,2025-03-16,10,2983.1
ACC003018,retail,2025-09-01,16,8814.32
ACC003019,small_business,2024-11-13,27,3670.01
ACC003020,retail,2023-02-01,1,2315.78
ACC003021,retail,2024-10-08,12,3788.71
ACC003022,retail,2024-04-18,11,3991.52
ACC003023,new_account,2025-03-02,22,0.0
ACC003024,retail,2024-01-28,4,5201.84
ACC003025,retail,2024-05-11,14,3046.11
ACC003026,retail,2025-04-30,19,3134.48
ACC003027,retail,2025-07-11,10,5042.67
ACC003028,retail,2025-10-05,26,3965.18
ACC003029,retail,2024-04-14,24,8429.81
ACC003030,retail,2024-10-25,28,1495.74
ACC003031,retail,2023-07-13,23,2654.0
ACC003032,retail,2024-03-06,21,3560.51
ACC003033,retail,2020-10-08,1,4518.9
ACC003034,retail,2025-06-07,20,1983.17
ACC003035,retail,2025-07-02,16,3112.54
ACC003036,retail,2022-01-19,9,8456.95
ACC003037,retail,2025-01-25,21,2912.79
ACC003038,retail,2025-02-07,26,4680.29
ACC003039,retail,2025-10-26,25,3070.35
ACC003040,small_business,2024-03-17,19,4805.11
ACC003041,retail,2025-12-30,19,1743.77
ACC003042,small_business,2025-10-17,8,2622.99
ACC003043,retail,2025-03-17,24,2135.72
ACC003044,retail,2025-11-25,2,2271.16
ACC003045,retail,2025-06-29,19,3537.53
ACC003046,retail,2025-02-02,16,5938.61
ACC003047,retail,2022-12-28,6,3171.82
ACC003048,retail,2024-03-21,17,2541.95
ACC003049,retail,2025-08-14,21,2491.2
ACC003050,retail,2024-08-12,24,3273.79
ACC003051,retail,2025-11-20,20,4380.86
ACC003052,retail,2025-12-16,25,4751.61
ACC003053,retail,2025-06-29,27,3217.79
ACC003054,small_business,2025-06-17,13,1882.05
ACC003055,retail,2026-01-01,5,3853.66
ACC003056,retail,2024-12-25,27,2675.5
ACC003057,retail,2022-12-13,22,2669.43
ACC003058,retail,2025-05-19,8,2579.4
ACC003059,retail,2023-10-09,2,5637.44
ACC003060,retail,2025-11-24,19,5356.6
ACC003061,retail,2017-09-01,23,2297.87
ACC003062,retail,2024-10-06,4,2615.84
ACC003063,retail,2024-06-27,7,1997.69
ACC003064,retail,2025-08-29,1,2117.44
ACC003065,retail,2025-05-14,15,6779.63
ACC003066,retail,2025-09-08,11,3162.53
ACC003067,retail,2025-07-14,14,4205.18
ACC003068,retail,2025-09-17,5,4122.04
ACC003069,retail,2025-01-28,14,9377.65
ACC003070,retail,2025-02-02,23,2078.09
ACC003071,retail,2025-11-16,7,2361.79
ACC003072,retail,2021-11-30,14,3496.85
ACC003073,small_business,2025-12-08,17,1758.07
ACC003074,retail,2024-01-23,25,2709.44
ACC003075,small_business,2024-11-25,20,4761.25
ACC003076,retail,2023-05-15,16,1537.5
ACC003077,retail,2025-02-09,28,1848.86
ACC003078,retail,2024-02-25,28,1988.11
ACC003079,retail,2025-07-28,24,5075.46
ACC003080,retail,2023-11-14,24,2840.58
ACC003081,retail,2022-10-17,2,1744.02
ACC003082,retail,2025-07-24,23,2454.62
ACC003083,retail,2024-12-24,5,4652.01
ACC003084,retail,2024-11-15,17,2897.35
ACC003085,retail,2024-06-11,7,3408.48
ACC003086,small_business,2025-07-24,18,3736.54
ACC003087,retail,2025-12-27,11,2670.82
ACC003088,retail,2025-12-21,22,2482.73
ACC003089,small_business,2025-12-29,16,2262.79
ACC003090,small_business,2023-07-23,17,3594.2
ACC003091,retail,2024-10-12,13,1803.3
ACC003092,retail,2025-08-17,11,4992.45
ACC003093,retail,2025-11-20,6,3379.52
ACC003094,retail,2024-12-11,15,1646.09
ACC003095,retail,2026-01-01,18,2779.82
ACC003096,small_business,2025-06-05,11,5136.19
ACC003097,retail,2025-04-17,18,5421.8
ACC003098,retail,2025-08-02,12,2660.18
ACC003099,retail,2025-12-17,22,1673.09
ACC003100,retail,2024-11-03,25,3561.52
ACC003101,retail,2024-06-23,28,4404.27
ACC003102,small_business,2024-03-14,24,2991.54
ACC003103,retail,2025-08-10,22,2675.39
ACC003104,retail,2021-10-19,21,1709.73
ACC003105,retail,2025-02-10,26,2932.18
ACC003106,retail,2024-12-18,23,7070.23
ACC003107,retail,2025-05-31,9,2181.88
ACC003108,retail,2025-10-23,20,4000.23
ACC003109,retail,2023-12-13,16,2535.34
ACC003110,retail,2024-08-09,7,4689.69
ACC003111,retail,2025-10-20,8,3077.79
ACC003112,new_account,2025-07-21,9,0.0
ACC003113,retail,2025-09-23,18,3389.28
ACC003114,retail,2025-03-21,10,2055.82
ACC003115,retail,2025-12-18,8,2436.57
ACC003116,retail,2025-04-05,10,3278.92
ACC003117,retail,2024-06-19,25,2129.6
ACC003118,retail,2025-09-09,10,3394.47
ACC003119,retail,2024-02-13,23,3760.2
ACC003120,retail,2023-12-13,7,5742.12
ACC003121,new_account,2025-09-18,23,0.0
ACC003122,retail,2025-04-30,23,4286.43
ACC003123,retail,2025-12-27,16,3397.51
ACC003124,retail,2025-02-13,11,2134.42
ACC003125,retail,2025-04-23,16,2782.35
ACC003126,retail,2024-05-06,12,3967.5
ACC003127,retail,2025-03-15,18,2630.33
ACC003128,retail,2025-09-14,26,4502.41
ACC003129,retail,2025-12-11,24,2563.29
ACC003130,retail,2025-09-18,9,5104.83
ACC003131,small_business,2024-01-14,10,6963.22
ACC003132,retail,2025-06-17,4,4407.84
ACC003133,small_business,2025-11-09,19,1444.05
ACC003134,retail,2025-05-02,22,2038.0
ACC003135,retail,2025-11-02,18,1556.12
ACC003136,retail,2025-12-06,13,3081.48
ACC003137,retail,2025-05-23,13,5242.44
ACC003138,retail,2025-04-22,27,4081.17
ACC003139,retail,2025-06-27,12,2882.71
ACC003140,retail,2023-09-24,25,7343.83
ACC003141,retail,2025-11-04,26,1674.44
ACC003142,retail,2023-08-07,5,4351.92
ACC003143,retail,2023-02-07,10,4364.55
ACC003144,retail,2025-09-17,2,4087.26
ACC003145,retail,2025-10-18,10,1934.95
ACC003146,retail,2025-10-02,23,1861.31
ACC003147,retail,2025-10-20,3,3076.72
ACC003148,new_account,2025-07-25,12,0.0
ACC003149,retail,2025-01-29,15,2656.43
ACC003150,small_business,2024-04-28,21,1633.99
ACC003151,retail,2025-11-24,9,4439.41
ACC003152,retail,2024-08-03,24,3022.18
ACC003153,retail,2024-04-16,16,2578.6
ACC003154,retail,2025-09-02,7,1301.22
ACC003155,retail,2025-04-20,7,3170.4
ACC003156,retail,2025-01-19,27,2255.34
ACC003157,retail,2025-08-26,18,4699.73
ACC003158,retail,2025-09-27,9,1347.66
ACC003159,retail,2022-04-08,18,2678.86
ACC003160,retail,2024-04-22,23,1958.29
ACC003161,retail,2025-06-09,9,4181.59
ACC003162,small_business,2025-12-28,5,3031.33
ACC003163,retail,2025-11-27,4,8558.39
ACC003164,retail,2024-10-03,20,3548.28
ACC003165,retail,2025-12-15,24,3186.23
ACC003166,retail,2025-06-13,19,2459.64
ACC003167,retail,2025-05-20,8,1408.17
ACC003168,new_account,2025-11-25,8,0.0
ACC003169,small_business,2025-04-15,2,4641.11
ACC003170,retail,2025-05-21,22,3518.94
ACC003171,retail,2025-06-28,17,2089.03
ACC003172,retail,2025-10-31,8,2796.43
ACC003173,retail,2025-12-30,21,4703.68
ACC003174,retail,2021-10-23,8,1859.21
ACC003175,retail,2025-07-08,2,4236.98
ACC003176,small_business,2025-09-16,4,2041.43
ACC003177,small_business,2025-08-06,14,3335.83
ACC003178,retail,2025-09-22,11,6204.47
ACC003179,retail,2025-10-09,23,1561.08
ACC003180,small_business,2025-12-21,16,3423.86
ACC003181,retail,2025-09-13,4,1671.37
ACC003182,retail,2023-10-01,22,2474.94
ACC003183,retail,2025-01-20,25,3312.64
ACC003184,retail,2024-04-24,5,2383.87
ACC003185,retail,2025-05-31,1,4317.81
ACC003186,retail,2025-02-02,18,2554.47
ACC003187,retail,2024-08-31,6,2816.69
ACC003188,retail,2023-02-17,14,4234.97
ACC003189,retail,2025-04-09,21,5992.98
ACC003190,retail,2024-02-13,16,3980.13
ACC003191,retail,2025-12-02,16,2398.58
ACC003192,retail,2024-11-26,21,4942.08
ACC003193,retail,2023-08-11,7,2469.32
ACC003194,retail,2024-12-25,25,4667.95
ACC003195,retail,2023-06-07,10,815.17
ACC003196,new_account,2025-04-04,11,0.0
ACC003197,retail,2025-03-20,10,3357.2
ACC003198,retail,2024-05-12,21,3916.43
ACC003199,retail,2023-11-01,2,4353.04
ACC003200,retail,2025-10-07,25,3112.18
ACC003201,retail,2025-02-20,3,4443.9
ACC003202,retail,2024-07-03,21,7205.41
ACC003203,retail,2025-04-06,19,3077.46
ACC003204,retail,2025-08-24,8,2541.79
ACC003205,new_account,2025-10-27,18,0.0
ACC003206,retail,2025-01-09,24,2493.25
ACC003207,retail,2025-10-27,24,3824.48
ACC003208,retail,2025-08-18,28,3853.04
ACC003209,small_business,2024-02-03,2,2434.13
ACC003210,retail,2025-02-08,6,3281.15
ACC003211,retail,2025-05-09,14,1539.33
ACC003212,retail,2023-12-29,27,4388.68
ACC003213,retail,2024-01-03,6,2507.26
ACC003214,small_business,2025-07-05,2,7145.89
ACC003215,retail,2025-03-30,27,1315.73
ACC003216,retail,2024-06-10,13,2364.7
ACC003217,retail,2022-01-20,26,4296.82
ACC003218,retail,2024-10-06,16,2008.58
ACC003219,retail,2020-06-10,6,2780.68
ACC003220,retail,2025-06-30,24,5092.06
ACC003221,retail,2025-03-11,28,11509.79
ACC003222,new_account,2023-05-08,10,0.0
ACC003223,retail,2025-07-01,2,3907.3
ACC003224,retail,2025-07-07,1,3121.21
ACC003225,retail,2023-11-27,10,5276.04
ACC003226,retail,2025-11-06,19,2422.47
ACC003227,retail,2025-12-12,20,5927.43
ACC003228,retail,2025-07-10,4,4165.51
ACC003229,retail,2025-09-11,11,1944.79
ACC003230,retail,2023-12-08,10,1651.33
ACC003231,retail,2025-12-29,15,4551.08
ACC003232,retail,2025-11-03,21,1901.6
ACC003233,retail,2025-01-10,18,3467.6
ACC003234,retail,2025-12-18,17,2109.67
ACC003235,retail,2025-05-20,16,4694.98
ACC003236,retail,2025-03-20,5,1994.94
ACC003237,retail,2025-02-11,28,4349.23
ACC003238,retail,2025-05-13,17,2877.42
ACC003239,retail,2025-02-21,15,7217.59
ACC003240,retail,2024-08-30,9,6565.81
ACC003241,retail,2025-05-20,7,3466.52
ACC003242,retail,2024-06-03,26,2233.61
ACC003243,retail,2025-12-20,4,3151.21
ACC003244,retail,2024-06-12,11,1686.37
ACC003245,retail,2025-11-25,6,6403.77
ACC003246,retail,2025-04-16,24,3284.04
ACC003247,retail,2024-05-28,15,2120.93
ACC003248,small_business,2025-06-05,21,2142.83
ACC003249,retail,2025-06-10,9,2447.53
ACC003250,retail,2025-01-16,23,3060.44
ACC003251,retail,2023-11-12,6,5797.44
ACC003252,retail,2022-02-11,1,2796.07
ACC003253,retail,2024-08-31,24,2704.4
ACC003254,retail,2025-05-19,11,3165.46
ACC003255,retail,2023-12-17,26,3963.94
ACC003256,retail,2025-07-11,10,3163.75
ACC003257,retail,2020-11-13,19,2783.59
ACC003258,retail,2025-02-13,22,1344.83
ACC003259,retail,2023-07-12,25,3404.83
ACC003260,retail,2025-11-02,7,3765.19
ACC003261,retail,2025-09-06,6,4982.27
ACC003262,retail,2024-09-07,20,7167.98
ACC003263,retail,2025-04-20,28,4368.97
ACC003264,retail,2025-09-30,21,3874.2
ACC003265,retail,2025-09-30,13,3303.7
ACC003266,retail,2023-10-05,27,3742.31
ACC003267,retail,2024-06-23,14,3474.37
ACC003268,retail,2025-07-14,17,3293.95
ACC003269,small_business,2023-09-25,11,1122.95
ACC003270,retail,2025-10-18,3,1727.12
ACC003271,retail,2023-06-14,13,2056.36
ACC003272,small_business,2024-11-03,22,3093.48
ACC003273,retail,2025-03-10,4,4900.76
ACC003274,retail,2024-07-08,6,2355.01
ACC003275,retail,2022-06-30,5,1805.58
ACC003276,retail,2024-06-18,16,2132.49
ACC003277,retail,2023-07-18,11,4265.52
ACC003278,retail,2022-10-28,8,3273.27
ACC003279,retail,2023-01-07,1,4750.46
ACC003280,retail,2025-02-26,9,6773.88
ACC003281,retail,2025-12-13,13,1506.61
ACC003282,retail,2025-05-11,8,1952.5
ACC003283,retail,2025-09-11,15,3308.69
ACC003284,retail,2025-11-21,25,2904.72
ACC003285,retail,2025-10-13,9,3093.86
ACC003286,retail,2024-05-20,11,3343.95
ACC003287,retail,2025-08-20,10,4348.07
ACC003288,retail,2022-08-16,19,4155.55
ACC003289,retail,2025-08-13,24,2074.93
ACC003290,retail,2025-12-03,19,2310.6
ACC003291,retail,2025-12-04,1,4009.44
ACC003292,small_business,2025-10-08,9,3174.97
ACC003293,small_business,2025-04-17,21,3222.72
ACC003294,retail,2025-06-30,12,2711.85
ACC003295,retail,2021-08-08,23,1764.07
ACC003296,retail,2025-01-11,8,3889.88
ACC003297,retail,2025-11-13,2,7214.46
ACC003298,retail,2025-08-19,22,2091.66
ACC003299,retail,2025-09-12,4,2321.73
ACC003300,retail,2025-09-18,15,4460.08
ACC003301,retail,2025-06-15,10,3008.97
ACC003302,retail,2025-05-03,6,3580.85
ACC003303,retail,2023-11-28,13,1916.18
ACC003304,retail,2024-12-20,22,1838.04
ACC003305,retail,2025-04-10,17,2377.07
ACC003306,retail,2025-10-07,23,3609.25
ACC003307,retail,2025-03-08,25,2366.36
ACC003308,retail,2025-01-20,10,2620.97
ACC003309,retail,2024-12-25,23,2942.48
ACC003310,retail,2024-11-06,4,3522.19
ACC003311,retail,2024-06-25,21,2010.52
ACC003312,retail,2024-08-24,10,2849.04
ACC003313,retail,2025-09-21,12,2387.23
ACC003314,retail,2024-11-29,20,1462.72
ACC003315,retail,2025-01-03,8,4562.69
ACC003316,retail,2024-09-09,8,1721.65
ACC003317,retail,2025-12-30,5,2637.92
ACC003318,retail,2024-06-28,16,2344.59
ACC003319,small_business,2025-03-28,5,3779.76
ACC003320,small_business,2024-08-29,15,2507.6
ACC003321,retail,2025-12-29,24,3270.48
ACC003322,retail,2025-07-17,20,2312.98
ACC003323,retail,2025-11-06,12,4682.27
ACC003324,retail,2025-07-19,14,1483.41
ACC003325,retail,2025-11-22,23,1954.46
ACC003326,retail,2024-01-06,18,2094.8
ACC003327,retail,2025-01-04,16,1673.9
ACC003328,retail,2024-06-14,25,3848.42
ACC003329,retail,2024-09-07,18,5878.46
ACC003330,retail,2025-05-22,26,2267.56
ACC003331,small_business,2025-11-07,22,2970.06
ACC003332,retail,2025-03-25,27,3079.46
ACC003333,retail,2025-11-11,7,4776.85
ACC003334,retail,2025-09-06,25,3680.46
ACC003335,retail,2023-08-03,8,2989.99
ACC003336,retail,2025-04-19,22,2871.07
ACC003337,retail,2025-08-17,25,4746.68
ACC003338,retail,2023-11-20,20,4320.84
ACC003339,small_business,2025-12-10,28,3240.22
ACC003340,retail,2025-06-28,26,4876.5
ACC003341,retail,2025-02-10,3,3681.19
ACC003342,retail,2025-11-05,17,3512.75
ACC003343,small_business,2025-07-20,15,4845.8
ACC003344,retail,2025-03-25,17,1209.16
ACC003345,retail,2024-12-08,23,3541.85
ACC003346,retail,2025-08-23,12,2680.16
ACC003347,retail,2025-02-22,3,3724.73
ACC003348,retail,2023-01-21,19,2253.32
ACC003349,retail,2024-12-31,4,2741.47
ACC003350,retail,2024-09-14,2,2868.66
ACC003351,retail,2025-11-29,27,2753.91
ACC003352,retail,2025-11-24,18,2503.62
ACC003353,retail,2025-10-27,17,4533.49
ACC003354,retail,2025-09-26,7,2556.33
ACC003355,retail,2025-01-11,19,2197.66
ACC003356,retail,2024-10-31,18,1688.27
ACC003357,retail,2025-06-01,5,6008.42
ACC003358,retail,2025-09-19,6,3253.5
ACC003359,retail,2025-12-01,11,2788.54
ACC003360,retail,2025-04-03,28,1637.8
ACC003361,retail,2025-01-05,17,3986.24
ACC003362,retail,2025-12-22,15,2173.28
ACC003363,retail,2025-05-28,4,3932.88
ACC003364,retail,2023-09-29,22,2602.4
ACC003365,retail,2024-05-15,7,4378.11
ACC003366,retail,2025-10-08,23,5465.25
ACC003367,retail,2025-07-31,19,4715.43
ACC003368,retail,2024-10-03,16,3654.51
ACC003369,retail,2025-11-29,3,2329.88
ACC003370,retail,2023-11-11,17,5692.01
ACC003371,retail,2023-11-27,15,2190.38
ACC003372,retail,2025-03-11,26,1235.01
ACC003373,retail,2025-10-21,2,2729.23
ACC003374,retail,2025-01-22,15,1928.55
ACC003375,retail,2022-10-18,5,3731.59
ACC003376,retail,2024-10-17,17,2585.38
ACC003377,small_business,2024-07-17,14,5762.64
ACC003378,retail,2025-01-30,15,4099.3
ACC003379,retail,2025-07-09,19,5799.89
ACC003380,retail,2025-09-27,2,3477.21
ACC003381,retail,2024-12-16,18,4102.81
ACC003382,retail,2025-04-15,15,2599.51
ACC003383,small_business,2024-09-09,22,4276.27
ACC003384,retail,2025-02-03,26,1901.41
ACC003385,retail,2025-08-03,10,3105.77
ACC003386,retail,2022-10-02,24,4224.36
ACC003387,retail,2025-07-09,1,3397.75
ACC003388,retail,2024-10-08,13,3656.33
ACC003389,retail,2022-08-27,9,3231.48
ACC003390,retail,2025-12-15,27,2940.03
ACC003391,retail,2025-02-01,1,4282.48
ACC003392,retail,2025-04-23,24,5635.32
ACC003393,retail,2022-10-28,7,2356.43
ACC003394,retail,2025-09-06,19,5989.27
ACC003395,small_business,2024-08-21,3,3887.18
ACC003396,retail,2024-08-20,2,2850.53
ACC003397,retail,2025-10-20,14,2487.23
ACC003398,retail,2025-11-05,12,4642.87
ACC003399,new_account,2025-07-15,23,0.0
ACC003400,retail,2022-12-22,3,3739.25
ACC003401,retail,2024-08-14,18,2633.83
ACC003402,retail,2024-03-02,2,3218.92
ACC003403,retail,2025-11-24,3,2820.49
ACC003404,retail,2025-03-03,16,2563.25
ACC003405,retail,2023-05-07,2,2488.69
ACC003406,retail,2025-03-05,10,2829.0
ACC003407,retail,2025-08-27,14,3238.47
ACC003408,new_account,2025-07-26,6,0.0
ACC003409,retail,2024-12-13,25,2708.88
ACC003410,retail,2025-06-16,5,3141.48
ACC003411,retail,2024-11-11,25,4246.87
ACC003412,small_business,2024-04-08,21,2864.86
ACC003413,retail,2025-08-03,24,2673.19
ACC003414,retail,2024-02-01,21,3818.58
ACC003415,retail,2025-07-06,14,2565.21
ACC003416,retail,2025-11-19,12,3182.22
ACC003417,retail,2024-11-01,13,5349.12
ACC003418,retail,2025-09-29,15,2905.22
ACC003419,retail,2023-09-18,28,2484.76
ACC003420,small_business,2025-03-07,13,2565.62
ACC003421,retail,2025-10-02,13,5582.59
ACC003422,retail,2024-11-25,3,2598.44
ACC003423,retail,2023-12-01,22,4707.36
ACC003424,retail,2025-08-19,22,4785.85
ACC003425,retail,2025-10-23,28,1870.82
ACC003426,retail,2023-06-26,18,3911.66
ACC003427,retail,2024-10-14,5,2243.84
ACC003428,retail,2025-07-15,21,3057.32
ACC003429,retail,2025-06-01,28,2669.55
ACC003430,retail,2025-08-06,12,4926.97
ACC003431,retail,2025-07-28,4,4793.83
ACC003432,retail,2024-06-07,6,3498.42
ACC003433,retail,2025-09-30,18,1331.92
ACC003434,retail,2025-11-27,13,3622.38
ACC003435,small_business,2024-09-16,17,4051.83
ACC003436,small_business,2025-02-12,5,3378.36
ACC003437,retail,2025-12-20,24,3060.38
ACC003438,retail,2023-06-03,8,3471.46
ACC003439,retail,2020-12-09,27,5100.47
ACC003440,retail,2024-10-18,1,4244.77
ACC003441,retail,2025-10-27,25,1725.93
ACC003442,retail,2024-12-09,1,2557.72
ACC003443,retail,2025-07-27,10,2339.21
ACC003444,retail,2022-11-25,15,2396.14
ACC003445,retail,2024-06-17,22,1737.39
ACC003446,small_business,2023-04-19,24,2246.96
ACC003447,retail,2025-06-22,18,3975.24
ACC003448,retail,2024-08-24,14,2598.0
ACC003449,retail,2025-09-09,18,3129.36
ACC003450,retail,2024-10-18,13,1531.42
ACC003451,retail,2025-06-10,27,1338.5
ACC003452,retail,2023-04-21,8,1569.82
ACC003453,retail,2022-11-14,8,1442.38
ACC003454,retail,2025-05-14,15,3599.52
ACC003455,retail,2024-12-02,12,4958.01
ACC003456,retail,2025-03-22,5,4551.37
ACC003457,retail,2025-08-23,9,3080.16
ACC003458,retail,2023-09-25,7,2669.49
ACC003459,retail,2024-05-18,24,1826.65
ACC003460,retail,2025-07-12,25,4413.66
ACC003461,retail,2024-08-13,4,2553.52
ACC003462,retail,2023-06-18,2,3413.53
ACC003463,retail,2025-06-26,26,2831.72
ACC003464,retail,2025-08-26,22,2050.15
ACC003465,retail,2025-05-16,14,1938.45
ACC003466,retail,2023-07-15,20,1952.75
ACC003467,small_business,2025-09-01,25,3825.09
ACC003468,retail,2025-11-25,1,2016.97
ACC003469,retail,2025-08-12,8,3178.32
ACC003470,retail,2024-12-27,7,3736.52
ACC003471,retail,2025-09-11,3,3919.79
ACC003472,small_business,2025-12-29,4,2726.54
ACC003473,small_business,2025-07-18,20,3336.96
ACC003474,retail,2024-08-28,2,1501.06
ACC003475,retail,2024-07-26,15,4147.95
ACC003476,retail,2025-12-28,20,1929.28
ACC003477,retail,2025-09-27,22,2836.83
ACC003478,retail,2025-10-05,23,1994.73
ACC003479,retail,2025-12-12,28,3136.08
ACC003480,small_business,2025-11-01,2,2574.64
ACC003481,retail,2025-03-23,8,3199.36
ACC003482,retail,2022-09-08,24,2007.39
ACC003483,retail,2022-10-14,2,7305.41
ACC003484,retail,2025-01-20,13,2812.59
ACC003485,retail,2025-11-14,15,3425.35
ACC003486,retail,2025-12-21,8,2752.8
ACC003487,retail,2024-07-27,18,3209.69
ACC003488,retail,2025-02-02,7,2047.99
ACC003489,retail,2025-06-09,25,2395.71
ACC003490,retail,2025-10-19,28,4364.26
ACC003491,retail,2022-09-08,25,2644.0
ACC003492,small_business,2025-10-31,2,3303.42
ACC003493,retail,2025-12-31,5,2720.61
ACC003494,retail,2025-01-02,17,2577.76
ACC003495,retail,2023-03-18,10,3356.42
ACC003496,retail,2025-01-10,8,2549.34
ACC003497,retail,2025-06-30,27,5387.26
ACC003498,retail,2024-07-28,24,3370.5
ACC003499,retail,2023-03-19,19,2920.49
ACC003500,small_business,2025-09-13,11,2636.22
ACC003501,small_business,2025-05-07,19,5154.56
ACC003502,retail,2025-04-25,20,2272.57
ACC003503,retail,2024-06-17,25,2331.68
ACC003504,retail,2024-09-22,22,2802.14
ACC003505,retail,2024-02-21,27,1443.29
ACC003506,new_account,2025-06-07,11,0.0
ACC003507,retail,2025-10-19,8,4754.69
ACC003508,retail,2025-09-06,10,5627.27
ACC003509,retail,2024-09-23,5,3639.04
ACC003510,retail,2025-05-05,22,1370.6
ACC003511,retail,2025-05-28,17,3367.95
ACC003512,retail,2025-01-18,8,4718.45
ACC003513,retail,2025-06-12,14,2736.48
ACC003514,retail,2025-11-21,10,2016.71
ACC003515,retail,2025-08-09,9,2757.84
ACC003516,retail,2025-03-05,2,3890.73
ACC003517,retail,2025-09-03,18,3037.89
ACC003518,retail,2025-07-04,19,3935.79
ACC003519,retail,2024-10-11,24,2966.66
ACC003520,retail,2024-12-03,6,2708.57
ACC003521,new_account,2025-04-27,21,0.0
ACC003522,retail,2025-03-24,22,4062.72
ACC003523,retail,2024-04-25,14,2972.05
ACC003524,retail,2025-02-21,18,2642.26
ACC003525,retail,2024-01-20,16,1646.2
ACC003526,retail,2025-06-01,2,3529.57
ACC003527,retail,2025-06-11,12,1897.98
ACC003528,new_account,2025-11-20,21,0.0
ACC003529,retail,2025-08-08,22,2769.95
ACC003530,retail,2025-07-21,13,2847.0
ACC003531,retail,2025-12-19,26,3499.08
ACC003532,retail,2023-11-14,17,2174.97
ACC003533,retail,2025-09-26,11,2082.59
ACC003534,retail,2024-08-01,23,3749.5
ACC003535,retail,2024-01-26,14,1573.33
ACC003536,retail,2025-01-23,14,5410.27
ACC003537,retail,2025-06-09,5,1946.38
ACC003538,retail,2025-04-13,10,1520.06
ACC003539,small_business,2025-08-15,13,5167.99
ACC003540,retail,2025-02-19,6,2536.05
ACC003541,retail,2025-06-12,25,3939.84
ACC003542,retail,2025-07-19,18,2594.09
ACC003543,retail,2023-12-29,16,1798.76
ACC003544,retail,2025-01-02,8,1822.91
ACC003545,retail,2025-06-23,28,3996.89
ACC003546,retail,2025-11-02,8,5173.25
ACC003547,retail,2023-11-22,10,5502.47
ACC003548,retail,2024-01-04,28,3527.04
ACC003549,retail,2024-09-20,23,4559.04
ACC003550,small_business,2025-03-25,5,2619.12
ACC003551,retail,2024-08-27,26,2883.42
ACC003552,retail,2025-05-26,15,5171.58
ACC003553,retail,2022-10-29,2,3797.91
ACC003554,retail,2024-08-04,18,3058.75
ACC003555,retail,2024-10-04,14,4857.21
ACC003556,retail,2024-02-12,14,6670.31
ACC003557,retail,2023-12-08,18,1620.89
ACC003558,retail,2025-05-20,17,2410.13
ACC003559,retail,2025-09-01,5,2979.02
ACC003560,retail,2024-06-19,13,2777.02
ACC003561,retail,2025-05-12,8,2699.49
ACC003562,retail,2025-10-28,9,2460.24
ACC003563,retail,2023-04-10,7,4438.92
ACC003564,retail,2025-09-08,11,3752.68
ACC003565,retail,2024-08-17,21,5214.18
ACC003566,retail,2025-12-14,3,4800.47
ACC003567,retail,2024-10-04,15,4339.82
ACC003568,retail,2025-08-15,28,2905.76
ACC003569,retail,2024-04-04,12,1920.86
ACC003570,retail,2024-10-31,3,3034.58
ACC003571,retail,2024-01-08,18,4929.76
ACC003572,retail,2025-10-20,24,2408.16
ACC003573,retail,2025-06-21,27,2734.21
ACC003574,retail,2022-03-03,7,3407.0
ACC003575,retail,2024-04-25,2,2783.68
ACC003576,small_business,2025-11-02,9,2903.16
ACC003577,retail,2025-08-26,13,2876.47
ACC003578,retail,2025-05-30,22,5676.65
ACC003579,small_business,2023-05-11,20,3817.03
ACC003580,retail,2025-06-24,20,3424.16
ACC003581,retail,2024-12-07,2,1102.15
ACC003582,new_account,2024-02-13,28,0.0
ACC003583,retail,2024-07-31,3,2481.73
ACC003584,retail,2025-11-20,7,1903.86
ACC003585,retail,2024-02-27,26,1507.32
ACC003586,retail,2025-01-19,25,3290.87
ACC003587,small_business,2018-09-07,19,4249.82
ACC003588,retail,2025-08-13,24,4842.91
ACC003589,retail,2025-07-10,22,3689.17
ACC003590,retail,2024-01-16,18,2079.61
ACC003591,retail,2023-06-03,7,2526.58
ACC003592,retail,2025-09-24,16,4339.8
ACC003593,retail,2025-09-25,7,1616.62
ACC003594,retail,2025-09-15,28,1469.65
ACC003595,small_business,2025-04-27,11,3004.36
ACC003596,retail,2024-07-28,10,4773.33
ACC003597,retail,2025-01-28,1,1763.42
ACC003598,retail,2023-02-14,7,2131.66
ACC003599,retail,2023-02-19,7,1835.25
ACC003600,small_business,2025-11-25,24,2964.9
ACC003601,retail,2025-07-16,4,1914.68
ACC003602,retail,2024-11-23,24,5074.17
ACC003603,retail,2025-11-13,25,1525.03
ACC003604,retail,2025-06-05,16,2504.75
ACC003605,retail,2024-09-13,8,1761.72
ACC003606,retail,2025-08-05,23,9021.35
ACC003607,retail,2025-06-04,20,2695.61
ACC003608,retail,2024-07-04,23,2052.37
ACC003609,retail,2025-04-19,7,3902.56
ACC003610,retail,2024-08-26,13,5422.05
ACC003611,retail,2025-08-16,8,4970.99
ACC003612,retail,2025-05-16,18,2515.33
ACC003613,retail,2025-12-15,11,3494.88
ACC003614,retail,2025-11-14,25,4709.92
ACC003615,retail,2025-09-26,10,3110.68
ACC003616,retail,2025-03-24,13,3538.09
ACC003617,small_business,2025-03-23,15,3486.77
ACC003618,retail,2025-11-15,18,1592.75
ACC003619,retail,2024-11-25,21,3508.12
ACC003620,retail,2025-12-11,12,2199.71
ACC003621,new_account,2025-08-08,10,0.0
ACC003622,retail,2025-02-20,9,2243.95
ACC003623,retail,2024-10-05,12,3691.32
ACC003624,retail,2024-07-30,17,1469.44
ACC003625,retail,2023-10-06,16,3255.42
ACC003626,retail,2024-11-17,15,4505.06
ACC003627,retail,2025-12-30,4,4588.23
ACC003628,retail,2025-04-17,26,2879.91
ACC003629,retail,2025-06-14,24,2476.15
ACC003630,retail,2020-07-17,16,1921.24
ACC003631,new_account,2025-11-14,25,0.0
ACC003632,retail,2025-12-11,27,2490.99
ACC003633,retail,2025-03-18,11,2534.0
ACC003634,retail,2025-09-23,7,2166.84
ACC003635,small_business,2024-10-31,12,4581.64
ACC003636,retail,2024-04-17,11,2368.96
ACC003637,retail,2022-12-29,14,4224.6
ACC003638,retail,2025-12-15,2,5200.88
ACC003639,retail,2023-03-31,19,2738.33
ACC003640,retail,2025-11-20,28,5211.92
ACC003641,retail,2025-10-18,8,3561.68
ACC003642,retail,2025-01-06,24,3402.78
ACC003643,new_account,2025-12-06,5,0.0
ACC003644,small_business,2024-02-29,1,4023.5
ACC003645,retail,2022-01-10,9,3803.57
ACC003646,retail,2024-06-14,18,2610.39
ACC003647,retail,2025-11-11,19,1255.74
ACC003648,retail,2024-06-13,19,3615.6
ACC003649,small_business,2025-12-27,24,2545.24
ACC003650,retail,2025-12-24,14,3373.21
ACC003651,retail,2024-11-30,10,2946.38
ACC003652,retail,2024-12-06,5,3151.8
ACC003653,retail,2022-12-24,7,2619.58
ACC003654,retail,2023-11-17,11,5085.9
ACC003655,retail,2025-09-26,8,2354.38
ACC003656,retail,2025-08-13,13,3403.01
ACC003657,retail,2025-06-13,19,2540.44
ACC003658,retail,2025-03-31,27,3174.35
ACC003659,retail,2025-08-14,8,2232.18
ACC003660,retail,2021-12-20,16,3451.77
ACC003661,retail,2025-05-30,18,4495.63
ACC003662,retail,2025-04-17,21,4118.91
ACC003663,retail,2025-12-28,22,3190.68
ACC003664,retail,2023-03-30,11,3947.07
ACC003665,small_business,2021-01-17,9,3845.9
ACC003666,retail,2025-09-18,25,2465.01
ACC003667,retail,2021-10-01,27,3968.31
ACC003668,retail,2025-12-24,16,2546.97
ACC003669,retail,2025-09-14,24,3825.37
ACC003670,retail,2025-10-23,21,6137.46
ACC003671,retail,2025-10-11,24,2550.99
ACC003672,retail,2025-04-12,16,5127.24
ACC003673,retail,2025-11-07,15,3727.44
ACC003674,small_business,2024-02-01,6,2535.5
ACC003675,retail,2025-08-27,24,5964.72
ACC003676,new_account,2025-11-06,26,0.0
ACC003677,retail,2024-09-14,12,3476.16
ACC003678,retail,2023-12-14,6,3350.51
ACC003679,retail,2023-04-27,5,3121.09
ACC003680,small_business,2023-12-12,24,2015.91
ACC003681,retail,2025-05-05,18,2333.28
ACC003682,retail,2025-11-20,16,4209.51
ACC003683,retail,2025-07-31,6,2138.74
ACC003684,retail,2024-12-08,18,3120.63
ACC003685,retail,2023-04-12,21,2854.32
ACC003686,retail,2025-08-26,2,2020.57
ACC003687,retail,2025-01-11,17,3077.37
ACC003688,retail,2025-10-16,2,2558.94
ACC003689,small_business,2025-08-02,27,4008.01
ACC003690,retail,2025-11-29,28,4068.86
ACC003691,retail,2023-02-14,3,2224.04
ACC003692,retail,2023-10-09,27,3472.04
ACC003693,small_business,2025-07-26,22,2932.93
ACC003694,retail,2023-12-11,2,3694.95
ACC003695,retail,2024-01-08,25,1808.36
ACC003696,retail,2025-12-03,1,5289.36
ACC003697,retail,2021-12-30,14,1416.77
ACC003698,retail,2025-12-08,5,3515.52
ACC003699,retail,2025-08-06,27,5599.7
ACC003700,retail,2025-07-20,21,3323.17
ACC003701,retail,2025-02-22,8,5632.55
ACC003702,retail,2023-12-02,3,1696.66
ACC003703,retail,2025-07-08,23,3327.58
ACC003704,retail,2025-05-05,5,2459.99
ACC003705,retail,2021-07-11,1,3319.4
ACC003706,retail,2025-10-24,7,2058.09
ACC003707,retail,2024-06-15,17,1837.62
ACC003708,retail,2025-03-22,15,2678.18
ACC003709,retail,2025-02-03,12,5059.8
ACC003710,small_business,2024-04-11,2,6243.0
ACC003711,small_business,2025-05-23,20,4430.57
ACC003712,retail,2021-11-10,21,2536.44
ACC003713,retail,2025-06-01,22,4153.3
ACC003714,retail,2022-07-15,20,4410.33
ACC003715,retail,2025-02-18,16,2697.65
ACC003716,retail,2024-06-03,22,6242.57
ACC003717,retail,2025-09-29,16,4799.24
ACC003718,retail,2025-08-18,1,4500.04
ACC003719,retail,2025-02-17,1,6587.89
ACC003720,retail,2025-09-11,18,1852.74
ACC003721,retail,2023-09-29,18,3557.11
ACC003722,retail,2024-10-28,14,1619.28
ACC003723,new_account,2024-04-03,1,0.0
ACC003724,retail,2023-12-11,1,2347.75
ACC003725,retail,2025-08-13,17,1779.7
ACC003726,retail,2024-08-06,24,2642.2
ACC003727,retail,2024-02-15,9,5236.71
ACC003728,retail,2024-06-10,18,2834.73
ACC003729,retail,2025-05-05,10,3443.7
ACC003730,retail,2023-03-12,1,3068.41
ACC003731,retail,2021-01-21,17,2509.48
ACC003732,retail,2025-08-27,27,6656.77
ACC003733,retail,2025-11-14,23,2625.85
ACC003734,retail,2024-12-23,22,2161.65
ACC003735,retail,2023-11-29,14,3597.54
ACC003736,retail,2025-10-16,26,3106.81
ACC003737,retail,2024-11-09,6,2564.73
ACC003738,retail,2025-04-09,4,2381.69
ACC003739,retail,2024-10-11,4,1565.4
ACC003740,retail,2025-11-30,17,4029.01
ACC003741,retail,2025-10-27,5,5359.24
ACC003742,retail,2025-09-18,8,1696.48
ACC003743,retail,2024-12-17,7,3508.96
ACC003744,retail,2025-07-06,20,3760.85
ACC003745,retail,2023-09-08,17,4919.38
ACC003746,retail,2024-12-25,9,4696.54
ACC003747,retail,2025-11-18,27,3743.98
ACC003748,retail,2025-06-02,12,2618.43
ACC003749,retail,2024-08-19,9,4200.1
ACC003750,retail,2025-05-19,26,5485.46
ACC003751,retail,2025-09-17,13,3137.47
ACC003752,retail,2025-05-08,3,3844.08
ACC003753,retail,2025-10-23,12,4474.53
ACC003754,retail,2024-04-12,13,1865.47
ACC003755,retail,2024-06-05,15,3206.29
ACC003756,retail,2025-09-18,19,4258.84
ACC003757,retail,2025-03-23,8,2110.59
ACC003758,retail,2024-09-30,23,6741.61
ACC003759,retail,2025-07-26,8,2900.73
ACC003760,retail,2025-04-11,10,1698.18
ACC003761,retail,2025-11-28,22,1509.52
ACC003762,retail,2021-11-11,27,3462.08
ACC003763,retail,2025-09-28,28,3643.72
ACC003764,retail,2023-07-02,3,2946.79
ACC003765,retail,2020-09-16,21,4672.13
ACC003766,retail,2025-03-01,28,3908.06
ACC003767,retail,2025-01-04,21,3800.08
ACC003768,retail,2024-02-08,25,1426.86
ACC003769,new_account,2025-06-04,2,0.0
ACC003770,retail,2025-11-20,3,2352.54
ACC003771,retail,2025-07-05,13,4962.72
ACC003772,retail,2025-11-12,13,3212.62
ACC003773,retail,2025-06-17,13,3482.03
ACC003774,retail,2024-12-30,18,1977.24
ACC003775,retail,2020-12-22,16,5629.5
ACC003776,retail,2025-05-30,2,4425.29
ACC003777,retail,2025-08-16,21,2185.84
ACC003778,retail,2025-12-28,1,1403.62
ACC003779,new_account,2025-04-23,23,0.0
ACC003780,retail,2023-07-29,6,1620.61
ACC003781,retail,2025-01-01,3,2718.09
ACC003782,small_business,2025-01-10,16,2167.23
ACC003783,retail,2024-12-04,28,2701.61
ACC003784,retail,2022-07-07,14,3564.15
ACC003785,retail,2024-08-11,21,5558.94
ACC003786,retail,2025-08-04,26,4433.97
ACC003787,retail,2025-09-26,11,1783.1
ACC003788,retail,2022-02-28,19,2611.27
ACC003789,retail,2022-03-09,28,3306.2
ACC003790,retail,2024-04-17,4,1946.29
ACC003791,retail,2025-11-15,17,3106.44
ACC003792,retail,2022-07-27,2,3009.69
ACC003793,retail,2025-11-18,8,2983.56
ACC003794,retail,2025-10-28,7,1719.8
ACC003795,retail,2025-07-29,28,4953.48
ACC003796,retail,2024-03-04,23,1811.55
ACC003797,retail,2024-04-17,19,4312.26
ACC003798,retail,2025-07-27,16,3506.72
ACC003799,retail,2025-09-28,9,3748.04
ACC003800,retail,2025-04-27,2,3867.59
ACC003801,retail,2025-07-21,3,2455.65
ACC003802,retail,2025-10-27,22,3156.97
ACC003803,retail,2025-07-10,9,4061.97
ACC003804,retail,2025-06-13,18,2444.8
ACC003805,retail,2025-08-20,19,3226.93
ACC003806,retail,2024-08-18,22,3395.15
ACC003807,retail,2023-06-22,2,3949.33
ACC003808,retail,2025-04-08,6,1466.29
ACC003809,retail,2025-10-01,28,2641.66
ACC003810,small_business,2025-09-03,11,5624.91
ACC003811,retail,2022-11-28,1,4166.35
ACC003812,retail,2025-07-07,7,3454.38
ACC003813,retail,2025-10-26,19,1605.15
ACC003814,retail,2025-03-07,5,3234.33
ACC003815,retail,2025-08-29,25,4142.58
ACC003816,retail,2022-02-01,27,3408.84
ACC003817,retail,2025-11-20,23,3203.89
ACC003818,retail,2025-07-03,27,2033.57
ACC003819,new_account,2025-05-19,13,0.0
ACC003820,retail,2025-04-26,3,4330.87
ACC003821,retail,2025-01-06,10,3645.66
ACC003822,retail,2024-11-12,6,3174.61
ACC003823,retail,2022-08-11,19,4405.47
ACC003824,retail,2025-07-24,8,2379.67
ACC003825,retail,2024-12-16,19,2251.2
ACC003826,small_business,2025-09-18,27,3120.42
ACC003827,retail,2025-08-07,28,2983.11
ACC003828,retail,2024-05-03,13,2158.99
ACC003829,retail,2025-04-24,22,2480.74
ACC003830,retail,2025-08-18,18,3673.9
ACC003831,new_account,2024-05-10,11,0.0
ACC003832,retail,2025-09-11,13,2295.59
ACC003833,retail,2025-11-04,25,7088.36
ACC003834,retail,2024-10-02,24,4545.3
ACC003835,retail,2025-07-25,5,1914.58
ACC003836,retail,2025-06-28,26,5083.74
ACC003837,retail,2025-11-26,23,3318.82
ACC003838,retail,2025-12-06,24,3295.72
ACC003839,retail,2025-09-28,3,2308.43
ACC003840,retail,2024-04-12,17,2800.32
ACC003841,retail,2025-10-01,24,2115.2
ACC003842,retail,2020-09-09,12,2555.7
ACC003843,retail,2025-02-23,2,3797.74
ACC003844,retail,2025-12-26,4,3601.32
ACC003845,retail,2024-11-02,14,3122.03
ACC003846,retail,2022-07-27,8,2945.68
ACC003847,retail,2023-10-27,27,3051.67
ACC003848,retail,2025-05-20,3,1824.15
ACC003849,retail,2021-04-20,11,6364.23
ACC003850,retail,2023-12-25,20,1729.64
ACC003851,retail,2025-06-08,25,3036.27
ACC003852,retail,2026-01-01,20,2705.3
ACC003853,retail,2025-10-10,20,3706.28
ACC003854,retail,2025-08-04,13,1924.08
ACC003855,retail,2025-01-19,25,4918.6
ACC003856,retail,2025-11-25,11,4299.82
ACC003857,retail,2025-05-24,1,2496.46
ACC003858,retail,2024-10-03,21,2675.5
ACC003859,retail,2023-11-04,9,1906.59
ACC003860,retail,2024-10-24,26,2931.89
ACC003861,retail,2025-03-05,15,4558.4
ACC003862,retail,2025-01-14,16,5248.05
ACC003863,retail,2025-09-09,8,3872.89
ACC003864,retail,2024-05-07,12,3347.48
ACC003865,retail,2025-12-08,18,1974.67
ACC003866,small_business,2024-03-05,13,3264.21
ACC003867,retail,2025-11-11,14,1498.81
ACC003868,retail,2025-02-23,6,4531.38
ACC003869,retail,2025-11-20,22,3925.72
ACC003870,retail,2025-09-01,19,3711.14
ACC003871,retail,2024-06-01,22,3053.26
ACC003872,retail,2024-11-20,13,3132.23
ACC003873,retail,2025-05-25,3,2375.64
ACC003874,retail,2025-02-09,25,6127.92
ACC003875,retail,2025-04-18,20,1167.69
ACC003876,retail,2025-05-07,10,2331.77
ACC003877,retail,2023-07-13,26,2088.21
ACC003878,small_business,2024-11-08,8,2029.79
ACC003879,retail,2025-11-04,23,3486.84
ACC003880,retail,2023-11-08,3,1970.73
ACC003881,small_business,2025-10-03,3,1942.5
ACC003882,retail,2023-04-23,9,2178.24
ACC003883,retail,2024-07-14,5,2453.69
ACC003884,retail,2025-02-27,13,2968.81
ACC003885,retail,2025-09-27,23,4180.18
ACC003886,retail,2024-07-02,26,3795.28
ACC003887,retail,2024-10-05,21,1988.08
ACC003888,retail,2025-10-02,5,1474.41
ACC003889,retail,2023-04-12,24,1849.76
ACC003890,retail,2025-05-04,13,2547.61
ACC003891,retail,2025-09-17,11,5289.35
ACC003892,retail,2024-12-28,12,3218.21
ACC003893,retail,2024-11-02,4,1340.32
ACC003894,retail,2024-06-12,3,2248.17
ACC003895,retail,2025-11-19,1,2347.36
ACC003896,retail,2024-06-21,10,3115.57
ACC003897,retail,2024-06-04,15,2123.77
ACC003898,retail,2024-06-30,12,4135.81
ACC003899,retail,2025-09-29,25,4143.08
ACC003900,retail,2025-10-18,9,3030.91
ACC003901,retail,2025-05-24,4,5529.96
ACC003902,retail,2024-02-29,5,3795.76
ACC003903,retail,2024-12-16,3,3288.54
ACC003904,small_business,2025-11-04,6,2691.69
ACC003905,retail,2025-09-04,14,4143.8
ACC003906,retail,2023-09-16,15,4351.4
ACC003907,retail,2024-04-03,18,1351.91
ACC003908,retail,2025-10-20,18,2445.28
ACC003909,retail,2025-02-16,17,3131.95
ACC003910,retail,2025-12-08,14,2733.42
ACC003911,retail,2025-11-27,4,3570.01
ACC003912,retail,2024-01-27,1,3241.77
ACC003913,retail,2025-08-08,3,2279.23
ACC003914,retail,2025-10-18,12,1923.04
ACC003915,retail,2025-04-24,18,3609.11
ACC003916,small_business,2024-06-29,3,1675.99
ACC003917,retail,2025-01-17,20,1726.98
ACC003918,retail,2025-09-09,20,2919.04
ACC003919,retail,2024-06-26,26,2498.98
ACC003920,retail,2025-11-04,11,1907.25
ACC003921,retail,2025-12-10,28,4425.53
ACC003922,retail,2023-09-24,13,3582.02
ACC003923,retail,2025-07-28,1,3441.17
ACC003924,retail,2024-12-17,10,1966.64
ACC003925,retail,2025-02-20,14,3788.16
ACC003926,retail,2025-07-08,13,3197.96
ACC003927,retail,2024-12-20,25,2501.04
ACC003928,retail,2025-05-29,3,1890.08
ACC003929,retail,2023-03-05,24,2848.47
ACC003930,retail,2023-07-06,18,5651.35
ACC003931,retail,2025-09-08,8,5230.48
ACC003932,retail,2021-06-22,19,3230.19
ACC003933,retail,2025-07-07,17,2114.8
ACC003934,retail,2022-08-06,6,2395.85
ACC003935,retail,2022-09-01,22,2890.7
ACC003936,retail,2025-05-18,13,5041.15
ACC003937,retail,2025-12-09,6,2663.83
ACC003938,retail,2024-02-04,5,3131.81
ACC003939,retail,2025-07-29,9,8113.37
ACC003940,retail,2025-01-07,10,2456.29
ACC003941,retail,2025-12-10,9,3601.57
ACC003942,retail,2025-02-15,16,1003.27
ACC003943,retail,2024-12-20,5,2117.11
ACC003944,retail,2025-10-17,3,2671.91
ACC003945,retail,2025-05-30,6,4479.12
ACC003946,small_business,2025-06-11,14,1775.04
ACC003947,retail,2025-08-28,9,3263.3
ACC003948,retail,2025-10-29,14,4661.88
ACC003949,retail,2025-08-24,10,3022.02
ACC003950,retail,2025-06-04,16,2117.84
ACC003951,retail,2025-03-08,26,1922.04
ACC003952,retail,2024-12-06,3,2323.74
ACC003953,retail,2025-09-25,12,3338.42
ACC003954,retail,2025-06-11,9,2861.72
ACC003955,retail,2024-05-08,8,1973.49
ACC003956,retail,2024-10-21,24,2427.82
ACC003957,retail,2023-08-31,21,2288.26
ACC003958,small_business,2025-05-18,16,2751.14
ACC003959,retail,2024-10-19,20,1689.6
ACC003960,retail,2024-03-21,20,3260.38
ACC003961,retail,2025-04-08,7,1788.56
ACC003962,small_business,2024-04-29,15,1932.8
ACC003963,retail,2025-03-16,4,2133.51
ACC003964,retail,2023-09-26,5,2680.26
ACC003965,retail,2025-12-28,10,2607.53
ACC003966,retail,2023-12-11,1,3737.8
ACC003967,retail,2025-01-04,13,4996.97
ACC003968,retail,2023-08-02,11,3370.45
ACC003969,retail,2022-03-31,27,2980.23
ACC003970,retail,2024-12-18,20,4810.95
ACC003971,retail,2025-03-25,13,2632.3
ACC003972,retail,2022-12-07,26,3501.71
ACC003973,retail,2025-07-08,28,4266.72
ACC003974,retail,2024-03-27,11,996.08
ACC003975,retail,2024-02-21,15,1306.93
ACC003976,retail,2024-08-14,11,3540.93
ACC003977,retail,2025-12-09,14,2408.76
ACC003978,retail,2024-10-11,27,2148.0
ACC003979,retail,2024-06-17,27,2084.89
ACC003980,retail,2025-09-26,28,1916.76
ACC003981,retail,2025-11-27,21,4743.84
ACC003982,retail,2025-08-16,20,2768.47
ACC003983,retail,2024-08-29,5,2461.63
ACC003984,retail,2025-09-15,10,3663.83
ACC003985,retail,2024-07-26,11,1749.39
ACC003986,retail,2023-02-24,20,3837.47
ACC003987,retail,2025-07-29,23,3682.01
ACC003988,retail,2025-03-21,7,2192.12
ACC003989,retail,2023-03-24,16,3922.0
ACC003990,small_business,2025-12-30,11,2684.12
ACC003991,retail,2025-12-23,6,3029.41
ACC003992,retail,2025-11-16,13,4264.04
ACC003993,retail,2022-12-02,11,4045.93
ACC003994,retail,2025-12-15,10,3499.22
ACC003995,new_account,2025-12-26,24,0.0
ACC003996,small_business,2025-07-02,23,2573.93
ACC003997,retail,2024-11-22,21,2549.97
ACC003998,retail,2025-10-14,16,3125.47
ACC003999,retail,2025-02-25,19,3486.38
ACC004000,retail,2021-11-11,26,4522.75
ACC004001,small_business,2024-10-08,8,3272.51
ACC004002,retail,2025-12-31,11,2357.42
ACC004003,retail,2025-07-07,13,2207.32
ACC004004,retail,2025-11-21,9,3106.48
ACC004005,retail,2025-05-12,27,2674.4
ACC004006,retail,2024-01-29,26,6393.24
ACC004007,small_business,2023-12-31,13,2016.37
ACC004008,retail,2024-11-14,12,3279.66
ACC004009,new_account,2025-03-15,4,0.0
ACC004010,small_business,2025-06-06,19,1790.88
ACC004011,new_account,2025-01-20,7,0.0
ACC004012,retail,2025-01-13,19,2376.24
ACC004013,retail,2025-08-19,18,4123.12
ACC004014,retail,2022-01-04,6,4861.41
ACC004015,retail,2025-02-07,22,1529.22
ACC004016,small_business,2024-10-10,25,4513.38
ACC004017,retail,2025-02-21,18,2669.93
ACC004018,small_business,2024-12-05,1,3664.57
ACC004019,retail,2022-11-02,24,4564.98
ACC004020,retail,2025-10-19,15,6362.67
ACC004021,retail,2025-12-31,23,2806.99
ACC004022,retail,2022-03-16,7,2145.93
ACC004023,retail,2025-07-09,15,5706.79
ACC004024,retail,2025-11-18,26,2489.17
ACC004025,retail,2025-08-11,10,1338.52
ACC004026,retail,2024-05-16,27,4251.9
ACC004027,retail,2023-05-19,23,5215.52
ACC004028,small_business,2025-10-17,3,3154.06
ACC004029,retail,2025-05-17,27,1619.72
ACC004030,retail,2025-03-12,28,3640.69
ACC004031,small_business,2025-10-01,26,1344.19
ACC004032,retail,2025-12-15,26,3086.96
ACC004033,retail,2025-12-23,14,2225.36
ACC004034,retail,2025-02-03,22,2042.72
ACC004035,retail,2025-10-13,16,3859.6
ACC004036,retail,2025-06-03,5,2187.01
ACC004037,retail,2024-08-01,21,2725.84
ACC004038,small_business,2024-12-20,10,4377.55
ACC004039,retail,2025-12-14,8,4091.22
ACC004040,retail,2025-07-13,9,2782.98
ACC004041,small_business,2025-11-02,22,2811.15
ACC004042,retail,2025-01-07,5,2061.67
ACC004043,retail,2025-12-11,23,3102.6
ACC004044,retail,2025-10-10,14,6152.55
ACC004045,retail,2025-05-19,26,3757.96
ACC004046,retail,2023-12-26,13,3971.52
ACC004047,retail,2025-05-29,3,2113.8
ACC004048,retail,2025-04-22,15,2906.42
ACC004049,retail,2023-12-07,20,2888.71
ACC004050,retail,2023-01-03,16,2518.37
ACC004051,retail,2025-01-30,19,4527.94
ACC004052,retail,2023-12-05,13,2984.45
ACC004053,retail,2025-10-11,18,3200.82
ACC004054,retail,2025-03-23,17,4959.06
ACC004055,retail,2023-04-14,28,3251.79
ACC004056,retail,2023-12-30,23,2997.0
ACC004057,retail,2025-10-19,14,2965.16
ACC004058,retail,2023-02-22,18,2933.4
ACC004059,retail,2024-10-21,2,2438.66
ACC004060,retail,2025-07-07,26,3381.95
ACC004061,retail,2023-07-06,12,2924.43
ACC004062,retail,2025-09-17,23,5690.81
ACC004063,retail,2025-08-28,26,2289.92
ACC004064,retail,2025-05-20,18,3621.69
ACC004065,retail,2024-09-15,20,3225.76
ACC004066,new_account,2022-05-31,21,0.0
ACC004067,retail,2025-11-20,3,3576.92
ACC004068,retail,2024-10-10,4,2170.5
ACC004069,retail,2025-10-19,25,2409.63
ACC004070,retail,2025-05-14,8,8543.74
ACC004071,retail,2025-08-16,22,2265.06
ACC004072,retail,2025-07-15,22,2125.42
ACC004073,retail,2025-10-11,12,2147.94
ACC004074,retail,2024-08-15,6,4738.09
ACC004075,retail,2022-07-07,21,2443.5
ACC004076,retail,2024-12-30,20,2035.99
ACC004077,retail,2025-08-02,2,6375.77
ACC004078,retail,2023-11-24,19,3488.82
ACC004079,retail,2025-12-06,21,1745.73
ACC004080,retail,2022-07-24,22,3808.04
ACC004081,retail,2025-06-08,21,2009.63
ACC004082,retail,2025-11-14,13,2187.44
ACC004083,retail,2026-01-01,25,1929.17
ACC004084,new_account,2024-07-31,11,0.0
ACC004085,retail,2025-11-24,26,2267.21
ACC004086,retail,2025-09-27,14,4909.47
ACC004087,retail,2024-11-26,4,3146.97
ACC004088,retail,2023-02-18,1,3007.91
ACC004089,retail,2025-04-30,4,4046.15
ACC004090,retail,2024-11-23,9,2028.69
ACC004091,retail,2025-04-15,8,2981.23
ACC004092,retail,2025-02-01,17,1898.2
ACC004093,retail,2025-05-09,24,4959.17
ACC004094,retail,2025-12-12,17,1398.54
ACC004095,retail,2022-06-15,18,2907.78
ACC004096,retail,2025-08-05,19,4685.42
ACC004097,retail,2024-07-06,23,3017.92
ACC004098,retail,2025-08-06,19,1557.46
ACC004099,retail,2025-12-14,8,1834.66
ACC004100,retail,2024-10-03,15,1439.97
ACC004101,retail,2025-10-05,12,6294.37
ACC004102,retail,2025-03-29,13,2678.66
ACC004103,retail,2024-11-14,15,3566.59
ACC004104,retail,2024-08-04,25,2552.95
ACC004105,retail,2025-06-23,22,3963.97
ACC004106,retail,2025-06-29,19,4464.15
ACC004107,retail,2023-12-15,23,1626.48
ACC004108,retail,2025-04-18,17,2501.46
ACC004109,retail,2024-12-11,5,3807.17
ACC004110,retail,2025-02-01,12,4992.3
ACC004111,retail,2025-10-23,1,3876.01
ACC004112,retail,2025-05-21,16,1423.33
ACC004113,retail,2025-10-12,4,2419.44
ACC004114,retail,2025-10-17,10,2766.74
ACC004115,retail,2023-08-06,14,2460.84
ACC004116,retail,2025-10-16,3,1928.59
ACC004117,retail,2025-12-30,4,9141.22
ACC004118,new_account,2024-10-28,27,0.0
ACC004119,retail,2025-04-22,24,2128.47
ACC004120,retail,2023-08-28,5,1795.59
ACC004121,retail,2023-12-30,12,2665.8
ACC004122,retail,2025-11-02,10,2569.91
ACC004123,small_business,2025-04-30,11,3409.87
ACC004124,small_business,2025-09-24,15,3641.11
ACC004125,retail,2024-09-20,26,3345.13
ACC004126,retail,2024-05-16,7,3441.08
ACC004127,retail,2025-07-26,17,3207.24
ACC004128,retail,2022-06-25,16,1420.13
ACC004129,retail,2024-05-08,12,2748.12
ACC004130,retail,2024-06-30,16,4669.85
ACC004131,small_business,2024-06-18,4,3461.51
ACC004132,retail,2025-01-23,15,2683.75
ACC004133,retail,2025-10-10,24,3579.18
ACC004134,retail,2025-10-18,23,5120.99
ACC004135,retail,2024-01-17,15,5013.8
ACC004136,retail,2025-01-18,11,2240.34
ACC004137,retail,2023-12-22,3,2610.48
ACC004138,retail,2025-01-04,10,1617.38
ACC004139,retail,2025-07-23,2,2479.58
ACC004140,retail,2024-09-25,26,2947.79
ACC004141,retail,2023-10-24,23,2175.28
ACC004142,retail,2020-10-12,4,3263.37
ACC004143,retail,2024-09-29,1,2578.23
ACC004144,retail,2025-10-20,28,1618.11
ACC004145,retail,2025-05-11,11,2121.28
ACC004146,small_business,2025-11-23,21,5333.78
ACC004147,retail,2024-08-26,4,3901.45
ACC004148,retail,2025-12-09,22,1860.44
ACC004149,retail,2023-02-03,26,5227.7
ACC004150,retail,2025-01-07,6,3288.2
ACC004151,retail,2022-10-24,24,4191.32
ACC004152,retail,2025-02-16,8,4298.18
ACC004153,retail,2023-02-15,17,2102.51
ACC004154,retail,2025-09-12,6,2063.05
ACC004155,retail,2023-11-14,18,4633.54
ACC004156,retail,2025-08-22,6,3200.72
ACC004157,retail,2025-11-28,11,2774.28
ACC004158,retail,2025-08-10,18,4071.03
ACC004159,retail,2025-09-07,14,4839.52
ACC004160,retail,2025-08-09,15,2435.29
ACC004161,retail,2023-09-26,8,3920.15
ACC004162,retail,2025-02-13,26,1937.62
ACC004163,retail,2025-11-20,13,3671.98
ACC004164,retail,2025-09-26,21,1295.0
ACC004165,retail,2025-06-11,6,3771.63
ACC004166,retail,2025-03-18,6,2247.13
ACC004167,retail,2025-07-09,21,4769.06
ACC004168,retail,2025-05-22,22,6949.36
ACC004169,retail,2025-05-03,14,3036.57
ACC004170,retail,2024-05-05,13,4022.16
ACC004171,retail,2025-04-13,1,3012.34
ACC004172,retail,2025-11-05,24,3067.18
ACC004173,retail,2024-05-29,20,2504.84
ACC004174,small_business,2023-09-09,7,1650.44
ACC004175,retail,2025-06-04,15,1590.6
ACC004176,retail,2022-12-08,19,3410.74
ACC004177,retail,2025-10-05,14,2010.69
ACC004178,retail,2025-10-29,13,818.09
ACC004179,retail,2024-09-28,1,2527.62
ACC004180,retail,2023-08-08,23,1665.77
ACC004181,retail,2025-11-05,7,5832.91
ACC004182,retail,2025-05-25,7,2895.21
ACC004183,retail,2025-12-19,9,1397.12
ACC004184,retail,2024-12-29,25,2796.11
ACC004185,retail,2025-06-06,23,2363.04
ACC004186,retail,2019-01-07,26,2976.81
ACC004187,retail,2025-11-11,26,3509.53
ACC004188,retail,2023-12-10,3,2077.01
ACC004189,retail,2025-05-08,19,5555.63
ACC004190,retail,2025-04-18,4,4329.29
ACC004191,retail,2025-02-09,26,4890.19
ACC004192,retail,2024-11-16,28,5604.57
ACC004193,retail,2024-09-30,18,1589.39
ACC004194,retail,2025-02-07,6,2635.99
ACC004195,retail,2022-02-01,12,1810.53
ACC004196,retail,2025-12-03,11,1552.42
ACC004197,retail,2025-09-09,7,5609.05
ACC004198,retail,2023-09-18,15,4301.1
ACC004199,retail,2025-08-20,4,2687.84
ACC004200,new_account,2025-02-08,9,0.0
ACC004201,retail,2023-08-07,22,2443.48
ACC004202,retail,2025-08-03,28,3033.54
ACC004203,retail,2025-10-14,16,4861.6
ACC004204,retail,2021-06-26,17,4325.2
ACC004205,retail,2025-12-16,21,2288.53
ACC004206,retail,2025-10-20,11,2241.1
ACC004207,small_business,2025-08-17,20,3263.39
ACC004208,retail,2025-11-07,13,3097.66
ACC004209,retail,2025-03-31,20,3231.91
ACC004210,retail,2025-11-16,13,1588.5
ACC004211,new_account,2024-04-05,19,0.0
ACC004212,retail,2025-10-28,4,3459.34
ACC004213,retail,2025-11-10,12,2389.61
ACC004214,retail,2024-04-23,12,2349.31
ACC004215,retail,2025-11-27,28,5756.83
ACC004216,retail,2025-09-24,15,2713.34
ACC004217,small_business,2022-08-18,20,2393.11
ACC004218,retail,2025-08-01,6,2350.07
ACC004219,small_business,2024-04-19,27,2139.38
ACC004220,small_business,2024-01-29,22,3776.79
ACC004221,retail,2023-10-05,23,2559.34
ACC004222,retail,2024-11-03,26,2743.9
ACC004223,retail,2025-08-01,10,2109.55
ACC004224,retail,2025-08-25,20,3932.81
ACC004225,retail,2025-09-17,19,3388.1
ACC004226,retail,2024-02-15,3,1761.33
ACC004227,retail,2025-04-27,22,2966.25
ACC004228,retail,2021-11-02,5,2614.09
ACC004229,retail,2025-04-07,11,3200.55
ACC004230,retail,2025-10-09,4,2169.25
ACC004231,retail,2024-02-28,8,3926.43
ACC004232,retail,2022-12-18,10,3804.33
ACC004233,retail,2025-01-30,4,3892.81
ACC004234,new_account,2025-12-27,6,0.0
ACC004235,retail,2025-08-23,12,4418.23
ACC004236,retail,2025-09-23,23,2458.52
ACC004237,retail,2024-09-16,5,3284.73
ACC004238,retail,2025-09-07,17,5045.89
ACC004239,retail,2023-11-29,13,3861.06
ACC004240,small_business,2025-01-18,14,2945.63
ACC004241,retail,2025-11-08,20,3676.93
ACC004242,retail,2025-08-28,5,2273.77
ACC004243,retail,2025-12-29,19,2566.36
ACC004244,retail,2025-10-17,13,1626.58
ACC004245,retail,2025-04-08,14,3712.57
ACC004246,retail,2025-11-11,6,2398.96
ACC004247,new_account,2025-06-13,16,0.0
ACC004248,retail,2025-09-13,21,2255.72
ACC004249,retail,2025-12-02,18,2939.02
ACC004250,retail,2025-11-04,23,2414.32
ACC004251,retail,2020-08-01,21,5710.9
ACC004252,small_business,2024-01-20,6,1729.05
ACC004253,retail,2024-07-16,18,3023.43
ACC004254,retail,2025-10-23,6,1930.08
ACC004255,retail,2025-11-06,16,2533.09
ACC004256,retail,2025-10-30,10,6249.85
ACC004257,retail,2025-01-16,5,3923.47
ACC004258,retail,2023-09-20,6,2541.91
ACC004259,retail,2025-06-06,11,1906.88
ACC004260,retail,2023-08-21,27,1960.37
ACC004261,retail,2024-10-15,15,2303.14
ACC004262,retail,2025-04-30,20,4094.11
ACC004263,retail,2025-08-07,2,4177.7
ACC004264,retail,2025-12-05,28,3382.72
ACC004265,retail,2025-07-16,12,3428.39
ACC004266,retail,2025-04-25,1,3144.47
ACC004267,retail,2025-11-19,16,3346.72
ACC004268,retail,2025-12-27,5,2784.74
ACC004269,retail,2024-09-29,7,3805.09
ACC004270,retail,2023-01-28,27,3604.35
ACC004271,retail,2024-09-11,13,2023.67
ACC004272,small_business,2025-11-10,18,3292.24
ACC004273,retail,2024-02-29,17,4608.74
ACC004274,retail,2025-06-26,21,3473.14
ACC004275,small_business,2025-12-18,16,2534.09
ACC004276,retail,2025-11-03,14,3695.5
ACC004277,retail,2023-08-09,22,5802.83
ACC004278,retail,2024-07-17,16,2775.31
ACC004279,small_business,2025-05-10,14,2349.91
ACC004280,retail,2025-10-12,23,2517.38
ACC004281,retail,2025-12-18,27,3395.14
ACC004282,retail,2023-07-18,15,4777.66
ACC004283,retail,2021-09-13,16,1860.74
ACC004284,retail,2024-06-04,6,3544.46
ACC004285,retail,2023-11-02,3,2473.41
ACC004286,retail,2025-09-29,19,2219.95
ACC004287,retail,2023-04-09,1,2825.81
ACC004288,retail,2023-07-01,26,2184.89
ACC004289,new_account,2024-06-21,25,0.0
ACC004290,new_account,2024-04-23,8,0.0
ACC004291,small_business,2024-08-28,10,2780.05
ACC004292,retail,2025-07-13,2,2210.62
ACC004293,retail,2025-01-22,9,4045.08
ACC004294,small_business,2023-01-30,8,4311.29
ACC004295,retail,2025-03-14,18,3250.9
ACC004296,retail,2023-07-12,10,1691.33
ACC004297,retail,2025-10-07,6,1529.86
ACC004298,retail,2025-10-04,25,4430.32
ACC004299,retail,2023-12-24,15,2098.02
ACC004300,small_business,2025-06-25,19,2010.26
ACC004301,retail,2025-08-21,24,3182.97
ACC004302,retail,2025-07-06,25,2214.84
ACC004303,retail,2025-05-26,25,2975.88
ACC004304,retail,2024-06-25,16,4203.89
ACC004305,retail,2025-11-25,18,2766.59
ACC004306,retail,2023-04-15,17,7104.45
ACC004307,retail,2025-01-04,4,3480.25
ACC004308,retail,2023-05-07,19,2981.63
ACC004309,retail,2024-05-19,4,2130.6
ACC004310,small_business,2025-12-25,9,2274.63
ACC004311,small_business,2025-10-29,25,2371.38
ACC004312,retail,2025-09-26,18,4130.4
ACC004313,retail,2025-07-14,27,4956.29
ACC004314,retail,2025-09-11,12,2615.4
ACC004315,retail,2024-05-26,18,2255.18
ACC004316,retail,2025-11-05,27,1560.05
ACC004317,retail,2025-10-27,25,2293.58
ACC004318,retail,2025-07-21,2,3222.74
ACC004319,retail,2025-10-08,25,1861.59
ACC004320,retail,2025-01-11,24,5568.84
ACC004321,retail,2023-12-12,15,5061.09
ACC004322,retail,2021-06-05,18,2941.79
ACC004323,retail,2022-04-21,7,917.12
ACC004324,retail,2023-09-05,14,5664.05
ACC004325,small_business,2025-07-29,4,2347.46
ACC004326,retail,2025-10-14,24,3814.76
ACC004327,retail,2023-01-26,27,3457.66
ACC004328,retail,2025-11-11,21,2005.13
ACC004329,retail,2025-02-04,25,3673.16
ACC004330,new_account,2025-09-27,8,0.0
ACC004331,retail,2025-05-04,10,2398.79
ACC004332,retail,2025-08-22,28,3020.4
ACC004333,small_business,2025-06-17,2,2557.76
ACC004334,retail,2022-03-15,15,4615.54
ACC004335,retail,2021-12-24,9,4394.83
ACC004336,retail,2023-07-15,12,4556.55
ACC004337,retail,2025-08-10,28,4271.95
ACC004338,retail,2025-08-14,27,1586.8
ACC004339,retail,2025-11-16,3,3490.86
ACC004340,retail,2024-12-28,15,3203.94
ACC004341,retail,2025-07-29,28,1741.87
ACC004342,retail,2025-12-06,4,1870.24
ACC004343,retail,2025-07-09,25,5368.29
ACC004344,retail,2024-07-28,26,2258.58
ACC004345,retail,2025-08-23,8,3418.58
ACC004346,retail,2025-06-01,7,1827.13
ACC004347,retail,2025-08-07,26,1106.54
ACC004348,retail,2025-12-08,24,3874.69
ACC004349,retail,2024-08-31,19,6138.08
ACC004350,retail,2025-04-23,23,7387.88
ACC004351,retail,2025-08-18,12,3214.35
ACC004352,retail,2025-10-25,28,4263.23
ACC004353,retail,2025-10-19,23,3407.55
ACC004354,retail,2024-01-18,20,3310.34
ACC004355,retail,2025-12-26,21,4330.2
ACC004356,retail,2025-11-24,14,2579.4
ACC004357,retail,2025-04-21,6,3201.8
ACC004358,retail,2023-10-07,20,2473.8
ACC004359,retail,2025-12-20,5,1965.34
ACC004360,retail,2024-02-24,26,4147.11
ACC004361,retail,2025-09-04,7,1494.45
ACC004362,retail,2025-08-03,27,2595.56
ACC004363,retail,2025-05-19,7,4187.49
ACC004364,retail,2022-03-07,26,4284.39
ACC004365,retail,2025-12-07,2,1667.81
ACC004366,retail,2024-03-01,19,3568.93
ACC004367,retail,2025-02-03,12,2354.7
ACC004368,retail,2023-08-09,18,3905.72
ACC004369,retail,2024-11-16,9,3755.61
ACC004370,retail,2023-10-24,20,3853.56
ACC004371,retail,2025-11-12,18,2557.44
ACC004372,retail,2025-10-25,6,2891.38
ACC004373,retail,2021-04-18,11,1533.59
ACC004374,retail,2025-03-15,23,8830.15
ACC004375,retail,2025-12-29,10,5435.74
ACC004376,retail,2025-11-21,10,3365.02
ACC004377,retail,2023-07-16,19,2355.09
ACC004378,small_business,2021-12-03,9,2870.64
ACC004379,retail,2025-10-16,28,3205.38
ACC004380,retail,2023-08-08,17,2734.4
ACC004381,retail,2025-11-21,22,4699.18
ACC004382,retail,2024-06-21,27,5008.64
ACC004383,retail,2023-04-17,4,2887.8
ACC004384,retail,2022-09-23,5,4890.0
ACC004385,retail,2024-01-25,25,2688.96
ACC004386,retail,2025-09-30,26,2638.94
ACC004387,retail,2025-05-27,14,3820.74
ACC004388,retail,2025-07-08,2,2389.18
ACC004389,retail,2025-04-08,9,2369.7
ACC004390,retail,2025-01-30,28,3335.48
ACC004391,retail,2024-10-18,21,4119.95
ACC004392,retail,2024-09-21,5,2236.36
ACC004393,retail,2025-12-27,23,4078.1
ACC004394,retail,2025-12-06,28,3957.26
ACC004395,retail,2025-12-31,5,4065.41
ACC004396,retail,2024-08-31,8,3534.98
ACC004397,retail,2025-10-13,5,2013.93
ACC004398,retail,2024-11-03,23,2635.2
ACC004399,retail,2025-09-14,11,2594.89
ACC004400,retail,2025-06-14,27,2177.37
ACC004401,retail,2024-08-11,8,6500.18
ACC004402,retail,2025-12-12,25,4773.73
ACC004403,new_account,2023-08-14,27,0.0
ACC004404,retail,2025-06-30,22,6208.37
ACC004405,retail,2025-10-27,13,2643.27
ACC004406,retail,2022-06-08,16,2492.92
ACC004407,retail,2021-03-13,5,2232.47
ACC004408,retail,2025-10-13,19,1248.6
ACC004409,retail,2022-10-29,21,2700.44
ACC004410,retail,2025-07-05,9,1897.2
ACC004411,retail,2025-05-03,21,2122.69
ACC004412,retail,2025-05-23,14,1766.1
ACC004413,new_account,2025-07-26,13,0.0
ACC004414,retail,2023-12-22,15,4284.31
ACC004415,retail,2025-04-28,3,3506.38
ACC004416,new_account,2024-05-24,21,0.0
ACC004417,small_business,2024-05-07,26,3471.04
ACC004418,retail,2025-03-11,25,3929.55
ACC004419,small_business,2024-02-04,3,3582.64
ACC004420,retail,2025-12-18,13,4296.01
ACC004421,small_business,2025-01-14,17,2167.41
ACC004422,retail,2024-01-08,24,2481.55
ACC004423,retail,2024-11-13,9,1685.83
ACC004424,retail,2024-01-15,23,2018.72
ACC004425,retail,2024-11-29,12,11511.56
ACC004426,small_business,2025-12-20,15,3663.92
ACC004427,retail,2025-12-11,16,2889.01
ACC004428,retail,2024-04-19,11,2425.55
ACC004429,retail,2025-12-21,19,3117.52
ACC004430,retail,2025-05-16,1,2483.24
ACC004431,retail,2024-03-29,28,1743.23
ACC004432,retail,2024-12-02,25,3697.46
ACC004433,retail,2024-12-10,28,3045.3
ACC004434,retail,2025-11-21,24,3832.38
ACC004435,retail,2024-05-25,3,2112.07
ACC004436,new_account,2023-07-06,24,0.0
ACC004437,retail,2023-11-11,15,3099.5
ACC004438,small_business,2025-07-11,21,2486.66
ACC004439,retail,2025-07-19,22,5927.61
ACC004440,retail,2025-05-26,23,3278.53
ACC004441,retail,2025-06-11,12,2692.32
ACC004442,retail,2025-04-02,28,3766.8
ACC004443,retail,2025-10-19,3,3049.35
ACC004444,retail,2022-02-11,26,1682.62
ACC004445,retail,2025-11-14,18,1688.58
ACC004446,retail,2024-05-24,13,3797.33
ACC004447,retail,2025-09-27,7,2664.81
ACC004448,retail,2020-07-06,14,3677.79
ACC004449,small_business,2022-01-12,27,1146.64
ACC004450,retail,2025-09-28,7,3125.47
ACC004451,retail,2025-06-03,16,2161.71
ACC004452,retail,2025-06-08,9,2308.62
ACC004453,retail,2024-07-02,11,1935.06
ACC004454,retail,2025-12-03,27,2190.21
ACC004455,retail,2025-05-11,10,5476.69
ACC004456,retail,2025-05-06,11,3501.26
ACC004457,retail,2025-03-10,18,3292.55
ACC004458,retail,2025-04-24,19,2641.39
ACC004459,small_business,2024-11-29,5,4174.1
ACC004460,small_business,2024-06-14,19,2716.92
ACC004461,retail,2025-10-19,28,2599.81
ACC004462,retail,2025-04-22,16,2884.91
ACC004463,retail,2022-11-20,26,3734.87
ACC004464,retail,2025-09-30,11,1246.49
ACC004465,retail,2025-07-06,22,2913.95
ACC004466,retail,2025-05-06,25,3458.13
ACC004467,retail,2025-04-09,2,3002.78
ACC004468,retail,2025-10-28,2,1712.75
ACC004469,retail,2025-07-27,4,3779.03
ACC004470,retail,2025-01-02,21,2362.24
ACC004471,retail,2025-07-11,26,2117.07
ACC004472,retail,2024-12-31,27,6418.34
ACC004473,retail,2025-11-08,15,4153.22
ACC004474,retail,2023-12-03,1,2366.25
ACC004475,retail,2025-03-03,4,1629.46
ACC004476,retail,2025-12-16,28,2705.14
ACC004477,retail,2024-01-29,6,3130.95
ACC004478,retail,2025-10-29,15,2475.6
ACC004479,retail,2022-11-24,15,5268.81
ACC004480,retail,2023-11-28,1,1787.38
ACC004481,new_account,2025-03-12,14,0.0
ACC004482,retail,2025-09-24,7,1825.56
ACC004483,retail,2025-12-15,23,1149.28
ACC004484,retail,2025-07-10,5,1918.83
ACC004485,new_account,2025-10-14,21,0.0
ACC004486,retail,2025-11-25,10,3263.7
ACC004487,retail,2024-01-12,6,5009.88
ACC004488,small_business,2021-01-16,28,2464.65
ACC004489,retail,2025-08-28,9,2285.79
ACC004490,retail,2023-11-27,3,3777.13
ACC004491,retail,2024-08-26,21,4933.05
ACC004492,retail,2023-12-27,12,4788.65
ACC004493,retail,2023-08-20,9,4557.84
ACC004494,retail,2025-06-24,3,2933.6
ACC004495,retail,2025-07-15,12,5503.86
ACC004496,retail,2023-08-07,22,5046.94
ACC004497,retail,2025-08-25,21,931.26
ACC004498,retail,2025-11-11,6,3347.65
ACC004499,retail,2024-09-15,2,3489.79
ACC004500,retail,2025-10-12,13,2316.72
ACC004501,retail,2024-11-20,21,1590.51
ACC004502,retail,2024-05-26,10,3829.05
ACC004503,retail,2025-07-23,24,5156.16
ACC004504,retail,2024-12-16,23,3211.32
ACC004505,retail,2025-02-23,25,5006.55
ACC004506,retail,2024-09-10,8,4920.78
ACC004507,retail,2024-09-27,14,2875.27
ACC004508,retail,2021-06-16,21,3540.62
ACC004509,retail,2025-03-01,3,3653.4
ACC004510,retail,2025-02-26,23,3192.23
ACC004511,retail,2025-06-18,4,1887.15
ACC004512,retail,2023-09-21,1,3209.62
ACC004513,retail,2025-12-18,7,2699.53
ACC004514,retail,2024-06-01,16,4435.95
ACC004515,retail,2025-12-23,3,2693.95
ACC004516,retail,2025-11-16,5,2404.4
ACC004517,retail,2024-06-08,19,3595.4
ACC004518,small_business,2025-06-30,8,2504.03
ACC004519,retail,2024-10-30,17,3589.36
ACC004520,retail,2025-08-10,22,2635.87
ACC004521,retail,2024-11-14,15,2024.14
ACC004522,new_account,2025-12-28,1,0.0
ACC004523,retail,2025-01-25,1,2995.99
ACC004524,retail,2025-04-21,23,4217.33
ACC004525,retail,2025-12-09,11,2354.1
ACC004526,retail,2025-08-08,27,2840.69
ACC004527,retail,2025-11-05,4,2397.76
ACC004528,retail,2025-11-22,28,1937.01
ACC004529,retail,2025-09-08,14,3886.68
ACC004530,small_business,2023-01-20,23,8442.15
ACC004531,small_business,2025-11-09,5,3608.46
ACC004532,retail,2025-12-25,16,2065.43
ACC004533,retail,2023-08-10,3,2592.12
ACC004534,retail,2025-01-06,8,4277.92
ACC004535,retail,2025-05-23,13,2788.91
ACC004536,retail,2025-02-15,3,2021.36
ACC004537,retail,2020-10-17,24,2218.32
ACC004538,retail,2025-02-27,26,2319.69
ACC004539,retail,2024-05-20,4,7867.31
ACC004540,retail,2025-12-22,4,3454.18
ACC004541,retail,2023-08-23,11,2922.55
ACC004542,small_business,2025-07-11,12,2695.36
ACC004543,retail,2021-08-19,10,5452.39
ACC004544,retail,2024-07-14,5,909.87
ACC004545,retail,2025-12-26,13,4716.32
ACC004546,retail,2022-07-30,25,2904.6
ACC004547,retail,2025-01-19,27,5412.5
ACC004548,retail,2025-02-26,25,2643.31
ACC004549,retail,2023-02-25,28,1274.6
ACC004550,retail,2024-10-10,5,2261.98
ACC004551,retail,2024-01-07,21,2094.92
ACC004552,retail,2024-07-26,22,2353.16
ACC004553,small_business,2024-03-10,5,3104.38
ACC004554,retail,2024-01-28,3,2205.08
ACC004555,retail,2022-02-19,17,2866.83
ACC004556,retail,2025-09-14,19,1520.28
ACC004557,retail,2025-05-12,1,1306.87
ACC004558,retail,2025-03-12,20,2164.47
ACC004559,retail,2026-01-01,21,1916.66
ACC004560,retail,2025-11-06,6,2032.11
ACC004561,retail,2024-09-17,15,4784.61
ACC004562,retail,2025-03-15,12,3651.12
ACC004563,retail,2025-05-23,24,2371.57
ACC004564,retail,2024-06-09,7,6032.94
ACC004565,retail,2025-07-20,21,2317.31
ACC004566,retail,2025-01-20,24,1820.68
ACC004567,retail,2024-04-24,5,1533.82
ACC004568,retail,2024-07-27,14,5540.98
ACC004569,retail,2025-10-06,20,4677.68
ACC004570,retail,2024-09-28,22,2865.67
ACC004571,retail,2023-12-25,15,3767.66
ACC004572,retail,2024-09-20,28,1527.62
ACC004573,retail,2025-12-15,7,2124.82
ACC004574,retail,2025-05-29,3,5988.77
ACC004575,retail,2025-06-01,4,5289.9
ACC004576,retail,2024-12-24,5,2256.86
ACC004577,retail,2023-01-28,25,2440.45
ACC004578,retail,2025-04-25,4,3687.89
ACC004579,retail,2023-08-04,19,2188.27
ACC004580,small_business,2023-03-26,24,2848.08
ACC004581,retail,2025-04-24,13,1825.82
ACC004582,retail,2025-05-26,12,3146.11
ACC004583,retail,2025-10-24,14,4226.91
ACC004584,retail,2025-03-25,11,3803.18
ACC004585,retail,2025-12-04,26,3360.74
ACC004586,retail,2024-12-26,5,1537.24
ACC004587,retail,2025-11-12,8,2345.51
ACC004588,retail,2025-03-20,9,4886.21
ACC004589,retail,2023-05-26,21,3063.41
ACC004590,retail,2025-08-31,3,4134.81
ACC004591,small_business,2025-05-02,8,2765.34
ACC004592,retail,2025-03-28,18,1967.47
ACC004593,retail,2025-07-21,20,3757.93
ACC004594,retail,2024-06-08,20,3593.34
ACC004595,retail,2025-10-04,24,2594.11
ACC004596,retail,2019-01-15,20,2128.31
ACC004597,retail,2025-05-14,10,1430.24
ACC004598,retail,2025-10-29,25,2498.71
ACC004599,retail,2025-07-24,23,5662.08
ACC004600,retail,2024-01-10,1,3911.8
ACC004601,retail,2025-06-19,28,5598.69
ACC004602,retail,2025-11-19,28,3003.45
ACC004603,retail,2024-05-13,22,1413.04
ACC004604,retail,2024-12-28,10,2199.28
ACC004605,new_account,2025-04-05,7,0.0
ACC004606,retail,2025-10-22,17,3068.36
ACC004607,retail,2025-10-02,20,2380.66
ACC004608,retail,2024-07-10,17,2156.21
ACC004609,new_account,2025-06-28,7,0.0
ACC004610,retail,2025-05-05,24,1807.15
ACC004611,retail,2024-05-25,13,4255.39
ACC004612,small_business,2025-01-20,10,3527.37
ACC004613,retail,2025-06-12,21,3980.64
ACC004614,retail,2025-12-11,2,4890.72
ACC004615,retail,2025-09-08,26,5838.95
ACC004616,retail,2025-11-28,26,2978.28
ACC004617,retail,2025-09-24,8,3544.93
ACC004618,retail,2025-10-03,16,1569.49
ACC004619,retail,2025-10-18,13,2954.48
ACC004620,retail,2023-12-08,4,3420.09
ACC004621,retail,2024-08-29,8,3786.77
ACC004622,retail,2024-01-19,16,2017.85
ACC004623,retail,2024-05-18,21,4506.11
ACC004624,retail,2025-07-03,20,1765.18
ACC004625,retail,2022-10-11,3,4879.91
ACC004626,retail,2025-04-21,17,3550.87
ACC004627,retail,2025-06-01,1,2548.3
ACC004628,retail,2024-11-17,12,3014.92
ACC004629,retail,2025-01-17,11,2781.86
ACC004630,retail,2025-04-03,5,1897.66
ACC004631,retail,2024-05-13,13,5826.98
ACC004632,retail,2024-10-14,28,2758.39
ACC004633,retail,2025-05-16,27,2757.51
ACC004634,retail,2024-09-18,19,2638.26
ACC004635,retail,2024-12-13,14,2610.77
ACC004636,small_business,2025-03-11,12,3078.34
ACC004637,retail,2025-07-18,18,2772.98
ACC004638,retail,2025-04-23,22,2239.78
ACC004639,retail,2025-11-12,6,2552.95
ACC004640,retail,2025-11-04,25,2700.34
ACC004641,retail,2025-07-18,16,3839.25
ACC004642,retail,2025-06-11,25,1813.21
ACC004643,retail,2025-04-06,3,3704.5
ACC004644,retail,2025-12-22,1,1446.59
ACC004645,retail,2025-12-09,19,3299.33
ACC004646,retail,2023-08-28,3,1761.82
ACC004647,retail,2025-05-29,1,1916.96
ACC004648,retail,2024-07-05,9,3307.14
ACC004649,small_business,2025-12-29,7,3750.91
ACC004650,retail,2023-07-17,2,2443.17
ACC004651,retail,2025-01-03,2,2443.65
ACC004652,retail,2024-12-21,26,3070.37
ACC004653,retail,2025-08-27,13,2448.65
ACC004654,retail,2025-07-18,17,7121.81
ACC004655,retail,2021-05-31,10,2564.78
ACC004656,retail,2025-08-27,21,3309.24
ACC004657,retail,2024-02-17,23,2306.66
ACC004658,retail,2017-10-07,17,5788.03
ACC004659,retail,2024-06-07,25,4084.32
ACC004660,small_business,2025-09-29,14,3582.55
ACC004661,retail,2024-10-02,14,3755.23
ACC004662,retail,2025-07-23,23,1668.42
ACC004663,retail,2025-03-06,13,2537.86
ACC004664,retail,2025-10-24,3,900.11
ACC004665,retail,2025-10-06,21,5187.2
ACC004666,retail,2025-11-17,18,3493.47
ACC004667,retail,2025-08-09,18,3002.3
ACC004668,retail,2025-08-18,20,3026.09
ACC004669,retail,2025-11-30,5,3075.29
ACC004670,retail,2024-10-11,9,5528.31
ACC004671,retail,2025-03-21,3,3311.17
ACC004672,new_account,2025-12-02,10,0.0
ACC004673,retail,2025-09-12,3,1669.02
ACC004674,retail,2025-06-25,17,3233.73
ACC004675,retail,2025-03-12,7,1695.41
ACC004676,retail,2025-10-08,26,1086.39
ACC004677,retail,2024-06-04,5,2642.88
ACC004678,retail,2025-11-25,18,3074.65
ACC004679,retail,2025-12-09,11,4254.38
ACC004680,retail,2025-02-25,13,2418.71
ACC004681,retail,2022-12-11,19,1668.3
ACC004682,new_account,2022-07-02,21,0.0
ACC004683,retail,2025-12-13,25,2533.96
ACC004684,retail,2023-07-24,27,2041.02
ACC004685,retail,2024-12-11,21,2895.38
ACC004686,retail,2025-05-02,22,4168.06
ACC004687,retail,2025-01-22,21,2614.64
ACC004688,new_account,2025-02-22,3,0.0
ACC004689,retail,2022-08-13,10,2931.69
ACC004690,retail,2025-10-10,23,2334.13
ACC004691,retail,2025-08-28,14,4084.76
ACC004692,retail,2025-03-16,24,3817.55
ACC004693,retail,2023-03-10,28,2228.35
ACC004694,retail,2025-10-14,8,3709.44
ACC004695,retail,2024-01-18,2,4736.28
ACC004696,retail,2025-04-26,8,1700.29
ACC004697,retail,2024-12-14,3,4357.72
ACC004698,retail,2025-11-29,14,5025.26
ACC004699,retail,2025-04-10,4,2241.0
ACC004700,retail,2024-11-07,15,3397.4
ACC004701,small_business,2023-12-10,20,2862.46
ACC004702,small_business,2025-05-08,20,5816.8
ACC004703,retail,2023-07-31,2,3296.44
ACC004704,retail,2019-04-05,10,4478.36
ACC004705,retail,2024-09-18,22,2477.07
ACC004706,retail,2024-04-26,24,2786.84
ACC004707,retail,2025-06-16,22,3280.62
ACC004708,new_account,2025-04-16,24,0.0
ACC004709,retail,2025-06-23,6,2341.13
ACC004710,retail,2023-01-27,4,3254.13
ACC004711,retail,2025-12-04,1,3424.43
ACC004712,retail,2025-09-17,23,2605.0
ACC004713,retail,2025-01-14,5,3951.76
ACC004714,retail,2023-07-24,23,4120.86
ACC004715,retail,2025-02-13,1,1962.81
ACC004716,new_account,2025-04-09,6,0.0
ACC004717,retail,2022-12-21,16,3575.82
ACC004718,retail,2024-09-08,12,4932.27
ACC004719,retail,2025-08-30,17,3096.02
ACC004720,retail,2025-12-01,17,2160.51
ACC004721,retail,2025-12-31,26,5559.8
ACC004722,retail,2024-01-15,27,4887.21
ACC004723,retail,2024-12-08,24,1328.73
ACC004724,retail,2025-04-08,9,3884.29
ACC004725,retail,2024-06-01,6,3265.85
ACC004726,retail,2023-02-20,12,1549.8
ACC004727,retail,2025-12-12,5,2064.31
ACC004728,retail,2025-11-28,24,2807.5
ACC004729,retail,2025-06-10,25,4651.37
ACC004730,retail,2024-12-06,28,2818.26
ACC004731,retail,2024-11-01,9,6681.67
ACC004732,retail,2024-08-10,24,2483.77
ACC004733,retail,2025-07-30,4,3644.7
ACC004734,retail,2023-12-22,25,3190.32
ACC004735,retail,2025-09-07,1,3614.78
ACC004736,retail,2023-07-04,11,3340.96
ACC004737,retail,2024-03-11,26,2637.12
ACC004738,small_business,2025-05-23,14,4765.64
ACC004739,retail,2024-09-27,9,2417.52
ACC004740,retail,2025-10-27,17,2557.54
ACC004741,small_business,2025-09-08,3,3546.18
ACC004742,retail,2025-08-21,9,1877.22
ACC004743,retail,2025-02-10,23,1913.13
ACC004744,retail,2025-08-08,19,4579.46
ACC004745,retail,2025-06-11,21,4129.34
ACC004746,retail,2025-07-10,3,4775.41
ACC004747,retail,2024-08-25,16,1901.38
ACC004748,small_business,2025-02-02,15,2289.76
ACC004749,retail,2025-08-20,17,3191.33
ACC004750,retail,2021-10-07,12,5559.93
ACC004751,retail,2025-12-08,2,3885.17
ACC004752,retail,2025-12-18,16,2891.82
ACC004753,retail,2025-01-03,28,3078.28
ACC004754,retail,2025-07-19,19,1376.16
ACC004755,retail,2025-07-08,6,2612.55
ACC004756,retail,2025-09-15,12,2981.6
ACC004757,retail,2025-04-17,6,3365.01
ACC004758,retail,2025-12-24,9,3660.7
ACC004759,retail,2024-02-21,25,6431.03
ACC004760,retail,2025-08-15,4,3573.2
ACC004761,retail,2024-11-30,19,4579.05
ACC004762,retail,2024-01-08,22,2290.7
ACC004763,retail,2025-11-28,24,3195.73
ACC004764,retail,2025-02-19,4,1765.36
ACC004765,retail,2024-08-07,8,3614.12
ACC004766,retail,2024-02-26,24,5010.71
ACC004767,retail,2025-10-09,17,1929.49
ACC004768,retail,2025-06-06,1,4857.53
ACC004769,retail,2025-12-22,2,2506.54
ACC004770,retail,2023-11-18,28,3043.64
ACC004771,retail,2022-12-12,28,3136.52
ACC004772,retail,2023-12-19,1,2338.38
ACC004773,retail,2025-10-11,8,5084.97
ACC004774,retail,2024-05-09,2,3373.89
ACC004775,retail,2025-11-26,16,3704.62
ACC004776,retail,2025-06-28,12,7485.1
ACC004777,retail,2020-12-27,13,2196.8
ACC004778,retail,2023-12-10,5,1930.14
ACC004779,retail,2024-08-25,6,3106.11
ACC004780,retail,2025-03-18,28,3295.15
ACC004781,small_business,2025-11-23,2,2286.47
ACC004782,retail,2023-06-16,18,4317.3
ACC004783,retail,2025-01-04,26,1774.25
ACC004784,retail,2025-08-12,23,4131.65
ACC004785,retail,2025-09-12,24,4772.08
ACC004786,retail,2024-03-11,21,1367.94
ACC004787,retail,2025-12-07,14,2876.32
ACC004788,retail,2024-03-19,8,1631.46
ACC004789,retail,2025-09-27,11,3160.5
ACC004790,retail,2025-09-17,8,1328.23
ACC004791,retail,2025-05-05,14,3190.64
ACC004792,retail,2025-01-28,24,2734.69
ACC004793,retail,2025-01-24,11,3318.5
ACC004794,retail,2024-10-27,9,3875.56
ACC004795,small_business,2025-06-12,27,4054.92
ACC004796,retail,2025-02-15,3,2609.96
ACC004797,retail,2025-06-13,19,2333.16
ACC004798,retail,2025-12-20,12,4677.75
ACC004799,retail,2024-10-27,4,5657.84
ACC004800,retail,2025-08-17,17,2183.24
ACC004801,retail,2022-04-13,22,3856.93
ACC004802,retail,2024-03-26,2,2131.41
ACC004803,retail,2024-09-25,6,2270.23
ACC004804,retail,2025-02-14,8,5733.05
ACC004805,retail,2025-07-11,26,3556.08
ACC004806,retail,2025-08-07,17,6189.8
ACC004807,new_account,2025-05-18,2,0.0
ACC004808,retail,2023-12-24,13,3522.69
ACC004809,retail,2024-07-25,3,1350.41
ACC004810,retail,2023-09-19,15,2526.59
ACC004811,retail,2025-11-17,28,1847.14
ACC004812,new_account,2024-10-05,10,0.0
ACC004813,retail,2025-12-22,25,1127.72
ACC004814,retail,2025-11-22,28,3650.26
ACC004815,retail,2025-05-22,10,3898.22
ACC004816,retail,2025-08-18,11,3625.3
ACC004817,retail,2025-11-01,3,3600.21
ACC004818,retail,2025-09-15,18,2227.57
ACC004819,retail,2025-09-07,15,4053.26
ACC004820,retail,2021-07-13,1,2292.31
ACC004821,retail,2025-11-16,12,1733.3
ACC004822,retail,2025-06-25,7,4314.53
ACC004823,retail,2025-12-19,10,3740.17
ACC004824,retail,2025-12-10,19,5519.5
ACC004825,retail,2024-02-17,26,4391.38
ACC004826,small_business,2024-03-02,10,4023.77
ACC004827,small_business,2025-07-31,24,1518.15
ACC004828,retail,2025-12-29,20,4008.48
ACC004829,small_business,2025-11-12,8,3896.97
ACC004830,retail,2023-06-10,15,3696.68
ACC004831,retail,2025-11-28,12,2036.23
ACC004832,retail,2025-03-14,19,3576.21
ACC004833,retail,2025-04-02,16,4060.62
ACC004834,retail,2025-11-12,25,2545.22
ACC004835,retail,2025-05-20,25,2891.48
ACC004836,retail,2025-12-14,7,4872.82
ACC004837,retail,2022-11-11,24,7193.24
ACC004838,retail,2023-11-22,18,5085.71
ACC004839,retail,2025-12-03,25,2186.04
ACC004840,retail,2025-12-03,26,6086.47
ACC004841,retail,2025-09-26,8,2790.09
ACC004842,retail,2024-04-28,5,2751.53
ACC004843,retail,2025-07-05,1,3918.11
ACC004844,retail,2024-06-24,14,2133.38
ACC004845,retail,2024-08-21,1,1412.93
ACC004846,small_business,2024-10-19,8,5457.94
ACC004847,retail,2025-12-07,18,2802.99
ACC004848,retail,2025-12-17,12,4982.23
ACC004849,retail,2025-06-22,21,2784.8
ACC004850,small_business,2024-01-07,27,1828.92
ACC004851,retail,2025-12-26,23,4212.27
ACC004852,retail,2025-08-16,1,2238.62
ACC004853,retail,2025-10-14,11,3084.11
ACC004854,retail,2024-12-15,1,1565.55
ACC004855,retail,2025-11-22,25,3398.32
ACC004856,retail,2023-07-05,22,3268.82
ACC004857,retail,2019-09-22,13,3901.78
ACC004858,retail,2024-09-29,28,2317.68
ACC004859,retail,2025-05-17,24,1675.92
ACC004860,retail,2025-07-23,24,3387.92
ACC004861,retail,2025-05-01,10,2852.22
ACC004862,retail,2024-03-06,4,2515.46
ACC004863,retail,2023-09-05,7,2438.08
ACC004864,retail,2025-11-10,17,1454.97
ACC004865,retail,2025-05-06,8,2923.9
ACC004866,retail,2025-11-15,14,3305.3
ACC004867,retail,2025-09-17,16,2655.89
ACC004868,retail,2025-12-11,2,5488.92
ACC004869,retail,2024-10-03,5,4052.15
ACC004870,retail,2023-01-02,23,3430.41
ACC004871,retail,2025-08-27,9,5169.3
ACC004872,retail,2025-02-06,3,2711.51
ACC004873,retail,2025-08-12,2,2825.16
ACC004874,retail,2025-11-08,8,3351.83
ACC004875,small_business,2025-04-03,28,5122.41
ACC004876,small_business,2023-07-27,17,3945.13
ACC004877,retail,2025-07-03,14,3131.86
ACC004878,retail,2025-01-11,23,4305.74
ACC004879,retail,2025-05-12,12,4017.21
ACC004880,retail,2024-10-24,15,2200.88
ACC004881,retail,2025-05-01,24,2014.72
ACC004882,retail,2025-04-04,3,1619.31
ACC004883,retail,2025-12-01,19,3717.66
ACC004884,retail,2023-03-01,4,2587.15
ACC004885,retail,2025-12-18,17,4168.33
ACC004886,retail,2025-03-01,5,4253.0
ACC004887,retail,2025-12-29,21,2877.16
ACC004888,retail,2025-09-22,27,2984.77
ACC004889,retail,2025-10-14,13,2416.45
ACC004890,retail,2025-10-02,3,1942.09
ACC004891,retail,2023-01-11,19,5081.11
ACC004892,retail,2025-03-30,19,3321.04
ACC004893,retail,2025-06-13,2,4606.56
ACC004894,retail,2023-07-31,14,1904.4
ACC004895,retail,2025-09-23,22,2223.07
ACC004896,retail,2025-11-07,5,2297.74
ACC004897,small_business,2024-06-17,8,2201.15
ACC004898,retail,2025-11-18,10,2626.69
ACC004899,retail,2025-01-24,9,4738.46
ACC004900,retail,2024-05-08,28,2505.16
ACC004901,retail,2023-09-09,11,1639.13
ACC004902,retail,2023-11-03,26,1903.29
ACC004903,retail,2025-07-27,13,1668.22
ACC004904,retail,2025-12-22,23,2522.72
ACC004905,retail,2025-10-18,27,2883.14
ACC004906,retail,2023-09-14,24,1527.23
ACC004907,retail,2025-11-01,11,2467.41
ACC004908,retail,2025-02-19,11,4038.41
ACC004909,retail,2024-05-20,15,1910.51
ACC004910,small_business,2025-11-13,9,1810.65
ACC004911,retail,2024-03-08,8,1887.87
ACC004912,retail,2025-04-12,3,2253.64
ACC004913,retail,2024-04-15,7,3053.32
ACC004914,retail,2025-08-31,5,1872.07
ACC004915,retail,2025-04-09,25,5232.91
ACC004916,retail,2024-08-12,25,3004.92
ACC004917,retail,2023-11-19,19,4029.74
ACC004918,retail,2024-01-12,4,2574.25
ACC004919,retail,2023-10-08,5,2594.77
ACC004920,retail,2024-11-15,4,1312.36
ACC004921,new_account,2025-07-31,6,0.0
ACC004922,retail,2025-03-04,15,3374.58
ACC004923,retail,2025-06-15,15,3072.24
ACC004924,small_business,2025-12-29,11,3624.95
ACC004925,retail,2024-08-14,14,3498.7
ACC004926,retail,2026-01-01,4,3284.33
ACC004927,retail,2025-12-21,18,2239.02
ACC004928,retail,2025-06-24,12,2928.29
ACC004929,retail,2025-07-22,25,3254.86
ACC004930,new_account,2024-04-13,7,0.0
ACC004931,new_account,2022-03-23,15,0.0
ACC004932,retail,2024-09-12,10,1680.04
ACC004933,retail,2025-05-14,15,3009.65
ACC004934,retail,2024-07-03,9,5191.53
ACC004935,retail,2023-09-20,28,1668.92
ACC004936,retail,2025-05-30,4,2750.63
ACC004937,retail,2025-02-18,3,4812.61
ACC004938,retail,2025-06-17,6,2483.44
ACC004939,retail,2023-07-13,26,5134.58
ACC004940,small_business,2025-10-28,22,1725.92
ACC004941,retail,2024-06-02,10,3178.85
ACC004942,retail,2024-06-14,27,5686.86
ACC004943,retail,2024-06-07,23,2540.15
ACC004944,retail,2025-11-08,23,2915.97
ACC004945,retail,2025-08-22,20,3148.55
ACC004946,retail,2025-10-03,2,2618.63
ACC004947,retail,2025-12-06,7,3644.21
ACC004948,small_business,2023-09-21,27,1557.87
ACC004949,retail,2025-10-16,28,2632.66
ACC004950,retail,2025-12-04,11,2782.33
ACC004951,retail,2025-09-10,5,3862.39
ACC004952,retail,2023-10-05,3,3631.55
ACC004953,retail,2022-10-21,23,3924.6
ACC004954,retail,2025-06-16,8,1586.22
ACC004955,retail,2021-09-24,12,1114.13
ACC004956,retail,2023-11-27,13,2818.41
ACC004957,retail,2025-12-14,17,2588.29
ACC004958,retail,2025-07-26,2,3017.97
ACC004959,retail,2024-03-31,22,1711.98
ACC004960,retail,2019-02-05,10,2417.44
ACC004961,retail,2023-08-24,9,2769.45
ACC004962,retail,2025-09-17,27,3649.03
ACC004963,retail,2024-10-03,6,2324.74
ACC004964,retail,2025-03-07,1,1748.85
ACC004965,retail,2025-06-24,13,2836.19
ACC004966,retail,2023-02-01,28,4216.93
ACC004967,small_business,2025-12-09,15,2848.56
ACC004968,retail,2024-11-18,18,1670.78
ACC004969,small_business,2025-11-15,24,1730.2
ACC004970,retail,2022-05-06,18,2737.65
ACC004971,retail,2025-11-19,8,3924.94
ACC004972,retail,2023-08-12,4,4438.72
ACC004973,new_account,2025-02-09,15,0.0
ACC004974,retail,2025-08-13,4,1664.17
ACC004975,retail,2025-12-05,26,6742.18
ACC004976,retail,2025-10-05,26,7402.98
ACC004977,retail,2025-06-19,5,4342.25
ACC004978,retail,2024-01-14,4,3370.04
ACC004979,retail,2024-11-08,1,2963.19
ACC004980,retail,2024-11-04,2,1680.39
ACC004981,retail,2025-10-25,27,7162.79
ACC004982,retail,2023-05-16,25,1485.82
ACC004983,retail,2024-09-28,8,2541.15
ACC004984,retail,2023-05-16,5,4741.14
ACC004985,retail,2025-12-14,7,5139.47
ACC004986,small_business,2024-12-02,27,2998.16
ACC004987,retail,2025-12-09,13,3216.61
ACC004988,retail,2024-06-02,12,3946.18
ACC004989,retail,2021-12-12,22,3980.76
ACC004990,new_account,2025-12-01,21,0.0
ACC004991,small_business,2025-08-18,21,1931.27
ACC004992,small_business,2025-11-20,3,4951.88
ACC004993,retail,2025-05-23,19,4704.89
ACC004994,retail,2024-08-15,19,1727.54
ACC004995,new_account,2024-03-20,9,0.0
ACC004996,retail,2025-07-07,27,3226.72
ACC004997,retail,2022-10-27,3,1321.15
ACC004998,retail,2023-06-13,1,2017.13
ACC004999,retail,2025-02-12,3,4403.41
LEGIT_PAYROLL_0,business_payroll,2023-10-24,0,0.0
LEGIT_PAYROLL_1,business_payroll,2023-10-24,0,0.0
LEGIT_PAYROLL_2,business_payroll,2023-10-24,0,0.0
LEGIT_MARKETPLACE_0,business_marketplace,2023-10-24,0,0.0
LEGIT_MARKETPLACE_1,business_marketplace,2023-10-24,0,0.0
LEGIT_MARKETPLACE_2,business_marketplace,2023-10-24,0,0.0
