account_id,risk_score,triggered_patterns,evidence
ACC004639,100,fan_in_aggregation;fan_out_smurfing;layering_chain;rapid_passthrough,"fan_out_smurfing: received funds as one of 40 rapid recipients from a single source within 8min | fan_in_aggregation: one of 4 accounts feeding a common recipient within 400min | rapid_passthrough: received 8142 (122.4x its own typical transaction size), forwarded 7863 within 2h"
ACC004129,100,fan_in_aggregation;fan_out_smurfing;layering_chain;rapid_passthrough,"fan_out_smurfing: received funds as one of 8 rapid recipients from a single source within 182min | fan_in_aggregation: received from 11 accounts within 400min (22.0x its own baseline rate); followed by rapid outbound cash-out | rapid_passthrough: received 8613 (120.8x its own typical transaction size), forwarded 8131 within 2h"
ACC000824,100,fan_out_smurfing;layering_chain;rapid_passthrough,"fan_out_smurfing: received funds as one of 41 rapid recipients from a single source within 63min | rapid_passthrough: received 13732 (225.5x its own typical transaction size), forwarded 13047 within 2h | layering_chain: part of 4-hop rapid P2P transfer chain"
ACC000382,100,fan_in_aggregation;fan_out_smurfing;layering_chain;rapid_passthrough,fan_out_smurfing: received funds as one of 41 rapid recipients from a single source within 63min | fan_out_smurfing: received funds as one of 8 rapid recipients from a single source within 197min | fan_in_aggregation: one of 4 accounts feeding a common recipient within 400min
ACC004256,96,fan_out_smurfing;layering_chain;rapid_passthrough,"fan_out_smurfing: received funds as one of 8 rapid recipients from a single source within 96min | rapid_passthrough: received 11761 (386.6x its own typical transaction size), forwarded 11015 within 2h | layering_chain: part of 4-hop rapid P2P transfer chain"
ACC004931,96,fan_out_smurfing;layering_chain;rapid_passthrough,"fan_out_smurfing: received funds as one of 8 rapid recipients from a single source within 105min | rapid_passthrough: received 9504 (237.7x its own typical transaction size), forwarded 8660 within 2h | layering_chain: part of 4-hop rapid P2P transfer chain"
ACC002079,95,fan_in_aggregation;fan_out_smurfing,fan_out_smurfing: received funds as one of 40 rapid recipients from a single source within 8min | fan_in_aggregation: received from 10 accounts within 400min (20.0x its own baseline rate); followed by rapid outbound cash-out
ACC002122,95,fan_in_aggregation;fan_out_smurfing,fan_out_smurfing: received funds as one of 40 rapid recipients from a single source within 8min | fan_in_aggregation: received from 10 accounts within 400min (20.0x its own baseline rate); followed by rapid outbound cash-out
ACC000052,94,fan_out_smurfing;layering_chain;rapid_passthrough,"fan_out_smurfing: received funds as one of 8 rapid recipients from a single source within 158min | rapid_passthrough: received 10149 (243.4x its own typical transaction size), forwarded 10149 within 2h | layering_chain: part of 4-hop rapid P2P transfer chain"
ACC004448,94,fan_out_smurfing;layering_chain;rapid_passthrough,"fan_out_smurfing: received funds as one of 8 rapid recipients from a single source within 160min | rapid_passthrough: received 7900 (323.0x its own typical transaction size), forwarded 7900 within 2h | layering_chain: part of 4-hop rapid P2P transfer chain"
ACC002817,90,fan_in_aggregation;layering_chain;rapid_passthrough,"fan_in_aggregation: one of 10 accounts feeding a common recipient within 400min | rapid_passthrough: received 8754 (221.1x its own typical transaction size), forwarded 8438 within 2h | layering_chain: part of 4-hop rapid P2P transfer chain"
ACC004710,90,fan_in_aggregation;layering_chain;rapid_passthrough,"fan_in_aggregation: one of 10 accounts feeding a common recipient within 400min | rapid_passthrough: received 8733 (304.7x its own typical transaction size), forwarded 8054 within 2h | layering_chain: part of 4-hop rapid P2P transfer chain"
ACC004761,90,fan_in_aggregation;layering_chain;rapid_passthrough,"fan_in_aggregation: one of 10 accounts feeding a common recipient within 400min | fan_in_aggregation: one of 4 accounts feeding a common recipient within 400min | rapid_passthrough: received 8188 (209.1x its own typical transaction size), forwarded 8188 within 2h"
ACC003493,90,fan_in_aggregation;layering_chain;rapid_passthrough,"fan_in_aggregation: one of 10 accounts feeding a common recipient within 400min | fan_in_aggregation: one of 6 accounts feeding a common recipient within 400min | rapid_passthrough: received 6286 (143.9x its own typical transaction size), forwarded 6286 within 2h"
ACC002990,90,fan_in_aggregation;layering_chain;rapid_passthrough,"fan_in_aggregation: one of 10 accounts feeding a common recipient within 400min | rapid_passthrough: received 7794 (240.5x its own typical transaction size), forwarded 7628 within 2h | layering_chain: part of 4-hop rapid P2P transfer chain"
ACC004062,90,fan_in_aggregation;layering_chain;rapid_passthrough,"fan_in_aggregation: one of 10 accounts feeding a common recipient within 400min | rapid_passthrough: received 13038 (208.2x its own typical transaction size), forwarded 11857 within 2h | rapid_passthrough: received 4266 (68.1x its own typical transaction size), forwarded 4138 within 2h"
ACC001995,90,fan_in_aggregation;layering_chain;rapid_passthrough,"fan_in_aggregation: one of 10 accounts feeding a common recipient within 400min | fan_in_aggregation: one of 8 accounts feeding a common recipient within 400min | rapid_passthrough: received 10812 (132.3x its own typical transaction size), forwarded 9761 within 2h"
ACC000051,89,fan_in_aggregation;fan_out_smurfing;rapid_passthrough,"fan_out_smurfing: received funds as one of 40 rapid recipients from a single source within 10min | fan_in_aggregation: one of 4 accounts feeding a common recipient within 400min | rapid_passthrough: received 6105 (199.4x its own typical transaction size), forwarded 5922 within 2h"
ACC002316,88,fan_in_aggregation;fan_out_smurfing,fan_out_smurfing: received funds as one of 8 rapid recipients from a single source within 186min | fan_in_aggregation: received from 10 accounts within 400min (20.0x its own baseline rate); followed by rapid outbound cash-out | fan_in_aggregation: one of 4 accounts feeding a common recipient within 400min
ACC001019,80,fan_in_aggregation;layering_chain;rapid_passthrough,"fan_in_aggregation: one of 4 accounts feeding a common recipient within 400min | rapid_passthrough: received 5937 (143.0x its own typical transaction size), forwarded 5937 within 2h | layering_chain: part of 4-hop rapid P2P transfer chain"
ACC000545,80,fan_in_aggregation;layering_chain;rapid_passthrough,"fan_in_aggregation: one of 4 accounts feeding a common recipient within 400min | rapid_passthrough: received 10936 (201.5x its own typical transaction size), forwarded 10217 within 2h | layering_chain: part of 4-hop rapid P2P transfer chain"
ACC003461,80,fan_in_aggregation;layering_chain;rapid_passthrough,"fan_in_aggregation: one of 5 accounts feeding a common recipient within 400min | rapid_passthrough: received 8308 (281.3x its own typical transaction size), forwarded 7902 within 2h | layering_chain: part of 4-hop rapid P2P transfer chain"
ACC001735,80,fan_in_aggregation;layering_chain;rapid_passthrough,"fan_in_aggregation: one of 4 accounts feeding a common recipient within 400min | fan_in_aggregation: one of 5 accounts feeding a common recipient within 400min | rapid_passthrough: received 12407 (270.4x its own typical transaction size), forwarded 12109 within 2h"
ACC002525,80,fan_in_aggregation;layering_chain;rapid_passthrough,"fan_in_aggregation: one of 4 accounts feeding a common recipient within 400min | fan_in_aggregation: one of 4 accounts feeding a common recipient within 400min | rapid_passthrough: received 11423 (335.8x its own typical transaction size), forwarded 11190 within 2h"
ACC002795,80,fan_in_aggregation;layering_chain;rapid_passthrough,"fan_in_aggregation: one of 4 accounts feeding a common recipient within 400min | rapid_passthrough: received 12109 (354.5x its own typical transaction size), forwarded 12109 within 2h | layering_chain: part of 4-hop rapid P2P transfer chain"
ACC002061,80,fan_in_aggregation;layering_chain;rapid_passthrough,"fan_in_aggregation: one of 4 accounts feeding a common recipient within 400min | rapid_passthrough: received 5559 (131.6x its own typical transaction size), forwarded 5218 within 2h | layering_chain: part of 4-hop rapid P2P transfer chain"
ACC002688,80,fan_in_aggregation;layering_chain;rapid_passthrough,"fan_in_aggregation: one of 4 accounts feeding a common recipient within 400min | rapid_passthrough: received 9005 (206.6x its own typical transaction size), forwarded 8754 within 2h | layering_chain: part of 4-hop rapid P2P transfer chain"
ACC003079,80,fan_in_aggregation;layering_chain;rapid_passthrough,"fan_in_aggregation: one of 4 accounts feeding a common recipient within 400min | fan_in_aggregation: one of 6 accounts feeding a common recipient within 400min | rapid_passthrough: received 8660 (242.2x its own typical transaction size), forwarded 8313 within 2h"
ACC002971,80,fan_in_aggregation;layering_chain;rapid_passthrough,"fan_in_aggregation: one of 5 accounts feeding a common recipient within 400min | rapid_passthrough: received 10052 (481.7x its own typical transaction size), forwarded 10052 within 2h | layering_chain: part of 4-hop rapid P2P transfer chain"
ACC000567,80,fan_in_aggregation;layering_chain;rapid_passthrough,"fan_in_aggregation: one of 4 accounts feeding a common recipient within 400min | rapid_passthrough: received 7731 (161.5x its own typical transaction size), forwarded 7212 within 2h | layering_chain: part of 4-hop rapid P2P transfer chain"
ACC003186,80,fan_in_aggregation;layering_chain;rapid_passthrough,"fan_in_aggregation: one of 9 accounts feeding a common recipient within 400min | rapid_passthrough: received 10101 (298.8x its own typical transaction size), forwarded 10101 within 2h | layering_chain: part of 4-hop rapid P2P transfer chain"
ACC000047,80,fan_in_aggregation;layering_chain;rapid_passthrough,"fan_in_aggregation: one of 4 accounts feeding a common recipient within 400min | rapid_passthrough: received 10867 (288.3x its own typical transaction size), forwarded 9831 within 2h | layering_chain: part of 4-hop rapid P2P transfer chain"
ACC003218,80,fan_in_aggregation;layering_chain;rapid_passthrough,"fan_in_aggregation: one of 4 accounts feeding a common recipient within 400min | rapid_passthrough: received 12791 (446.8x its own typical transaction size), forwarded 11534 within 2h | layering_chain: part of 4-hop rapid P2P transfer chain"
ACC003220,80,fan_in_aggregation;layering_chain;rapid_passthrough,"fan_in_aggregation: one of 4 accounts feeding a common recipient within 400min | rapid_passthrough: received 14038 (357.6x its own typical transaction size), forwarded 13267 within 2h | layering_chain: part of 4-hop rapid P2P transfer chain"
ACC004547,80,fan_in_aggregation;layering_chain;rapid_passthrough,"fan_in_aggregation: one of 4 accounts feeding a common recipient within 400min | rapid_passthrough: received 7528 (105.2x its own typical transaction size), forwarded 7528 within 2h | layering_chain: part of 4-hop rapid P2P transfer chain"
ACC000451,80,fan_in_aggregation;layering_chain;rapid_passthrough,"fan_in_aggregation: one of 4 accounts feeding a common recipient within 400min | rapid_passthrough: received 10813 (277.6x its own typical transaction size), forwarded 10359 within 2h | layering_chain: part of 4-hop rapid P2P transfer chain"
ACC003165,80,fan_in_aggregation;layering_chain;rapid_passthrough,"fan_in_aggregation: one of 4 accounts feeding a common recipient within 400min | rapid_passthrough: received 8249 (166.0x its own typical transaction size), forwarded 7998 within 2h | layering_chain: part of 4-hop rapid P2P transfer chain"
ACC000911,80,fan_in_aggregation;layering_chain;rapid_passthrough,"fan_in_aggregation: one of 4 accounts feeding a common recipient within 400min | rapid_passthrough: received 7541 (201.7x its own typical transaction size), forwarded 7541 within 2h | layering_chain: part of 4-hop rapid P2P transfer chain"
ACC003271,80,fan_in_aggregation;layering_chain;rapid_passthrough,"fan_in_aggregation: one of 5 accounts feeding a common recipient within 400min | rapid_passthrough: received 10692 (251.2x its own typical transaction size), forwarded 10101 within 2h | layering_chain: part of 4-hop rapid P2P transfer chain"
ACC002804,80,fan_in_aggregation;layering_chain;rapid_passthrough,"fan_in_aggregation: one of 4 accounts feeding a common recipient within 400min | rapid_passthrough: received 13047 (481.1x its own typical transaction size), forwarded 12407 within 2h | layering_chain: part of 4-hop rapid P2P transfer chain"
ACC000032,80,fan_in_aggregation;layering_chain;rapid_passthrough,"fan_in_aggregation: one of 6 accounts feeding a common recipient within 400min | rapid_passthrough: received 7063 (154.3x its own typical transaction size), forwarded 7063 within 2h | layering_chain: part of 4-hop rapid P2P transfer chain"
ACC001214,80,fan_in_aggregation;layering_chain;rapid_passthrough,"fan_in_aggregation: one of 5 accounts feeding a common recipient within 400min | rapid_passthrough: received 7394 (216.3x its own typical transaction size), forwarded 6812 within 2h | layering_chain: part of 4-hop rapid P2P transfer chain"
ACC002216,80,fan_in_aggregation;layering_chain;rapid_passthrough,"fan_in_aggregation: one of 4 accounts feeding a common recipient within 400min | fan_in_aggregation: one of 4 accounts feeding a common recipient within 400min | rapid_passthrough: received 9831 (264.0x its own typical transaction size), forwarded 9024 within 2h"
ACC001324,80,fan_in_aggregation;layering_chain;rapid_passthrough,"fan_in_aggregation: one of 4 accounts feeding a common recipient within 400min | rapid_passthrough: received 5469 (154.7x its own typical transaction size), forwarded 4961 within 2h | layering_chain: part of 4-hop rapid P2P transfer chain"
ACC004901,80,fan_in_aggregation;layering_chain;rapid_passthrough,"fan_in_aggregation: one of 4 accounts feeding a common recipient within 400min | rapid_passthrough: received 8013 (199.3x its own typical transaction size), forwarded 7380 within 2h | layering_chain: part of 4-hop rapid P2P transfer chain"
ACC002323,80,fan_in_aggregation;layering_chain;rapid_passthrough,"fan_in_aggregation: one of 5 accounts feeding a common recipient within 400min | rapid_passthrough: received 8662 (352.5x its own typical transaction size), forwarded 8662 within 2h | layering_chain: part of 4-hop rapid P2P transfer chain"
ACC003511,80,fan_in_aggregation;layering_chain;rapid_passthrough,"fan_in_aggregation: one of 4 accounts feeding a common recipient within 400min | rapid_passthrough: received 5698 (118.3x its own typical transaction size), forwarded 5137 within 2h | layering_chain: part of 4-hop rapid P2P transfer chain"
ACC002390,80,fan_in_aggregation;layering_chain;rapid_passthrough,"fan_in_aggregation: one of 4 accounts feeding a common recipient within 400min | rapid_passthrough: received 12697 (209.6x its own typical transaction size), forwarded 11857 within 2h | layering_chain: part of 4-hop rapid P2P transfer chain"
ACC002035,80,fan_in_aggregation;layering_chain;rapid_passthrough,"fan_in_aggregation: one of 4 accounts feeding a common recipient within 400min | fan_in_aggregation: one of 4 accounts feeding a common recipient within 400min | rapid_passthrough: received 8347 (251.5x its own typical transaction size), forwarded 7731 within 2h"
ACC004581,80,fan_in_aggregation;layering_chain;rapid_passthrough,"fan_in_aggregation: one of 8 accounts feeding a common recipient within 400min | rapid_passthrough: received 7608 (207.8x its own typical transaction size), forwarded 7608 within 2h | layering_chain: part of 4-hop rapid P2P transfer chain"
ACC002314,76,fan_in_aggregation;layering_chain;rapid_passthrough,"fan_in_aggregation: one of 5 accounts feeding a common recipient within 400min | rapid_passthrough: received 4696 (85.5x its own typical transaction size), forwarded 4382 within 2h | layering_chain: part of 4-hop rapid P2P transfer chain"
ACC001847,74,fan_in_aggregation;layering_chain;rapid_passthrough,"fan_in_aggregation: one of 9 accounts feeding a common recipient within 400min | fan_in_aggregation: one of 4 accounts feeding a common recipient within 400min | rapid_passthrough: received 5218 (79.1x its own typical transaction size), forwarded 5023 within 2h"
ACC001249,71,layering_chain;rapid_passthrough,"rapid_passthrough: received 14281 (406.6x its own typical transaction size), forwarded 13038 within 2h | layering_chain: part of 4-hop rapid P2P transfer chain | layering_chain: part of 4-hop rapid P2P transfer chain"
ACC000512,71,layering_chain;rapid_passthrough,"rapid_passthrough: received 10217 (236.0x its own typical transaction size), forwarded 9645 within 2h | layering_chain: part of 4-hop rapid P2P transfer chain | layering_chain: part of 4-hop rapid P2P transfer chain"
ACC000718,71,layering_chain;rapid_passthrough,"rapid_passthrough: received 8539 (201.3x its own typical transaction size), forwarded 8086 within 2h | layering_chain: part of 4-hop rapid P2P transfer chain | layering_chain: part of 4-hop rapid P2P transfer chain"
ACC000627,71,layering_chain;rapid_passthrough,"rapid_passthrough: received 7902 (343.1x its own typical transaction size), forwarded 7366 within 2h | layering_chain: part of 4-hop rapid P2P transfer chain | layering_chain: part of 4-hop rapid P2P transfer chain"
ACC000621,71,layering_chain;rapid_passthrough,"rapid_passthrough: received 7380 (168.3x its own typical transaction size), forwarded 6953 within 2h | layering_chain: part of 4-hop rapid P2P transfer chain | layering_chain: part of 4-hop rapid P2P transfer chain"
ACC000593,71,layering_chain;rapid_passthrough,"rapid_passthrough: received 8559 (216.5x its own typical transaction size), forwarded 8559 within 2h | layering_chain: part of 4-hop rapid P2P transfer chain | layering_chain: part of 4-hop rapid P2P transfer chain"
ACC000091,71,layering_chain;rapid_passthrough,"rapid_passthrough: received 11443 (432.0x its own typical transaction size), forwarded 10813 within 2h | layering_chain: part of 4-hop rapid P2P transfer chain | layering_chain: part of 4-hop rapid P2P transfer chain"
ACC001123,71,layering_chain;rapid_passthrough,"rapid_passthrough: received 8438 (159.4x its own typical transaction size), forwarded 7900 within 2h | layering_chain: part of 4-hop rapid P2P transfer chain | layering_chain: part of 4-hop rapid P2P transfer chain"
ACC000842,71,layering_chain;rapid_passthrough,"rapid_passthrough: received 9533 (231.8x its own typical transaction size), forwarded 9533 within 2h | layering_chain: part of 4-hop rapid P2P transfer chain | layering_chain: part of 4-hop rapid P2P transfer chain"
ACC001294,71,layering_chain;rapid_passthrough,"rapid_passthrough: received 7515 (198.6x its own typical transaction size), forwarded 6935 within 2h | layering_chain: part of 4-hop rapid P2P transfer chain | layering_chain: part of 4-hop rapid P2P transfer chain"
ACC001285,71,layering_chain;rapid_passthrough,"rapid_passthrough: received 7588 (205.7x its own typical transaction size), forwarded 7419 within 2h | layering_chain: part of 4-hop rapid P2P transfer chain | layering_chain: part of 4-hop rapid P2P transfer chain"
ACC001256,71,layering_chain;rapid_passthrough,"rapid_passthrough: received 8270 (192.0x its own typical transaction size), forwarded 7528 within 2h | layering_chain: part of 4-hop rapid P2P transfer chain | layering_chain: part of 4-hop rapid P2P transfer chain"
ACC001252,71,layering_chain;rapid_passthrough,"rapid_passthrough: received 9116 (323.5x its own typical transaction size), forwarded 8270 within 2h | layering_chain: part of 4-hop rapid P2P transfer chain | layering_chain: part of 4-hop rapid P2P transfer chain"
ACC001237,71,layering_chain;rapid_passthrough,"rapid_passthrough: received 170 (3.9x its own typical transaction size), forwarded 10963 within 2h | rapid_passthrough: received 11857 (271.2x its own typical transaction size), forwarded 10963 within 2h | layering_chain: part of 4-hop rapid P2P transfer chain"
ACC002408,71,layering_chain;rapid_passthrough,"rapid_passthrough: received 9645 (303.7x its own typical transaction size), forwarded 9645 within 2h | layering_chain: part of 4-hop rapid P2P transfer chain | layering_chain: part of 4-hop rapid P2P transfer chain"
ACC001911,71,layering_chain;rapid_passthrough,"rapid_passthrough: received 11015 (306.4x its own typical transaction size), forwarded 10076 within 2h | layering_chain: part of 4-hop rapid P2P transfer chain | layering_chain: part of 4-hop rapid P2P transfer chain"
ACC001946,71,layering_chain;rapid_passthrough,"rapid_passthrough: received 10076 (246.9x its own typical transaction size), forwarded 9533 within 2h | layering_chain: part of 4-hop rapid P2P transfer chain | layering_chain: part of 4-hop rapid P2P transfer chain"
ACC002093,71,layering_chain;rapid_passthrough,"rapid_passthrough: received 9024 (248.2x its own typical transaction size), forwarded 8559 within 2h | layering_chain: part of 4-hop rapid P2P transfer chain | layering_chain: part of 4-hop rapid P2P transfer chain"
ACC002070,71,layering_chain;rapid_passthrough,"rapid_passthrough: received 4961 (148.7x its own typical transaction size), forwarded 4696 within 2h | layering_chain: part of 4-hop rapid P2P transfer chain | layering_chain: part of 4-hop rapid P2P transfer chain"
ACC002179,71,layering_chain;rapid_passthrough,"rapid_passthrough: received 6935 (219.2x its own typical transaction size), forwarded 6935 within 2h | layering_chain: part of 4-hop rapid P2P transfer chain | layering_chain: part of 4-hop rapid P2P transfer chain"
ACC002187,71,layering_chain;rapid_passthrough,"rapid_passthrough: received 7366 (278.8x its own typical transaction size), forwarded 6935 within 2h | layering_chain: part of 4-hop rapid P2P transfer chain | layering_chain: part of 4-hop rapid P2P transfer chain"
ACC002315,71,layering_chain;rapid_passthrough,"rapid_passthrough: received 6163 (184.5x its own typical transaction size), forwarded 5937 within 2h | layering_chain: part of 4-hop rapid P2P transfer chain | layering_chain: part of 4-hop rapid P2P transfer chain"
ACC002307,71,layering_chain;rapid_passthrough,"rapid_passthrough: received 4767 (153.7x its own typical transaction size), forwarded 4390 within 2h | layering_chain: part of 4-hop rapid P2P transfer chain | layering_chain: part of 4-hop rapid P2P transfer chain"
ACC001839,71,layering_chain;rapid_passthrough,"rapid_passthrough: received 9534 (293.8x its own typical transaction size), forwarded 9116 within 2h | layering_chain: part of 4-hop rapid P2P transfer chain | layering_chain: part of 4-hop rapid P2P transfer chain"
ACC001889,71,layering_chain;rapid_passthrough,"rapid_passthrough: received 7419 (223.9x its own typical transaction size), forwarded 7419 within 2h | layering_chain: part of 4-hop rapid P2P transfer chain | layering_chain: part of 4-hop rapid P2P transfer chain"
ACC003544,71,layering_chain;rapid_passthrough,"rapid_passthrough: received 7820 (203.6x its own typical transaction size), forwarded 7541 within 2h | layering_chain: part of 4-hop rapid P2P transfer chain | layering_chain: part of 4-hop rapid P2P transfer chain"
ACC003440,71,layering_chain;rapid_passthrough,"rapid_passthrough: received 6953 (194.8x its own typical transaction size), forwarded 6286 within 2h | rapid_passthrough: received 7998 (224.0x its own typical transaction size), forwarded 7394 within 2h | layering_chain: part of 4-hop rapid P2P transfer chain"
ACC003354,71,layering_chain;rapid_passthrough,"rapid_passthrough: received 8819 (169.2x its own typical transaction size), forwarded 8539 within 2h | layering_chain: part of 4-hop rapid P2P transfer chain | layering_chain: part of 4-hop rapid P2P transfer chain"
ACC003298,71,layering_chain;rapid_passthrough,"rapid_passthrough: received 11857 (262.7x its own typical transaction size), forwarded 10692 within 2h | layering_chain: part of 4-hop rapid P2P transfer chain | layering_chain: part of 4-hop rapid P2P transfer chain"
ACC003072,71,layering_chain;rapid_passthrough,"rapid_passthrough: received 6419 (190.1x its own typical transaction size), forwarded 6163 within 2h | layering_chain: part of 4-hop rapid P2P transfer chain | layering_chain: part of 4-hop rapid P2P transfer chain"
ACC003105,71,layering_chain;rapid_passthrough,"rapid_passthrough: received 11534 (393.9x its own typical transaction size), forwarded 11534 within 2h | layering_chain: part of 4-hop rapid P2P transfer chain | layering_chain: part of 4-hop rapid P2P transfer chain"
ACC002943,71,layering_chain;rapid_passthrough,"rapid_passthrough: received 9040 (325.2x its own typical transaction size), forwarded 8188 within 2h | layering_chain: part of 4-hop rapid P2P transfer chain | layering_chain: part of 4-hop rapid P2P transfer chain"
ACC002974,71,layering_chain;rapid_passthrough,"rapid_passthrough: received 11435 (249.8x its own typical transaction size), forwarded 10936 within 2h | layering_chain: part of 4-hop rapid P2P transfer chain | layering_chain: part of 4-hop rapid P2P transfer chain"
ACC002832,71,layering_chain;rapid_passthrough,"rapid_passthrough: received 8131 (144.5x its own typical transaction size), forwarded 7588 within 2h | layering_chain: part of 4-hop rapid P2P transfer chain | layering_chain: part of 4-hop rapid P2P transfer chain"
ACC002789,71,layering_chain;rapid_passthrough,"rapid_passthrough: received 12310 (269.7x its own typical transaction size), forwarded 11423 within 2h | layering_chain: part of 4-hop rapid P2P transfer chain | layering_chain: part of 4-hop rapid P2P transfer chain"
ACC002901,71,layering_chain;rapid_passthrough,"rapid_passthrough: received 9096 (356.7x its own typical transaction size), forwarded 8662 within 2h | layering_chain: part of 4-hop rapid P2P transfer chain | layering_chain: part of 4-hop rapid P2P transfer chain"
ACC002896,71,layering_chain;rapid_passthrough,"rapid_passthrough: received 6935 (407.0x its own typical transaction size), forwarded 6935 within 2h | layering_chain: part of 4-hop rapid P2P transfer chain | layering_chain: part of 4-hop rapid P2P transfer chain"
ACC002643,71,layering_chain;rapid_passthrough,"rapid_passthrough: received 8054 (191.9x its own typical transaction size), forwarded 7820 within 2h | layering_chain: part of 4-hop rapid P2P transfer chain | layering_chain: part of 4-hop rapid P2P transfer chain"
ACC002584,71,layering_chain;rapid_passthrough,"rapid_passthrough: received 4382 (124.9x its own typical transaction size), forwarded 4382 within 2h | layering_chain: part of 4-hop rapid P2P transfer chain | layering_chain: part of 4-hop rapid P2P transfer chain"
ACC002419,71,layering_chain;rapid_passthrough,"rapid_passthrough: received 8579 (192.6x its own typical transaction size), forwarded 8347 within 2h | layering_chain: part of 4-hop rapid P2P transfer chain | layering_chain: part of 4-hop rapid P2P transfer chain"
ACC003644,71,layering_chain;rapid_passthrough,"rapid_passthrough: received 8086 (156.2x its own typical transaction size), forwarded 7608 within 2h | layering_chain: part of 4-hop rapid P2P transfer chain | layering_chain: part of 4-hop rapid P2P transfer chain"
ACC004556,71,layering_chain;rapid_passthrough,"rapid_passthrough: received 5023 (166.3x its own typical transaction size), forwarded 4529 within 2h | layering_chain: part of 4-hop rapid P2P transfer chain | layering_chain: part of 4-hop rapid P2P transfer chain"
ACC004520,71,layering_chain;rapid_passthrough,"rapid_passthrough: received 13267 (231.7x its own typical transaction size), forwarded 12791 within 2h | layering_chain: part of 4-hop rapid P2P transfer chain | layering_chain: part of 4-hop rapid P2P transfer chain"
ACC004382,71,layering_chain;rapid_passthrough,"rapid_passthrough: received 7628 (222.6x its own typical transaction size), forwarded 7063 within 2h | layering_chain: part of 4-hop rapid P2P transfer chain | layering_chain: part of 4-hop rapid P2P transfer chain"
ACC004381,71,layering_chain;rapid_passthrough,"rapid_passthrough: received 10359 (200.5x its own typical transaction size), forwarded 10052 within 2h | layering_chain: part of 4-hop rapid P2P transfer chain | layering_chain: part of 4-hop rapid P2P transfer chain"
ACC004182,71,layering_chain;rapid_passthrough,"rapid_passthrough: received 10014 (298.3x its own typical transaction size), forwarded 9504 within 2h | layering_chain: part of 4-hop rapid P2P transfer chain | layering_chain: part of 4-hop rapid P2P transfer chain"
ACC004241,71,layering_chain;rapid_passthrough,"rapid_passthrough: received 9761 (352.9x its own typical transaction size), forwarded 9040 within 2h | layering_chain: part of 4-hop rapid P2P transfer chain | layering_chain: part of 4-hop rapid P2P transfer chain"
ACC004097,71,layering_chain;rapid_passthrough,"rapid_passthrough: received 7212 (148.6x its own typical transaction size), forwarded 7212 within 2h | layering_chain: part of 4-hop rapid P2P transfer chain | layering_chain: part of 4-hop rapid P2P transfer chain"
ACC004038,71,layering_chain;rapid_passthrough,"rapid_passthrough: received 5137 (155.4x its own typical transaction size), forwarded 4767 within 2h | layering_chain: part of 4-hop rapid P2P transfer chain | layering_chain: part of 4-hop rapid P2P transfer chain"
ACC003754,71,layering_chain;rapid_passthrough,"rapid_passthrough: received 9558 (273.8x its own typical transaction size), forwarded 9096 within 2h | layering_chain: part of 4-hop rapid P2P transfer chain | layering_chain: part of 4-hop rapid P2P transfer chain"
ACC003903,71,layering_chain;rapid_passthrough,"rapid_passthrough: received 6821 (179.0x its own typical transaction size), forwarded 6419 within 2h | layering_chain: part of 4-hop rapid P2P transfer chain | layering_chain: part of 4-hop rapid P2P transfer chain"
ACC003866,71,layering_chain;rapid_passthrough,"rapid_passthrough: received 10963 (448.9x its own typical transaction size), forwarded 10963 within 2h | layering_chain: part of 4-hop rapid P2P transfer chain | layering_chain: part of 4-hop rapid P2P transfer chain"
ACC003778,71,layering_chain;rapid_passthrough,"rapid_passthrough: received 8219 (226.8x its own typical transaction size), forwarded 7794 within 2h | layering_chain: part of 4-hop rapid P2P transfer chain | layering_chain: part of 4-hop rapid P2P transfer chain"
ACC004952,71,layering_chain;rapid_passthrough,"rapid_passthrough: received 7863 (115.2x its own typical transaction size), forwarded 7515 within 2h | layering_chain: part of 4-hop rapid P2P transfer chain | layering_chain: part of 4-hop rapid P2P transfer chain"
ACC004598,71,layering_chain;rapid_passthrough,"rapid_passthrough: received 8313 (298.9x its own typical transaction size), forwarded 8313 within 2h | layering_chain: part of 4-hop rapid P2P transfer chain | layering_chain: part of 4-hop rapid P2P transfer chain"
ACC004928,71,layering_chain;rapid_passthrough,"rapid_passthrough: received 6812 (168.5x its own typical transaction size), forwarded 6812 within 2h | layering_chain: part of 4-hop rapid P2P transfer chain | layering_chain: part of 4-hop rapid P2P transfer chain"
ACC004951,71,layering_chain;rapid_passthrough,"rapid_passthrough: received 9905 (392.1x its own typical transaction size), forwarded 9558 within 2h | layering_chain: part of 4-hop rapid P2P transfer chain | layering_chain: part of 4-hop rapid P2P transfer chain"
ACC000876,69,fan_in_aggregation;fan_out_smurfing,fan_out_smurfing: received funds as one of 41 rapid recipients from a single source within 63min | fan_in_aggregation: one of 10 accounts feeding a common recipient within 400min | fan_in_aggregation: one of 10 accounts feeding a common recipient within 400min
ACC000750,69,fan_in_aggregation;fan_out_smurfing,fan_out_smurfing: received funds as one of 41 rapid recipients from a single source within 63min | fan_out_smurfing: received funds as one of 8 rapid recipients from a single source within 157min | fan_in_aggregation: one of 10 accounts feeding a common recipient within 400min
ACC004184,69,fan_in_aggregation;fan_out_smurfing,fan_out_smurfing: received funds as one of 40 rapid recipients from a single source within 8min | fan_in_aggregation: one of 10 accounts feeding a common recipient within 400min | fan_in_aggregation: one of 5 accounts feeding a common recipient within 400min
ACC000114,69,layering_chain;rapid_passthrough,"rapid_passthrough: received 4390 (91.9x its own typical transaction size), forwarded 4390 within 2h | layering_chain: part of 4-hop rapid P2P transfer chain | layering_chain: part of 4-hop rapid P2P transfer chain"
ACC001558,69,fan_in_aggregation;fan_out_smurfing,fan_out_smurfing: received funds as one of 40 rapid recipients from a single source within 10min | fan_in_aggregation: one of 10 accounts feeding a common recipient within 400min
ACC004518,65,fan_in_aggregation,fan_in_aggregation: received from 10 accounts within 400min (20.0x its own baseline rate); followed by rapid outbound cash-out
ACC002984,65,fan_in_aggregation,fan_in_aggregation: received from 10 accounts within 400min (20.0x its own baseline rate); followed by rapid outbound cash-out
ACC004950,65,fan_in_aggregation,fan_in_aggregation: received from 10 accounts within 400min (20.0x its own baseline rate); followed by rapid outbound cash-out
ACC002529,65,fan_in_aggregation,fan_in_aggregation: received from 10 accounts within 400min (20.0x its own baseline rate); followed by rapid outbound cash-out
ACC002293,65,fan_in_aggregation,fan_in_aggregation: received from 10 accounts within 400min (20.0x its own baseline rate); followed by rapid outbound cash-out
ACC003827,65,fan_in_aggregation,fan_in_aggregation: received from 10 accounts within 400min (20.0x its own baseline rate); followed by rapid outbound cash-out
ACC004612,65,fan_in_aggregation,fan_in_aggregation: received from 10 accounts within 400min (20.0x its own baseline rate); followed by rapid outbound cash-out
ACC004727,65,fan_in_aggregation,fan_in_aggregation: received from 11 accounts within 400min (22.0x its own baseline rate); followed by rapid outbound cash-out
ACC003510,65,fan_in_aggregation,fan_in_aggregation: received from 10 accounts within 400min (20.0x its own baseline rate); followed by rapid outbound cash-out
ACC000411,65,fan_in_aggregation,fan_in_aggregation: received from 10 accounts within 400min (20.0x its own baseline rate); followed by rapid outbound cash-out | fan_in_aggregation: one of 5 accounts feeding a common recipient within 400min
ACC000964,65,fan_in_aggregation,fan_in_aggregation: received from 10 accounts within 400min (20.0x its own baseline rate); followed by rapid outbound cash-out
ACC000935,65,layering_chain;rapid_passthrough,"rapid_passthrough: received 4529 (81.3x its own typical transaction size), forwarded 4529 within 2h | layering_chain: part of 4-hop rapid P2P transfer chain | layering_chain: part of 4-hop rapid P2P transfer chain"
ACC001048,65,fan_in_aggregation,fan_in_aggregation: received from 10 accounts within 400min (20.0x its own baseline rate); followed by rapid outbound cash-out
ACC000610,65,fan_in_aggregation,fan_in_aggregation: received from 10 accounts within 400min (20.0x its own baseline rate); followed by rapid outbound cash-out | fan_in_aggregation: one of 4 accounts feeding a common recipient within 400min
ACC000560,65,fan_in_aggregation,fan_in_aggregation: received from 10 accounts within 400min (20.0x its own baseline rate); followed by rapid outbound cash-out | fan_in_aggregation: one of 5 accounts feeding a common recipient within 400min | fan_in_aggregation: one of 6 accounts feeding a common recipient within 400min
ACC003735,65,fan_in_aggregation,fan_in_aggregation: received from 10 accounts within 400min (20.0x its own baseline rate); followed by rapid outbound cash-out
ACC000724,65,fan_in_aggregation,fan_in_aggregation: received from 10 accounts within 400min (20.0x its own baseline rate); followed by rapid outbound cash-out | fan_in_aggregation: one of 4 accounts feeding a common recipient within 400min
ACC001325,65,fan_in_aggregation,fan_in_aggregation: received from 10 accounts within 400min (20.0x its own baseline rate); followed by rapid outbound cash-out
ACC000092,65,fan_in_aggregation,fan_in_aggregation: received from 10 accounts within 400min (20.0x its own baseline rate); followed by rapid outbound cash-out
ACC003408,65,fan_in_aggregation,fan_in_aggregation: received from 10 accounts within 400min (20.0x its own baseline rate); followed by rapid outbound cash-out
ACC001116,65,fan_in_aggregation,fan_in_aggregation: received from 11 accounts within 400min (22.0x its own baseline rate); followed by rapid outbound cash-out
ACC001777,65,fan_in_aggregation,fan_in_aggregation: received from 10 accounts within 400min (20.0x its own baseline rate); followed by rapid outbound cash-out | fan_in_aggregation: one of 5 accounts feeding a common recipient within 400min
ACC003443,65,fan_in_aggregation,fan_in_aggregation: received from 10 accounts within 400min (20.0x its own baseline rate); followed by rapid outbound cash-out
ACC000666,65,fan_in_aggregation,fan_in_aggregation: received from 10 accounts within 400min (20.0x its own baseline rate); followed by rapid outbound cash-out | fan_in_aggregation: one of 4 accounts feeding a common recipient within 400min | fan_in_aggregation: one of 5 accounts feeding a common recipient within 400min
ACC003984,65,fan_in_aggregation,fan_in_aggregation: received from 10 accounts within 400min (20.0x its own baseline rate); followed by rapid outbound cash-out
ACC001974,63,fan_in_aggregation;fan_out_smurfing;rapid_passthrough,"fan_out_smurfing: received funds as one of 8 rapid recipients from a single source within 106min | fan_in_aggregation: one of 4 accounts feeding a common recipient within 400min | rapid_passthrough: received 99 (3.1x its own typical transaction size), forwarded 275 within 2h"
ACC002002,61,fan_in_aggregation;fan_out_smurfing,fan_out_smurfing: received funds as one of 8 rapid recipients from a single source within 96min | fan_in_aggregation: one of 10 accounts feeding a common recipient within 400min | fan_in_aggregation: one of 4 accounts feeding a common recipient within 400min
ACC001168,60,fan_in_aggregation;fan_out_smurfing,fan_out_smurfing: received funds as one of 8 rapid recipients from a single source within 115min | fan_in_aggregation: one of 10 accounts feeding a common recipient within 400min
ACC003008,60,fan_in_aggregation;fan_out_smurfing,fan_out_smurfing: received funds as one of 8 rapid recipients from a single source within 130min | fan_in_aggregation: one of 10 accounts feeding a common recipient within 400min
ACC004065,59,fan_in_aggregation;fan_out_smurfing,fan_out_smurfing: received funds as one of 41 rapid recipients from a single source within 63min | fan_in_aggregation: one of 4 accounts feeding a common recipient within 400min
ACC004891,59,fan_in_aggregation;fan_out_smurfing,fan_out_smurfing: received funds as one of 41 rapid recipients from a single source within 63min | fan_in_aggregation: one of 4 accounts feeding a common recipient within 400min
ACC001061,59,fan_in_aggregation;fan_out_smurfing,fan_out_smurfing: received funds as one of 8 rapid recipients from a single source within 145min | fan_in_aggregation: one of 10 accounts feeding a common recipient within 400min | fan_in_aggregation: one of 4 accounts feeding a common recipient within 400min
ACC004983,59,fan_in_aggregation;fan_out_smurfing,fan_out_smurfing: received funds as one of 41 rapid recipients from a single source within 63min | fan_in_aggregation: one of 4 accounts feeding a common recipient within 400min
ACC001638,59,fan_in_aggregation;fan_out_smurfing,fan_out_smurfing: received funds as one of 41 rapid recipients from a single source within 63min | fan_in_aggregation: one of 4 accounts feeding a common recipient within 400min
ACC003312,59,fan_in_aggregation;fan_out_smurfing,fan_out_smurfing: received funds as one of 41 rapid recipients from a single source within 63min | fan_in_aggregation: one of 4 accounts feeding a common recipient within 400min
ACC002552,59,fan_in_aggregation;fan_out_smurfing,fan_out_smurfing: received funds as one of 40 rapid recipients from a single source within 8min | fan_in_aggregation: one of 4 accounts feeding a common recipient within 400min | fan_in_aggregation: one of 4 accounts feeding a common recipient within 400min
ACC002030,59,fan_in_aggregation;fan_out_smurfing,fan_out_smurfing: received funds as one of 40 rapid recipients from a single source within 8min | fan_in_aggregation: one of 4 accounts feeding a common recipient within 400min
ACC003098,59,fan_in_aggregation;fan_out_smurfing,fan_out_smurfing: received funds as one of 40 rapid recipients from a single source within 8min | fan_in_aggregation: one of 4 accounts feeding a common recipient within 400min
ACC000902,59,fan_in_aggregation;fan_out_smurfing,fan_out_smurfing: received funds as one of 8 rapid recipients from a single source within 145min | fan_in_aggregation: one of 10 accounts feeding a common recipient within 400min
ACC001464,59,fan_in_aggregation;fan_out_smurfing,fan_out_smurfing: received funds as one of 40 rapid recipients from a single source within 10min | fan_in_aggregation: one of 4 accounts feeding a common recipient within 400min
ACC003886,59,fan_in_aggregation;fan_out_smurfing,fan_out_smurfing: received funds as one of 41 rapid recipients from a single source within 63min | fan_in_aggregation: one of 5 accounts feeding a common recipient within 400min
ACC002716,59,fan_in_aggregation;fan_out_smurfing,fan_out_smurfing: received funds as one of 41 rapid recipients from a single source within 63min | fan_in_aggregation: one of 4 accounts feeding a common recipient within 400min
ACC000086,59,fan_in_aggregation;fan_out_smurfing,fan_out_smurfing: received funds as one of 41 rapid recipients from a single source within 63min | fan_in_aggregation: one of 4 accounts feeding a common recipient within 400min
ACC002908,59,fan_in_aggregation;fan_out_smurfing,fan_out_smurfing: received funds as one of 41 rapid recipients from a single source within 63min | fan_in_aggregation: one of 4 accounts feeding a common recipient within 400min
ACC002543,59,fan_in_aggregation;fan_out_smurfing,fan_out_smurfing: received funds as one of 41 rapid recipients from a single source within 63min | fan_in_aggregation: one of 4 accounts feeding a common recipient within 400min
ACC000889,59,fan_in_aggregation;fan_out_smurfing,fan_out_smurfing: received funds as one of 41 rapid recipients from a single source within 63min | fan_in_aggregation: one of 5 accounts feeding a common recipient within 400min
ACC004914,59,fan_in_aggregation;fan_out_smurfing,fan_out_smurfing: received funds as one of 41 rapid recipients from a single source within 63min | fan_in_aggregation: one of 5 accounts feeding a common recipient within 400min
ACC002071,59,fan_in_aggregation;fan_out_smurfing,fan_out_smurfing: received funds as one of 41 rapid recipients from a single source within 63min | fan_in_aggregation: one of 5 accounts feeding a common recipient within 400min
ACC002376,59,fan_in_aggregation;fan_out_smurfing,fan_out_smurfing: received funds as one of 41 rapid recipients from a single source within 63min | fan_in_aggregation: one of 4 accounts feeding a common recipient within 400min
ACC001597,59,fan_in_aggregation;fan_out_smurfing,fan_out_smurfing: received funds as one of 40 rapid recipients from a single source within 10min | fan_in_aggregation: one of 4 accounts feeding a common recipient within 400min
ACC003729,59,fan_in_aggregation;fan_out_smurfing,fan_out_smurfing: received funds as one of 40 rapid recipients from a single source within 10min | fan_out_smurfing: received funds as one of 8 rapid recipients from a single source within 99min | fan_in_aggregation: one of 4 accounts feeding a common recipient within 400min
ACC002178,59,fan_in_aggregation;fan_out_smurfing,fan_out_smurfing: received funds as one of 40 rapid recipients from a single source within 10min | fan_in_aggregation: one of 4 accounts feeding a common recipient within 400min
ACC000803,59,fan_in_aggregation;rapid_passthrough,"fan_in_aggregation: one of 4 accounts feeding a common recipient within 400min | fan_in_aggregation: one of 4 accounts feeding a common recipient within 400min | rapid_passthrough: received 6507 (150.3x its own typical transaction size), forwarded 6311 within 2h"
ACC002740,59,fan_in_aggregation;rapid_passthrough,"fan_in_aggregation: one of 4 accounts feeding a common recipient within 400min | rapid_passthrough: received 8622 (207.2x its own typical transaction size), forwarded 8364 within 2h"
ACC004315,59,fan_in_aggregation;fan_out_smurfing,fan_out_smurfing: received funds as one of 40 rapid recipients from a single source within 8min | fan_in_aggregation: one of 5 accounts feeding a common recipient within 400min | fan_in_aggregation: one of 4 accounts feeding a common recipient within 400min
ACC000472,59,fan_in_aggregation;fan_out_smurfing,fan_out_smurfing: received funds as one of 40 rapid recipients from a single source within 8min | fan_in_aggregation: one of 4 accounts feeding a common recipient within 400min
ACC002047,59,fan_in_aggregation;fan_out_smurfing,fan_out_smurfing: received funds as one of 40 rapid recipients from a single source within 8min | fan_in_aggregation: one of 4 accounts feeding a common recipient within 400min
ACC001955,59,fan_in_aggregation;fan_out_smurfing,fan_out_smurfing: received funds as one of 40 rapid recipients from a single source within 8min | fan_in_aggregation: one of 4 accounts feeding a common recipient within 400min
ACC002317,59,fan_in_aggregation;fan_out_smurfing,fan_out_smurfing: received funds as one of 40 rapid recipients from a single source within 8min | fan_in_aggregation: one of 5 accounts feeding a common recipient within 400min
ACC001567,59,fan_in_aggregation;fan_out_smurfing,fan_out_smurfing: received funds as one of 40 rapid recipients from a single source within 8min | fan_in_aggregation: one of 4 accounts feeding a common recipient within 400min
ACC003526,59,fan_in_aggregation;fan_out_smurfing,fan_out_smurfing: received funds as one of 41 rapid recipients from a single source within 63min | fan_in_aggregation: one of 4 accounts feeding a common recipient within 400min | fan_in_aggregation: one of 4 accounts feeding a common recipient within 400min
ACC003540,59,fan_in_aggregation;fan_out_smurfing,fan_out_smurfing: received funds as one of 40 rapid recipients from a single source within 10min | fan_in_aggregation: one of 4 accounts feeding a common recipient within 400min | fan_in_aggregation: one of 4 accounts feeding a common recipient within 400min
ACC003555,59,fan_in_aggregation;fan_out_smurfing,fan_out_smurfing: received funds as one of 40 rapid recipients from a single source within 10min | fan_in_aggregation: one of 6 accounts feeding a common recipient within 400min
ACC002272,59,fan_in_aggregation;fan_out_smurfing,fan_out_smurfing: received funds as one of 40 rapid recipients from a single source within 10min | fan_in_aggregation: one of 4 accounts feeding a common recipient within 400min
ACC000966,59,fan_in_aggregation;fan_out_smurfing,fan_out_smurfing: received funds as one of 40 rapid recipients from a single source within 10min | fan_in_aggregation: one of 5 accounts feeding a common recipient within 400min | fan_in_aggregation: one of 4 accounts feeding a common recipient within 400min
ACC003953,59,fan_in_aggregation;fan_out_smurfing,fan_out_smurfing: received funds as one of 40 rapid recipients from a single source within 10min | fan_in_aggregation: one of 4 accounts feeding a common recipient within 400min
ACC002454,59,fan_in_aggregation;fan_out_smurfing,fan_out_smurfing: received funds as one of 40 rapid recipients from a single source within 10min | fan_in_aggregation: one of 4 accounts feeding a common recipient within 400min
ACC000093,59,fan_in_aggregation;fan_out_smurfing,fan_out_smurfing: received funds as one of 40 rapid recipients from a single source within 8min | fan_in_aggregation: one of 4 accounts feeding a common recipient within 400min
ACC004110,59,fan_in_aggregation;fan_out_smurfing,fan_out_smurfing: received funds as one of 40 rapid recipients from a single source within 10min | fan_in_aggregation: one of 9 accounts feeding a common recipient within 400min
ACC003969,59,fan_in_aggregation;fan_out_smurfing,fan_out_smurfing: received funds as one of 40 rapid recipients from a single source within 10min | fan_in_aggregation: one of 4 accounts feeding a common recipient within 400min
ACC004906,59,fan_in_aggregation;rapid_passthrough,fan_in_aggregation: one of 4 accounts feeding a common recipient within 400min | fan_in_aggregation: one of 4 accounts feeding a common recipient within 400min | fan_in_aggregation: one of 4 accounts feeding a common recipient within 400min
ACC003275,58,fan_in_aggregation;fan_out_smurfing,fan_out_smurfing: received funds as one of 8 rapid recipients from a single source within 172min | fan_in_aggregation: one of 10 accounts feeding a common recipient within 400min
MERCHANT_SUBSCRIPTION_30,58,fan_in_aggregation;fan_out_smurfing,fan_out_smurfing: received funds as one of 41 rapid recipients from a single source within 63min | fan_in_aggregation: received from 6 accounts within 400min (7.5x its own baseline rate); no rapid cash-out observed
ACC004072,58,fan_in_aggregation;fan_out_smurfing,fan_out_smurfing: received funds as one of 8 rapid recipients from a single source within 166min | fan_in_aggregation: one of 10 accounts feeding a common recipient within 400min
ACC003498,58,fan_in_aggregation;fan_out_smurfing,fan_out_smurfing: received funds as one of 8 rapid recipients from a single source within 158min | fan_in_aggregation: one of 10 accounts feeding a common recipient within 400min | fan_in_aggregation: one of 5 accounts feeding a common recipient within 400min
ACC002042,57,fan_in_aggregation;fan_out_smurfing,fan_out_smurfing: received funds as one of 8 rapid recipients from a single source within 189min | fan_in_aggregation: one of 10 accounts feeding a common recipient within 400min
ACC003487,57,fan_in_aggregation;fan_out_smurfing,fan_out_smurfing: received funds as one of 8 rapid recipients from a single source within 183min | fan_in_aggregation: one of 10 accounts feeding a common recipient within 400min | fan_in_aggregation: one of 4 accounts feeding a common recipient within 400min
ACC001459,56,fan_in_aggregation;fan_out_smurfing,fan_out_smurfing: received funds as one of 8 rapid recipients from a single source within 197min | fan_in_aggregation: one of 10 accounts feeding a common recipient within 400min | fan_in_aggregation: one of 4 accounts feeding a common recipient within 400min
ACC003174,56,fan_in_aggregation;fan_out_smurfing,fan_out_smurfing: received funds as one of 8 rapid recipients from a single source within 197min | fan_in_aggregation: one of 10 accounts feeding a common recipient within 400min | fan_in_aggregation: one of 9 accounts feeding a common recipient within 400min
ACC003622,56,fan_in_aggregation;fan_out_smurfing,fan_out_smurfing: received funds as one of 8 rapid recipients from a single source within 206min | fan_in_aggregation: one of 10 accounts feeding a common recipient within 400min | fan_in_aggregation: one of 5 accounts feeding a common recipient within 400min
ACC000881,54,fan_in_aggregation;layering_chain,fan_in_aggregation: one of 10 accounts feeding a common recipient within 400min | fan_in_aggregation: one of 10 accounts feeding a common recipient within 400min | layering_chain: part of 4-hop rapid P2P transfer chain
ACC002241,54,fan_in_aggregation;layering_chain,fan_in_aggregation: one of 10 accounts feeding a common recipient within 400min | layering_chain: part of 4-hop rapid P2P transfer chain
ACC002582,51,fan_in_aggregation;fan_out_smurfing,fan_out_smurfing: received funds as one of 8 rapid recipients from a single source within 106min | fan_in_aggregation: one of 4 accounts feeding a common recipient within 400min
ACC001124,51,fan_in_aggregation;fan_out_smurfing,fan_out_smurfing: received funds as one of 8 rapid recipients from a single source within 105min | fan_in_aggregation: one of 4 accounts feeding a common recipient within 400min | fan_in_aggregation: one of 4 accounts feeding a common recipient within 400min
ACC000456,51,fan_in_aggregation;fan_out_smurfing,fan_out_smurfing: received funds as one of 8 rapid recipients from a single source within 106min | fan_in_aggregation: one of 4 accounts feeding a common recipient within 400min | fan_in_aggregation: one of 5 accounts feeding a common recipient within 400min
ACC004282,51,fan_in_aggregation;fan_out_smurfing,fan_out_smurfing: received funds as one of 8 rapid recipients from a single source within 108min | fan_in_aggregation: one of 4 accounts feeding a common recipient within 400min | fan_in_aggregation: one of 4 accounts feeding a common recipient within 400min
ACC001671,51,fan_in_aggregation;fan_out_smurfing,fan_out_smurfing: received funds as one of 8 rapid recipients from a single source within 99min | fan_out_smurfing: received funds as one of 8 rapid recipients from a single source within 178min | fan_in_aggregation: one of 4 accounts feeding a common recipient within 400min
ACC004358,51,fan_in_aggregation;fan_out_smurfing,fan_out_smurfing: received funds as one of 8 rapid recipients from a single source within 99min | fan_in_aggregation: one of 4 accounts feeding a common recipient within 400min
ACC001705,51,fan_in_aggregation;fan_out_smurfing,fan_out_smurfing: received funds as one of 8 rapid recipients from a single source within 96min | fan_in_aggregation: one of 4 accounts feeding a common recipient within 400min
ACC000136,50,fan_out_smurfing,fan_out_smurfing: received funds as one of 41 rapid recipients from a single source within 63min
ACC002850,50,fan_out_smurfing,fan_out_smurfing: received funds as one of 41 rapid recipients from a single source within 63min
ACC002899,50,fan_out_smurfing,fan_out_smurfing: received funds as one of 41 rapid recipients from a single source within 63min
ACC004324,50,fan_out_smurfing,fan_out_smurfing: received funds as one of 40 rapid recipients from a single source within 8min
ACC003010,50,fan_out_smurfing,fan_out_smurfing: received funds as one of 40 rapid recipients from a single source within 8min
ACC001573,50,fan_out_smurfing,fan_out_smurfing: received funds as one of 40 rapid recipients from a single source within 8min
ACC000920,50,fan_out_smurfing,fan_out_smurfing: received funds as one of 40 rapid recipients from a single source within 8min
ACC002014,50,fan_out_smurfing,fan_out_smurfing: received funds as one of 40 rapid recipients from a single source within 8min
ACC003213,50,fan_out_smurfing,fan_out_smurfing: received funds as one of 41 rapid recipients from a single source within 63min
ACC001465,50,fan_out_smurfing,fan_out_smurfing: received funds as one of 41 rapid recipients from a single source within 63min
ACC002727,50,fan_out_smurfing,fan_out_smurfing: received funds as one of 41 rapid recipients from a single source within 63min
ACC004009,50,fan_out_smurfing,fan_out_smurfing: received funds as one of 41 rapid recipients from a single source within 63min
ACC001641,50,fan_out_smurfing,fan_out_smurfing: received funds as one of 41 rapid recipients from a single source within 63min
ACC000460,50,fan_in_aggregation;fan_out_smurfing,fan_out_smurfing: received funds as one of 8 rapid recipients from a single source within 115min | fan_in_aggregation: one of 4 accounts feeding a common recipient within 400min | fan_in_aggregation: one of 4 accounts feeding a common recipient within 400min
ACC002381,50,fan_out_smurfing,fan_out_smurfing: received funds as one of 41 rapid recipients from a single source within 63min | fan_out_smurfing: received funds as one of 8 rapid recipients from a single source within 142min
ACC004936,50,fan_out_smurfing,fan_out_smurfing: received funds as one of 41 rapid recipients from a single source within 63min
ACC000517,50,fan_in_aggregation;fan_out_smurfing,fan_out_smurfing: received funds as one of 8 rapid recipients from a single source within 130min | fan_in_aggregation: one of 4 accounts feeding a common recipient within 400min
ACC001172,50,fan_out_smurfing,fan_out_smurfing: received funds as one of 40 rapid recipients from a single source within 10min
ACC001304,50,fan_out_smurfing,fan_out_smurfing: received funds as one of 40 rapid recipients from a single source within 10min
ACC002493,50,fan_out_smurfing,fan_out_smurfing: received funds as one of 40 rapid recipients from a single source within 10min
ACC000057,50,fan_out_smurfing,fan_out_smurfing: received funds as one of 40 rapid recipients from a single source within 10min
ACC003329,50,fan_out_smurfing,fan_out_smurfing: received funds as one of 40 rapid recipients from a single source within 10min
ACC000025,50,fan_in_aggregation;fan_out_smurfing,fan_out_smurfing: received funds as one of 8 rapid recipients from a single source within 115min | fan_in_aggregation: one of 5 accounts feeding a common recipient within 400min | fan_in_aggregation: one of 4 accounts feeding a common recipient within 400min
ACC004682,50,fan_out_smurfing,fan_out_smurfing: received funds as one of 40 rapid recipients from a single source within 10min
ACC003175,50,fan_out_smurfing,fan_out_smurfing: received funds as one of 40 rapid recipients from a single source within 10min
ACC004190,50,fan_in_aggregation;fan_out_smurfing,fan_out_smurfing: received funds as one of 8 rapid recipients from a single source within 130min | fan_in_aggregation: one of 4 accounts feeding a common recipient within 400min
ACC003718,50,fan_in_aggregation;fan_out_smurfing,fan_out_smurfing: received funds as one of 8 rapid recipients from a single source within 115min | fan_in_aggregation: one of 5 accounts feeding a common recipient within 400min
ACC000248,50,fan_in_aggregation;fan_out_smurfing,fan_out_smurfing: received funds as one of 8 rapid recipients from a single source within 130min | fan_in_aggregation: one of 4 accounts feeding a common recipient within 400min
ACC004723,50,rapid_passthrough,"rapid_passthrough: received 6096 (149.7x its own typical transaction size), forwarded 5913 within 2h"
ACC004890,50,rapid_passthrough,"rapid_passthrough: received 8511 (158.4x its own typical transaction size), forwarded 8256 within 2h"
ACC003582,50,fan_out_smurfing,fan_out_smurfing: received funds as one of 41 rapid recipients from a single source within 63min
ACC004613,50,rapid_passthrough,"rapid_passthrough: received 5847 (134.4x its own typical transaction size), forwarded 5671 within 2h"
ACC003796,50,fan_out_smurfing,fan_out_smurfing: received funds as one of 40 rapid recipients from a single source within 8min
ACC003297,50,fan_out_smurfing,fan_out_smurfing: received funds as one of 40 rapid recipients from a single source within 8min
ACC000497,50,fan_out_smurfing,fan_out_smurfing: received funds as one of 40 rapid recipients from a single source within 8min
ACC003530,50,fan_out_smurfing,fan_out_smurfing: received funds as one of 40 rapid recipients from a single source within 10min
ACC000592,50,fan_out_smurfing,fan_out_smurfing: received funds as one of 40 rapid recipients from a single source within 8min
ACC002113,50,rapid_passthrough,"rapid_passthrough: received 4750 (152.9x its own typical transaction size), forwarded 4607 within 2h"
ACC001435,50,fan_out_smurfing,fan_out_smurfing: received funds as one of 40 rapid recipients from a single source within 10min
ACC001057,50,fan_out_smurfing,fan_out_smurfing: received funds as one of 40 rapid recipients from a single source within 10min
ACC001033,50,fan_out_smurfing,fan_out_smurfing: received funds as one of 40 rapid recipients from a single source within 8min
ACC002236,50,fan_out_smurfing,fan_out_smurfing: received funds as one of 40 rapid recipients from a single source within 8min
ACC001846,50,fan_out_smurfing,fan_out_smurfing: received funds as one of 40 rapid recipients from a single source within 8min
ACC002067,50,fan_out_smurfing,fan_out_smurfing: received funds as one of 40 rapid recipients from a single source within 8min
ACC004123,50,fan_out_smurfing,fan_out_smurfing: received funds as one of 40 rapid recipients from a single source within 8min
ACC004427,50,fan_out_smurfing,fan_out_smurfing: received funds as one of 40 rapid recipients from a single source within 8min
ACC002708,50,fan_out_smurfing,fan_out_smurfing: received funds as one of 40 rapid recipients from a single source within 8min
ACC004032,50,fan_out_smurfing,fan_out_smurfing: received funds as one of 40 rapid recipients from a single source within 8min
ACC000455,50,fan_out_smurfing,fan_out_smurfing: received funds as one of 40 rapid recipients from a single source within 8min
ACC004370,50,rapid_passthrough,"rapid_passthrough: received 4600 (127.4x its own typical transaction size), forwarded 4462 within 2h"
ACC003943,50,rapid_passthrough,"rapid_passthrough: received 8367 (219.6x its own typical transaction size), forwarded 8116 within 2h"
ACC003737,50,rapid_passthrough,"rapid_passthrough: received 4029 (119.9x its own typical transaction size), forwarded 3908 within 2h"
ACC000629,50,fan_out_smurfing,fan_out_smurfing: received funds as one of 41 rapid recipients from a single source within 63min
ACC004152,50,fan_out_smurfing,fan_out_smurfing: received funds as one of 41 rapid recipients from a single source within 63min
ACC004254,50,fan_out_smurfing,fan_out_smurfing: received funds as one of 40 rapid recipients from a single source within 8min
ACC001110,50,fan_out_smurfing,fan_out_smurfing: received funds as one of 40 rapid recipients from a single source within 8min
ACC001854,50,fan_out_smurfing,fan_out_smurfing: received funds as one of 41 rapid recipients from a single source within 63min
ACC002793,50,fan_out_smurfing,fan_out_smurfing: received funds as one of 41 rapid recipients from a single source within 63min
ACC001319,50,fan_out_smurfing,fan_out_smurfing: received funds as one of 41 rapid recipients from a single source within 63min
ACC001773,50,fan_out_smurfing,fan_out_smurfing: received funds as one of 41 rapid recipients from a single source within 63min
ACC004923,50,fan_out_smurfing,fan_out_smurfing: received funds as one of 41 rapid recipients from a single source within 63min
ACC003800,50,fan_out_smurfing,fan_out_smurfing: received funds as one of 41 rapid recipients from a single source within 63min
ACC001822,50,fan_out_smurfing,fan_out_smurfing: received funds as one of 41 rapid recipients from a single source within 63min
ACC002904,50,rapid_passthrough,"rapid_passthrough: received 6308 (203.8x its own typical transaction size), forwarded 6119 within 2h"
ACC004519,50,fan_out_smurfing,fan_out_smurfing: received funds as one of 41 rapid recipients from a single source within 63min
ACC002680,50,fan_out_smurfing,fan_out_smurfing: received funds as one of 40 rapid recipients from a single source within 10min
ACC004904,50,fan_out_smurfing,fan_out_smurfing: received funds as one of 40 rapid recipients from a single source within 10min
ACC002658,50,fan_out_smurfing,fan_out_smurfing: received funds as one of 40 rapid recipients from a single source within 10min
ACC004069,50,fan_out_smurfing,fan_out_smurfing: received funds as one of 40 rapid recipients from a single source within 10min
ACC002351,50,fan_out_smurfing,fan_out_smurfing: received funds as one of 40 rapid recipients from a single source within 10min | fan_out_smurfing: received funds as one of 8 rapid recipients from a single source within 172min
ACC001115,50,fan_out_smurfing,fan_out_smurfing: received funds as one of 40 rapid recipients from a single source within 8min
ACC004281,50,fan_out_smurfing,fan_out_smurfing: received funds as one of 40 rapid recipients from a single source within 10min
ACC000421,50,rapid_passthrough,"rapid_passthrough: received 4720 (101.6x its own typical transaction size), forwarded 4579 within 2h"
ACC003463,50,fan_out_smurfing,fan_out_smurfing: received funds as one of 40 rapid recipients from a single source within 10min
ACC000470,50,fan_out_smurfing,fan_out_smurfing: received funds as one of 40 rapid recipients from a single source within 8min
ACC001809,50,rapid_passthrough,"rapid_passthrough: received 5212 (198.9x its own typical transaction size), forwarded 5056 within 2h"
ACC000762,50,rapid_passthrough,"rapid_passthrough: received 5599 (187.8x its own typical transaction size), forwarded 5431 within 2h"
ACC000988,50,rapid_passthrough,"rapid_passthrough: received 3805 (122.1x its own typical transaction size), forwarded 3691 within 2h"
ACC001016,50,rapid_passthrough,"rapid_passthrough: received 4523 (176.5x its own typical transaction size), forwarded 4387 within 2h"
ACC000657,50,rapid_passthrough,"rapid_passthrough: received 7547 (148.4x its own typical transaction size), forwarded 7321 within 2h"
ACC001219,50,fan_out_smurfing,fan_out_smurfing: received funds as one of 40 rapid recipients from a single source within 8min
ACC001090,50,rapid_passthrough,"rapid_passthrough: received 5710 (108.9x its own typical transaction size), forwarded 5538 within 2h"
ACC001264,50,fan_out_smurfing,fan_out_smurfing: received funds as one of 40 rapid recipients from a single source within 10min
ACC004208,50,fan_out_smurfing,fan_out_smurfing: received funds as one of 40 rapid recipients from a single source within 10min
ACC001862,50,fan_out_smurfing,fan_out_smurfing: received funds as one of 40 rapid recipients from a single source within 10min
ACC003006,50,fan_out_smurfing,fan_out_smurfing: received funds as one of 40 rapid recipients from a single source within 8min
ACC002205,50,fan_out_smurfing,fan_out_smurfing: received funds as one of 40 rapid recipients from a single source within 10min | fan_out_smurfing: received funds as one of 8 rapid recipients from a single source within 213min
ACC003597,50,fan_out_smurfing,fan_out_smurfing: received funds as one of 6 rapid recipients from a single source within 253min | fan_out_smurfing: received funds as one of 40 rapid recipients from a single source within 8min
ACC000072,50,rapid_passthrough,"rapid_passthrough: received 8759 (124.3x its own typical transaction size), forwarded 8496 within 2h"
ACC004314,50,fan_out_smurfing,fan_out_smurfing: received funds as one of 40 rapid recipients from a single source within 10min
ACC000513,50,fan_out_smurfing,fan_out_smurfing: received funds as one of 40 rapid recipients from a single source within 10min
ACC000402,50,fan_out_smurfing,fan_out_smurfing: received funds as one of 40 rapid recipients from a single source within 10min
ACC004617,50,fan_out_smurfing,fan_out_smurfing: received funds as one of 40 rapid recipients from a single source within 10min
ACC003915,50,fan_out_smurfing,fan_out_smurfing: received funds as one of 40 rapid recipients from a single source within 10min
ACC003795,50,fan_out_smurfing,fan_out_smurfing: received funds as one of 40 rapid recipients from a single source within 8min
ACC004803,50,fan_in_aggregation;fan_out_smurfing,fan_out_smurfing: received funds as one of 8 rapid recipients from a single source within 115min | fan_in_aggregation: one of 4 accounts feeding a common recipient within 400min
ACC004574,49,fan_in_aggregation;fan_out_smurfing,fan_out_smurfing: received funds as one of 8 rapid recipients from a single source within 132min | fan_in_aggregation: one of 4 accounts feeding a common recipient within 400min
ACC000026,49,fan_in_aggregation;fan_out_smurfing,fan_out_smurfing: received funds as one of 8 rapid recipients from a single source within 145min | fan_in_aggregation: one of 4 accounts feeding a common recipient within 400min
ACC003987,49,fan_in_aggregation;fan_out_smurfing,fan_out_smurfing: received funds as one of 8 rapid recipients from a single source within 142min | fan_in_aggregation: one of 4 accounts feeding a common recipient within 400min
ACC002951,49,fan_in_aggregation;fan_out_smurfing,fan_out_smurfing: received funds as one of 8 rapid recipients from a single source within 145min | fan_in_aggregation: one of 4 accounts feeding a common recipient within 400min
ACC003656,49,fan_in_aggregation;fan_out_smurfing,fan_out_smurfing: received funds as one of 8 rapid recipients from a single source within 145min | fan_in_aggregation: one of 4 accounts feeding a common recipient within 400min
ACC004173,49,fan_in_aggregation;fan_out_smurfing,fan_out_smurfing: received funds as one of 8 rapid recipients from a single source within 132min | fan_in_aggregation: one of 4 accounts feeding a common recipient within 400min
ACC000214,49,fan_in_aggregation;fan_out_smurfing,fan_out_smurfing: received funds as one of 8 rapid recipients from a single source within 132min | fan_in_aggregation: one of 5 accounts feeding a common recipient within 400min | fan_in_aggregation: one of 4 accounts feeding a common recipient within 400min
ACC002262,48,fan_in_aggregation;fan_out_smurfing,fan_out_smurfing: received funds as one of 8 rapid recipients from a single source within 158min | fan_in_aggregation: one of 4 accounts feeding a common recipient within 400min
ACC004210,48,fan_in_aggregation;fan_out_smurfing,fan_out_smurfing: received funds as one of 8 rapid recipients from a single source within 160min | fan_in_aggregation: one of 4 accounts feeding a common recipient within 400min
ACC001787,48,fan_in_aggregation;fan_out_smurfing,fan_out_smurfing: received funds as one of 8 rapid recipients from a single source within 168min | fan_in_aggregation: one of 4 accounts feeding a common recipient within 400min | fan_in_aggregation: one of 4 accounts feeding a common recipient within 400min
ACC000264,48,fan_in_aggregation;fan_out_smurfing,fan_out_smurfing: received funds as one of 8 rapid recipients from a single source within 155min | fan_in_aggregation: one of 4 accounts feeding a common recipient within 400min
ACC000216,48,fan_in_aggregation;fan_out_smurfing,fan_out_smurfing: received funds as one of 8 rapid recipients from a single source within 160min | fan_in_aggregation: one of 4 accounts feeding a common recipient within 400min
ACC002055,48,fan_in_aggregation;fan_out_smurfing,fan_out_smurfing: received funds as one of 8 rapid recipients from a single source within 160min | fan_in_aggregation: one of 4 accounts feeding a common recipient within 400min | fan_in_aggregation: one of 4 accounts feeding a common recipient within 400min
ACC004424,48,fan_in_aggregation;fan_out_smurfing,fan_out_smurfing: received funds as one of 8 rapid recipients from a single source within 155min | fan_in_aggregation: one of 5 accounts feeding a common recipient within 400min
ACC002623,48,fan_in_aggregation;fan_out_smurfing,fan_out_smurfing: received funds as one of 8 rapid recipients from a single source within 155min | fan_in_aggregation: one of 5 accounts feeding a common recipient within 400min
ACC001015,48,fan_in_aggregation;fan_out_smurfing,fan_out_smurfing: received funds as one of 8 rapid recipients from a single source within 155min | fan_in_aggregation: one of 4 accounts feeding a common recipient within 400min
ACC001827,48,fan_in_aggregation;fan_out_smurfing,fan_out_smurfing: received funds as one of 8 rapid recipients from a single source within 157min | fan_in_aggregation: one of 4 accounts feeding a common recipient within 400min
ACC002888,48,fan_in_aggregation;fan_out_smurfing,fan_out_smurfing: received funds as one of 8 rapid recipients from a single source within 166min | fan_in_aggregation: one of 9 accounts feeding a common recipient within 400min | fan_in_aggregation: one of 4 accounts feeding a common recipient within 400min
ACC004166,48,fan_in_aggregation;fan_out_smurfing,fan_out_smurfing: received funds as one of 8 rapid recipients from a single source within 160min | fan_in_aggregation: one of 5 accounts feeding a common recipient within 400min | fan_in_aggregation: one of 4 accounts feeding a common recipient within 400min
ACC004738,48,fan_in_aggregation;fan_out_smurfing,fan_out_smurfing: received funds as one of 8 rapid recipients from a single source within 155min | fan_in_aggregation: one of 4 accounts feeding a common recipient within 400min
ACC003994,48,fan_in_aggregation;fan_out_smurfing,fan_out_smurfing: received funds as one of 8 rapid recipients from a single source within 155min | fan_in_aggregation: one of 5 accounts feeding a common recipient within 400min
ACC000856,48,fan_in_aggregation;fan_out_smurfing,fan_out_smurfing: received funds as one of 8 rapid recipients from a single source within 168min | fan_in_aggregation: one of 5 accounts feeding a common recipient within 400min
ACC002695,48,fan_in_aggregation;fan_out_smurfing,fan_out_smurfing: received funds as one of 8 rapid recipients from a single source within 158min | fan_in_aggregation: one of 4 accounts feeding a common recipient within 400min
ACC002627,48,fan_in_aggregation;rapid_passthrough,"fan_in_aggregation: one of 4 accounts feeding a common recipient within 400min | fan_in_aggregation: one of 5 accounts feeding a common recipient within 400min | rapid_passthrough: received 2454 (64.9x its own typical transaction size), forwarded 2380 within 2h"
ACC000733,48,fan_in_aggregation;fan_out_smurfing,fan_out_smurfing: received funds as one of 8 rapid recipients from a single source within 170min | fan_in_aggregation: one of 9 accounts feeding a common recipient within 400min
ACC003492,48,fan_in_aggregation;fan_out_smurfing,fan_out_smurfing: received funds as one of 8 rapid recipients from a single source within 168min | fan_in_aggregation: one of 4 accounts feeding a common recipient within 400min
ACC004019,47,fan_in_aggregation;fan_out_smurfing,fan_out_smurfing: received funds as one of 8 rapid recipients from a single source within 172min | fan_in_aggregation: one of 4 accounts feeding a common recipient within 400min
ACC004768,47,fan_in_aggregation;fan_out_smurfing,fan_out_smurfing: received funds as one of 8 rapid recipients from a single source within 172min | fan_in_aggregation: one of 4 accounts feeding a common recipient within 400min | fan_in_aggregation: one of 4 accounts feeding a common recipient within 400min
ACC001548,47,fan_in_aggregation;fan_out_smurfing,fan_out_smurfing: received funds as one of 8 rapid recipients from a single source within 175min | fan_in_aggregation: one of 4 accounts feeding a common recipient within 400min
ACC001081,47,fan_in_aggregation;fan_out_smurfing,fan_out_smurfing: received funds as one of 8 rapid recipients from a single source within 175min | fan_in_aggregation: one of 4 accounts feeding a common recipient within 400min
ACC004805,47,fan_in_aggregation;fan_out_smurfing,fan_out_smurfing: received funds as one of 8 rapid recipients from a single source within 175min | fan_in_aggregation: one of 8 accounts feeding a common recipient within 400min
ACC004733,47,fan_in_aggregation;fan_out_smurfing,fan_out_smurfing: received funds as one of 8 rapid recipients from a single source within 178min | fan_in_aggregation: one of 4 accounts feeding a common recipient within 400min
ACC001413,47,fan_in_aggregation;fan_out_smurfing,fan_out_smurfing: received funds as one of 8 rapid recipients from a single source within 182min | fan_in_aggregation: one of 4 accounts feeding a common recipient within 400min | fan_in_aggregation: one of 4 accounts feeding a common recipient within 400min
ACC004112,47,fan_in_aggregation;fan_out_smurfing,fan_out_smurfing: received funds as one of 8 rapid recipients from a single source within 186min | fan_in_aggregation: one of 4 accounts feeding a common recipient within 400min
ACC000137,47,fan_in_aggregation;fan_out_smurfing,fan_out_smurfing: received funds as one of 8 rapid recipients from a single source within 186min | fan_in_aggregation: one of 4 accounts feeding a common recipient within 400min | fan_in_aggregation: one of 4 accounts feeding a common recipient within 400min
ACC000204,47,fan_in_aggregation;fan_out_smurfing,fan_out_smurfing: received funds as one of 8 rapid recipients from a single source within 186min | fan_in_aggregation: one of 4 accounts feeding a common recipient within 400min
ACC002489,47,fan_in_aggregation;fan_out_smurfing,fan_out_smurfing: received funds as one of 8 rapid recipients from a single source within 178min | fan_in_aggregation: one of 5 accounts feeding a common recipient within 400min
ACC004739,47,fan_in_aggregation;fan_out_smurfing,fan_out_smurfing: received funds as one of 8 rapid recipients from a single source within 175min | fan_in_aggregation: one of 9 accounts feeding a common recipient within 400min
ACC000589,47,fan_in_aggregation;fan_out_smurfing,fan_out_smurfing: received funds as one of 8 rapid recipients from a single source within 189min | fan_in_aggregation: one of 4 accounts feeding a common recipient within 400min | fan_in_aggregation: one of 4 accounts feeding a common recipient within 400min
ACC003207,47,fan_in_aggregation;fan_out_smurfing,fan_out_smurfing: received funds as one of 8 rapid recipients from a single source within 183min | fan_in_aggregation: one of 4 accounts feeding a common recipient within 400min
ACC003974,47,fan_in_aggregation;fan_out_smurfing,fan_out_smurfing: received funds as one of 8 rapid recipients from a single source within 172min | fan_in_aggregation: one of 5 accounts feeding a common recipient within 400min
ACC003012,47,fan_in_aggregation;fan_out_smurfing,fan_out_smurfing: received funds as one of 8 rapid recipients from a single source within 189min | fan_in_aggregation: one of 5 accounts feeding a common recipient within 400min
ACC002788,47,fan_in_aggregation;fan_out_smurfing,fan_out_smurfing: received funds as one of 8 rapid recipients from a single source within 178min | fan_in_aggregation: one of 4 accounts feeding a common recipient within 400min | fan_in_aggregation: one of 5 accounts feeding a common recipient within 400min
ACC004102,47,fan_in_aggregation;fan_out_smurfing,fan_out_smurfing: received funds as one of 8 rapid recipients from a single source within 186min | fan_in_aggregation: one of 4 accounts feeding a common recipient within 400min
ACC000268,47,fan_in_aggregation;fan_out_smurfing,fan_out_smurfing: received funds as one of 8 rapid recipients from a single source within 182min | fan_in_aggregation: one of 6 accounts feeding a common recipient within 400min
ACC001448,46,fan_in_aggregation;fan_out_smurfing,fan_out_smurfing: received funds as one of 8 rapid recipients from a single source within 207min | fan_in_aggregation: one of 4 accounts feeding a common recipient within 400min
ACC000131,46,fan_in_aggregation;fan_out_smurfing,fan_out_smurfing: received funds as one of 8 rapid recipients from a single source within 207min | fan_in_aggregation: one of 4 accounts feeding a common recipient within 400min
ACC003871,46,fan_in_aggregation;fan_out_smurfing,fan_out_smurfing: received funds as one of 8 rapid recipients from a single source within 207min | fan_in_aggregation: one of 4 accounts feeding a common recipient within 400min
ACC001400,46,fan_in_aggregation;fan_out_smurfing,fan_out_smurfing: received funds as one of 8 rapid recipients from a single source within 207min | fan_in_aggregation: one of 5 accounts feeding a common recipient within 400min
ACC000350,46,fan_in_aggregation;fan_out_smurfing,fan_out_smurfing: received funds as one of 8 rapid recipients from a single source within 206min | fan_in_aggregation: one of 6 accounts feeding a common recipient within 400min
ACC002920,46,fan_in_aggregation;rapid_passthrough,"fan_in_aggregation: one of 4 accounts feeding a common recipient within 400min | rapid_passthrough: received 2587 (55.7x its own typical transaction size), forwarded 2509 within 2h"
ACC000707,46,rapid_passthrough,"rapid_passthrough: received 2936 (87.4x its own typical transaction size), forwarded 2848 within 2h"
ACC004529,46,rapid_passthrough,"rapid_passthrough: received 2873 (85.1x its own typical transaction size), forwarded 2787 within 2h"
ACC003372,46,fan_in_aggregation;fan_out_smurfing,fan_out_smurfing: received funds as one of 8 rapid recipients from a single source within 197min | fan_in_aggregation: one of 4 accounts feeding a common recipient within 400min
ACC004867,46,fan_in_aggregation;fan_out_smurfing,fan_out_smurfing: received funds as one of 8 rapid recipients from a single source within 197min | fan_in_aggregation: one of 4 accounts feeding a common recipient within 400min | fan_in_aggregation: one of 4 accounts feeding a common recipient within 400min
ACC000316,46,fan_in_aggregation;fan_out_smurfing,fan_out_smurfing: received funds as one of 8 rapid recipients from a single source within 197min | fan_in_aggregation: one of 5 accounts feeding a common recipient within 400min
ACC002634,45,fan_in_aggregation;rapid_passthrough,"fan_in_aggregation: one of 11 accounts feeding a common recipient within 400min | fan_in_aggregation: one of 4 accounts feeding a common recipient within 400min | rapid_passthrough: received 109 (3.8x its own typical transaction size), forwarded 829 within 2h"
ACC002442,45,fan_in_aggregation;fan_out_smurfing,fan_out_smurfing: received funds as one of 8 rapid recipients from a single source within 213min | fan_in_aggregation: one of 4 accounts feeding a common recipient within 400min
ACC001876,45,fan_in_aggregation;fan_out_smurfing,fan_out_smurfing: received funds as one of 8 rapid recipients from a single source within 213min | fan_in_aggregation: one of 5 accounts feeding a common recipient within 400min
ACC002749,44,fan_in_aggregation;layering_chain,fan_in_aggregation: one of 4 accounts feeding a common recipient within 400min | layering_chain: part of 4-hop rapid P2P transfer chain
ACC001130,44,fan_in_aggregation;layering_chain,fan_in_aggregation: one of 5 accounts feeding a common recipient within 400min | layering_chain: part of 4-hop rapid P2P transfer chain
ACC004480,44,fan_in_aggregation;layering_chain,fan_in_aggregation: one of 8 accounts feeding a common recipient within 400min | layering_chain: part of 4-hop rapid P2P transfer chain
ACC004822,44,fan_in_aggregation;layering_chain,fan_in_aggregation: one of 4 accounts feeding a common recipient within 400min | layering_chain: part of 4-hop rapid P2P transfer chain
ACC004368,44,fan_in_aggregation;layering_chain,fan_in_aggregation: one of 4 accounts feeding a common recipient within 400min | layering_chain: part of 4-hop rapid P2P transfer chain
ACC003140,44,fan_in_aggregation;layering_chain,fan_in_aggregation: one of 4 accounts feeding a common recipient within 400min | layering_chain: part of 4-hop rapid P2P transfer chain
ACC000742,44,fan_in_aggregation;layering_chain,fan_in_aggregation: one of 4 accounts feeding a common recipient within 400min | layering_chain: part of 4-hop rapid P2P transfer chain
ACC001403,44,fan_in_aggregation;layering_chain,fan_in_aggregation: one of 5 accounts feeding a common recipient within 400min | layering_chain: part of 4-hop rapid P2P transfer chain
ACC001925,44,fan_in_aggregation;layering_chain,fan_in_aggregation: one of 5 accounts feeding a common recipient within 400min | layering_chain: part of 4-hop rapid P2P transfer chain
ACC000556,44,fan_in_aggregation;layering_chain,fan_in_aggregation: one of 4 accounts feeding a common recipient within 400min | layering_chain: part of 4-hop rapid P2P transfer chain
ACC004398,44,fan_in_aggregation;layering_chain,fan_in_aggregation: one of 5 accounts feeding a common recipient within 400min | layering_chain: part of 4-hop rapid P2P transfer chain
ACC000010,43,rapid_passthrough,"rapid_passthrough: received 3864 (75.1x its own typical transaction size), forwarded 3748 within 2h"
ACC004672,42,fan_out_smurfing,fan_out_smurfing: received funds as one of 8 rapid recipients from a single source within 106min
ACC001775,42,fan_out_smurfing,fan_out_smurfing: received funds as one of 8 rapid recipients from a single source within 99min
ACC004596,42,fan_out_smurfing,fan_out_smurfing: received funds as one of 8 rapid recipients from a single source within 105min
ACC004329,42,fan_out_smurfing,fan_out_smurfing: received funds as one of 8 rapid recipients from a single source within 105min
ACC004063,42,fan_out_smurfing,fan_out_smurfing: received funds as one of 8 rapid recipients from a single source within 106min
ACC003112,42,fan_out_smurfing,fan_out_smurfing: received funds as one of 8 rapid recipients from a single source within 106min
ACC001228,42,fan_out_smurfing,fan_out_smurfing: received funds as one of 8 rapid recipients from a single source within 96min
ACC002184,42,fan_out_smurfing,fan_out_smurfing: received funds as one of 8 rapid recipients from a single source within 99min
ACC002251,42,fan_out_smurfing,fan_out_smurfing: received funds as one of 8 rapid recipients from a single source within 105min
ACC001746,42,fan_out_smurfing,fan_out_smurfing: received funds as one of 8 rapid recipients from a single source within 96min | fan_out_smurfing: received funds as one of 8 rapid recipients from a single source within 213min
ACC001135,42,fan_out_smurfing,fan_out_smurfing: received funds as one of 8 rapid recipients from a single source within 99min
ACC001653,42,fan_out_smurfing,fan_out_smurfing: received funds as one of 8 rapid recipients from a single source within 99min
ACC001044,42,fan_out_smurfing,fan_out_smurfing: received funds as one of 8 rapid recipients from a single source within 99min
ACC001427,42,fan_out_smurfing,fan_out_smurfing: received funds as one of 8 rapid recipients from a single source within 105min
ACC001613,42,fan_out_smurfing,fan_out_smurfing: received funds as one of 8 rapid recipients from a single source within 105min
ACC000978,42,fan_out_smurfing,fan_out_smurfing: received funds as one of 8 rapid recipients from a single source within 108min
ACC000907,42,fan_out_smurfing,fan_out_smurfing: received funds as one of 8 rapid recipients from a single source within 108min
ACC003772,42,fan_out_smurfing,fan_out_smurfing: received funds as one of 8 rapid recipients from a single source within 108min
ACC003867,42,fan_out_smurfing,fan_out_smurfing: received funds as one of 8 rapid recipients from a single source within 108min
ACC001316,42,fan_out_smurfing,fan_out_smurfing: received funds as one of 8 rapid recipients from a single source within 108min
ACC001393,42,fan_out_smurfing,fan_out_smurfing: received funds as one of 8 rapid recipients from a single source within 96min
ACC000366,42,fan_out_smurfing,fan_out_smurfing: received funds as one of 8 rapid recipients from a single source within 96min
ACC002571,42,fan_out_smurfing,fan_out_smurfing: received funds as one of 8 rapid recipients from a single source within 106min
ACC000728,42,fan_out_smurfing,fan_out_smurfing: received funds as one of 8 rapid recipients from a single source within 105min
ACC000429,42,fan_out_smurfing,fan_out_smurfing: received funds as one of 8 rapid recipients from a single source within 96min
ACC004741,42,fan_out_smurfing,fan_out_smurfing: received funds as one of 8 rapid recipients from a single source within 106min
ACC003080,42,fan_out_smurfing,fan_out_smurfing: received funds as one of 8 rapid recipients from a single source within 108min
ACC002038,42,fan_out_smurfing,fan_out_smurfing: received funds as one of 8 rapid recipients from a single source within 108min
ACC003035,41,fan_out_smurfing,fan_out_smurfing: received funds as one of 8 rapid recipients from a single source within 115min
ACC003374,41,fan_out_smurfing,fan_out_smurfing: received funds as one of 8 rapid recipients from a single source within 115min
ACC001592,41,fan_out_smurfing,fan_out_smurfing: received funds as one of 8 rapid recipients from a single source within 115min
ACC003158,40,fan_out_smurfing,fan_out_smurfing: received funds as one of 8 rapid recipients from a single source within 130min
ACC002559,40,fan_out_smurfing,fan_out_smurfing: received funds as one of 8 rapid recipients from a single source within 130min
ACC000003,40,fan_out_smurfing,fan_out_smurfing: received funds as one of 8 rapid recipients from a single source within 142min
ACC001542,40,fan_out_smurfing,fan_out_smurfing: received funds as one of 8 rapid recipients from a single source within 132min
ACC000929,40,fan_out_smurfing,fan_out_smurfing: received funds as one of 8 rapid recipients from a single source within 132min
ACC004134,40,fan_out_smurfing,fan_out_smurfing: received funds as one of 8 rapid recipients from a single source within 130min
ACC002456,40,fan_out_smurfing,fan_out_smurfing: received funds as one of 8 rapid recipients from a single source within 145min
ACC003559,40,fan_out_smurfing,fan_out_smurfing: received funds as one of 8 rapid recipients from a single source within 132min
ACC001145,40,fan_out_smurfing,fan_out_smurfing: received funds as one of 8 rapid recipients from a single source within 132min
ACC002380,40,fan_out_smurfing,fan_out_smurfing: received funds as one of 8 rapid recipients from a single source within 142min
ACC003675,40,fan_out_smurfing,fan_out_smurfing: received funds as one of 8 rapid recipients from a single source within 130min
ACC003153,40,fan_out_smurfing,fan_out_smurfing: received funds as one of 8 rapid recipients from a single source within 142min
ACC003845,40,fan_out_smurfing,fan_out_smurfing: received funds as one of 8 rapid recipients from a single source within 142min
ACC001293,40,fan_out_smurfing,fan_out_smurfing: received funds as one of 8 rapid recipients from a single source within 142min
ACC003705,40,fan_out_smurfing,fan_out_smurfing: received funds as one of 8 rapid recipients from a single source within 145min
ACC000009,40,fan_out_smurfing,fan_out_smurfing: received funds as one of 8 rapid recipients from a single source within 145min
ACC004785,40,fan_out_smurfing,fan_out_smurfing: received funds as one of 8 rapid recipients from a single source within 132min
ACC003515,40,fan_out_smurfing,fan_out_smurfing: received funds as one of 8 rapid recipients from a single source within 142min
ACC004290,39,fan_out_smurfing,fan_out_smurfing: received funds as one of 8 rapid recipients from a single source within 206min | fan_out_smurfing: received funds as one of 8 rapid recipients from a single source within 168min
ACC001538,39,fan_out_smurfing,fan_out_smurfing: received funds as one of 8 rapid recipients from a single source within 157min
ACC001499,39,fan_out_smurfing,fan_out_smurfing: received funds as one of 8 rapid recipients from a single source within 157min
ACC002638,39,fan_out_smurfing,fan_out_smurfing: received funds as one of 8 rapid recipients from a single source within 157min
ACC000760,39,fan_out_smurfing,fan_out_smurfing: received funds as one of 8 rapid recipients from a single source within 158min
ACC004816,39,fan_out_smurfing,fan_out_smurfing: received funds as one of 8 rapid recipients from a single source within 160min
ACC001330,39,fan_out_smurfing,fan_out_smurfing: received funds as one of 8 rapid recipients from a single source within 166min
ACC002281,39,fan_out_smurfing,fan_out_smurfing: received funds as one of 8 rapid recipients from a single source within 166min
ACC003802,39,fan_out_smurfing,fan_out_smurfing: received funds as one of 8 rapid recipients from a single source within 166min
ACC004688,39,fan_out_smurfing,fan_out_smurfing: received funds as one of 8 rapid recipients from a single source within 168min
ACC003097,39,fan_out_smurfing,fan_out_smurfing: received funds as one of 8 rapid recipients from a single source within 158min
ACC001555,39,fan_out_smurfing,fan_out_smurfing: received funds as one of 8 rapid recipients from a single source within 158min
ACC004408,39,fan_out_smurfing,fan_out_smurfing: received funds as one of 8 rapid recipients from a single source within 168min
ACC004204,39,fan_out_smurfing,fan_out_smurfing: received funds as one of 8 rapid recipients from a single source within 157min
ACC003104,39,fan_out_smurfing,fan_out_smurfing: received funds as one of 8 rapid recipients from a single source within 168min
ACC003014,39,fan_out_smurfing,fan_out_smurfing: received funds as one of 8 rapid recipients from a single source within 160min
ACC001022,39,fan_out_smurfing,fan_out_smurfing: received funds as one of 8 rapid recipients from a single source within 160min
ACC001163,39,fan_out_smurfing,fan_out_smurfing: received funds as one of 8 rapid recipients from a single source within 166min
ACC001766,39,fan_out_smurfing,fan_out_smurfing: received funds as one of 8 rapid recipients from a single source within 166min
ACC003602,39,fan_out_smurfing,fan_out_smurfing: received funds as one of 8 rapid recipients from a single source within 166min
ACC000933,39,fan_out_smurfing,fan_out_smurfing: received funds as one of 8 rapid recipients from a single source within 158min
ACC001901,39,fan_out_smurfing,fan_out_smurfing: received funds as one of 8 rapid recipients from a single source within 157min
ACC000265,39,fan_out_smurfing,fan_out_smurfing: received funds as one of 8 rapid recipients from a single source within 155min
ACC000676,39,fan_out_smurfing,fan_out_smurfing: received funds as one of 8 rapid recipients from a single source within 168min
ACC002222,39,fan_out_smurfing,fan_out_smurfing: received funds as one of 8 rapid recipients from a single source within 155min
ACC000594,39,fan_out_smurfing,fan_out_smurfing: received funds as one of 8 rapid recipients from a single source within 157min
ACC003847,38,fan_out_smurfing,fan_out_smurfing: received funds as one of 8 rapid recipients from a single source within 183min
ACC000399,38,fan_out_smurfing,fan_out_smurfing: received funds as one of 8 rapid recipients from a single source within 172min
ACC002699,38,fan_out_smurfing,fan_out_smurfing: received funds as one of 8 rapid recipients from a single source within 183min
ACC000501,38,fan_out_smurfing,fan_out_smurfing: received funds as one of 8 rapid recipients from a single source within 183min
ACC002735,38,fan_out_smurfing,fan_out_smurfing: received funds as one of 8 rapid recipients from a single source within 183min
ACC000901,38,fan_out_smurfing,fan_out_smurfing: received funds as one of 8 rapid recipients from a single source within 183min
ACC001270,38,fan_out_smurfing,fan_out_smurfing: received funds as one of 8 rapid recipients from a single source within 183min
ACC004893,38,fan_out_smurfing,fan_out_smurfing: received funds as one of 8 rapid recipients from a single source within 189min
ACC004231,38,fan_out_smurfing,fan_out_smurfing: received funds as one of 8 rapid recipients from a single source within 189min
ACC002463,38,fan_out_smurfing,fan_out_smurfing: received funds as one of 8 rapid recipients from a single source within 189min
ACC000630,38,fan_out_smurfing,fan_out_smurfing: received funds as one of 8 rapid recipients from a single source within 189min
ACC002452,38,fan_out_smurfing,fan_out_smurfing: received funds as one of 8 rapid recipients from a single source within 189min
ACC000549,38,fan_out_smurfing,fan_out_smurfing: received funds as one of 8 rapid recipients from a single source within 170min
ACC001442,38,fan_out_smurfing,fan_out_smurfing: received funds as one of 8 rapid recipients from a single source within 170min
ACC000716,38,fan_out_smurfing,fan_out_smurfing: received funds as one of 8 rapid recipients from a single source within 170min
ACC002906,38,fan_out_smurfing,fan_out_smurfing: received funds as one of 8 rapid recipients from a single source within 186min
ACC000761,38,fan_out_smurfing,fan_out_smurfing: received funds as one of 8 rapid recipients from a single source within 178min
ACC001431,38,fan_out_smurfing,fan_out_smurfing: received funds as one of 8 rapid recipients from a single source within 186min
ACC002177,38,fan_out_smurfing,fan_out_smurfing: received funds as one of 8 rapid recipients from a single source within 178min
ACC004299,38,fan_out_smurfing,fan_out_smurfing: received funds as one of 8 rapid recipients from a single source within 186min
ACC004548,38,fan_out_smurfing,fan_out_smurfing: received funds as one of 8 rapid recipients from a single source within 182min
ACC004632,38,fan_out_smurfing,fan_out_smurfing: received funds as one of 8 rapid recipients from a single source within 182min
ACC001001,38,fan_out_smurfing,fan_out_smurfing: received funds as one of 8 rapid recipients from a single source within 182min
ACC003548,38,fan_out_smurfing,fan_out_smurfing: received funds as one of 8 rapid recipients from a single source within 170min
ACC004651,38,fan_out_smurfing,fan_out_smurfing: received funds as one of 8 rapid recipients from a single source within 172min
ACC001277,38,fan_out_smurfing,fan_out_smurfing: received funds as one of 8 rapid recipients from a single source within 172min
ACC000312,38,rapid_passthrough,"rapid_passthrough: received 4629 (60.0x its own typical transaction size), forwarded 4490 within 2h"
ACC004291,38,fan_out_smurfing,fan_out_smurfing: received funds as one of 8 rapid recipients from a single source within 175min
ACC002712,38,fan_out_smurfing,fan_out_smurfing: received funds as one of 8 rapid recipients from a single source within 175min
ACC002902,38,fan_out_smurfing,fan_out_smurfing: received funds as one of 8 rapid recipients from a single source within 175min
ACC004390,38,fan_out_smurfing,fan_out_smurfing: received funds as one of 8 rapid recipients from a single source within 175min
ACC000498,38,fan_out_smurfing,fan_out_smurfing: received funds as one of 8 rapid recipients from a single source within 182min
ACC001336,38,fan_out_smurfing,fan_out_smurfing: received funds as one of 8 rapid recipients from a single source within 178min
ACC000112,38,fan_out_smurfing,fan_out_smurfing: received funds as one of 8 rapid recipients from a single source within 178min
ACC000110,38,fan_out_smurfing,fan_out_smurfing: received funds as one of 8 rapid recipients from a single source within 182min
ACC002284,38,fan_out_smurfing,fan_out_smurfing: received funds as one of 8 rapid recipients from a single source within 170min
ACC001861,38,fan_out_smurfing,fan_out_smurfing: received funds as one of 8 rapid recipients from a single source within 170min
ACC001676,38,fan_out_smurfing,fan_out_smurfing: received funds as one of 8 rapid recipients from a single source within 170min
ACC000105,37,fan_out_smurfing,fan_out_smurfing: received funds as one of 8 rapid recipients from a single source within 206min
ACC004394,37,fan_out_smurfing,fan_out_smurfing: received funds as one of 8 rapid recipients from a single source within 207min
ACC001522,37,fan_out_smurfing,fan_out_smurfing: received funds as one of 8 rapid recipients from a single source within 206min
ACC001071,37,fan_out_smurfing,fan_out_smurfing: received funds as one of 8 rapid recipients from a single source within 206min
ACC002472,37,fan_out_smurfing,fan_out_smurfing: received funds as one of 8 rapid recipients from a single source within 206min
ACC000518,37,fan_out_smurfing,fan_out_smurfing: received funds as one of 8 rapid recipients from a single source within 206min
ACC003650,37,fan_out_smurfing,fan_out_smurfing: received funds as one of 8 rapid recipients from a single source within 197min
ACC004658,37,fan_out_smurfing,fan_out_smurfing: received funds as one of 8 rapid recipients from a single source within 197min
ACC003441,37,fan_out_smurfing,fan_out_smurfing: received funds as one of 8 rapid recipients from a single source within 207min
ACC003639,37,fan_out_smurfing,fan_out_smurfing: received funds as one of 8 rapid recipients from a single source within 207min
ACC001710,37,fan_out_smurfing,fan_out_smurfing: received funds as one of 8 rapid recipients from a single source within 207min
ACC001151,36,fan_out_smurfing,fan_out_smurfing: received funds as one of 8 rapid recipients from a single source within 213min
ACC002208,36,fan_out_smurfing,fan_out_smurfing: received funds as one of 8 rapid recipients from a single source within 213min
ACC004780,36,fan_out_smurfing,fan_out_smurfing: received funds as one of 8 rapid recipients from a single source within 213min
ACC000376,36,fan_out_smurfing,fan_out_smurfing: received funds as one of 8 rapid recipients from a single source within 213min
EXTERNAL_CASHOUT_70,35,layering_chain,layering_chain: part of 4-hop rapid P2P transfer chain
ACC004457,35,layering_chain,layering_chain: part of 4-hop rapid P2P transfer chain
ACC003872,35,layering_chain,layering_chain: part of 4-hop rapid P2P transfer chain
EXTERNAL_CASHOUT_34,35,layering_chain,layering_chain: part of 4-hop rapid P2P transfer chain
EXTERNAL_CASHOUT_42,35,layering_chain,layering_chain: part of 4-hop rapid P2P transfer chain
ACC003881,35,layering_chain,layering_chain: part of 4-hop rapid P2P transfer chain
ACC001354,35,layering_chain,layering_chain: part of 4-hop rapid P2P transfer chain
EXTERNAL_CASHOUT_94,35,layering_chain,layering_chain: part of 4-hop rapid P2P transfer chain
EXTERNAL_CASHOUT_14,35,layering_chain,layering_chain: part of 4-hop rapid P2P transfer chain
EXTERNAL_CASHOUT_82,35,layering_chain,layering_chain: part of 4-hop rapid P2P transfer chain
ACC000961,35,layering_chain,layering_chain: part of 4-hop rapid P2P transfer chain
ACC000448,35,layering_chain,layering_chain: part of 4-hop rapid P2P transfer chain
EXTERNAL_CASHOUT_50,35,layering_chain,layering_chain: part of 4-hop rapid P2P transfer chain
EXTERNAL_CASHOUT_98,35,layering_chain,layering_chain: part of 4-hop rapid P2P transfer chain
ACC004997,35,layering_chain,layering_chain: part of 4-hop rapid P2P transfer chain
EXTERNAL_CASHOUT_30,35,layering_chain,layering_chain: part of 4-hop rapid P2P transfer chain
EXTERNAL_CASHOUT_2,35,layering_chain,layering_chain: part of 4-hop rapid P2P transfer chain
ACC001333,35,layering_chain,layering_chain: part of 4-hop rapid P2P transfer chain
EXTERNAL_CASHOUT_46,35,layering_chain,layering_chain: part of 4-hop rapid P2P transfer chain
EXTERNAL_CASHOUT_54,35,layering_chain,layering_chain: part of 4-hop rapid P2P transfer chain
ACC001184,35,layering_chain,layering_chain: part of 4-hop rapid P2P transfer chain
EXTERNAL_CASHOUT_6,35,layering_chain,layering_chain: part of 4-hop rapid P2P transfer chain
ACC000154,35,layering_chain,layering_chain: part of 4-hop rapid P2P transfer chain
EXTERNAL_CASHOUT_18,35,layering_chain,layering_chain: part of 4-hop rapid P2P transfer chain
EXTERNAL_CASHOUT_106,35,layering_chain,layering_chain: part of 4-hop rapid P2P transfer chain
ACC001047,35,layering_chain,layering_chain: part of 4-hop rapid P2P transfer chain
EXTERNAL_CASHOUT_22,35,layering_chain,layering_chain: part of 4-hop rapid P2P transfer chain
ACC000914,35,layering_chain,layering_chain: part of 4-hop rapid P2P transfer chain
EXTERNAL_CASHOUT_90,35,layering_chain,layering_chain: part of 4-hop rapid P2P transfer chain
EXTERNAL_CASHOUT_102,35,layering_chain,layering_chain: part of 4-hop rapid P2P transfer chain
EXTERNAL_CASHOUT_62,35,layering_chain,layering_chain: part of 4-hop rapid P2P transfer chain
EXTERNAL_CASHOUT_26,35,layering_chain,layering_chain: part of 4-hop rapid P2P transfer chain
EXTERNAL_CASHOUT_86,35,layering_chain,layering_chain: part of 4-hop rapid P2P transfer chain
ACC003835,35,layering_chain,layering_chain: part of 4-hop rapid P2P transfer chain
EXTERNAL_CASHOUT_10,35,layering_chain,layering_chain: part of 4-hop rapid P2P transfer chain | layering_chain: part of 4-hop rapid P2P transfer chain
ACC002602,35,layering_chain,layering_chain: part of 4-hop rapid P2P transfer chain
ACC001990,35,layering_chain,layering_chain: part of 4-hop rapid P2P transfer chain
EXTERNAL_CASHOUT_66,35,layering_chain,layering_chain: part of 4-hop rapid P2P transfer chain
EXTERNAL_CASHOUT_78,35,layering_chain,layering_chain: part of 4-hop rapid P2P transfer chain
EXTERNAL_CASHOUT_38,35,layering_chain,layering_chain: part of 4-hop rapid P2P transfer chain
EXTERNAL_CASHOUT_58,35,layering_chain,layering_chain: part of 4-hop rapid P2P transfer chain
EXTERNAL_CASHOUT_74,35,layering_chain,layering_chain: part of 4-hop rapid P2P transfer chain
ACC001803,33,fan_in_aggregation;fan_out_smurfing,fan_out_smurfing: received funds as one of 4 rapid recipients from a single source within 141min | fan_in_aggregation: one of 5 accounts feeding a common recipient within 400min
ACC002599,32,fan_in_aggregation,fan_in_aggregation: one of 10 accounts feeding a common recipient within 400min
ACC003456,32,fan_in_aggregation,fan_in_aggregation: one of 10 accounts feeding a common recipient within 400min | fan_in_aggregation: one of 5 accounts feeding a common recipient within 400min
ACC001973,32,fan_in_aggregation,fan_in_aggregation: one of 10 accounts feeding a common recipient within 400min
MERCHANT_FUEL_33,32,fan_in_aggregation;fan_out_smurfing,fan_out_smurfing: received funds as one of 4 rapid recipients from a single source within 107min | fan_in_aggregation: received from 4 accounts within 400min (5.0x its own baseline rate); no rapid cash-out observed
ACC001486,32,fan_in_aggregation,fan_in_aggregation: one of 10 accounts feeding a common recipient within 400min
ACC003294,32,fan_in_aggregation,fan_in_aggregation: one of 10 accounts feeding a common recipient within 400min
ACC004839,32,fan_in_aggregation,fan_in_aggregation: one of 10 accounts feeding a common recipient within 400min
ACC000521,32,fan_in_aggregation,fan_in_aggregation: one of 10 accounts feeding a common recipient within 400min
ACC000404,32,fan_in_aggregation,fan_in_aggregation: one of 10 accounts feeding a common recipient within 400min
ACC002866,32,fan_in_aggregation,fan_in_aggregation: one of 10 accounts feeding a common recipient within 400min
ACC000778,32,fan_in_aggregation,fan_in_aggregation: one of 10 accounts feeding a common recipient within 400min
ACC003243,32,fan_in_aggregation,fan_in_aggregation: one of 10 accounts feeding a common recipient within 400min | fan_in_aggregation: one of 11 accounts feeding a common recipient within 400min
ACC001195,32,fan_in_aggregation,fan_in_aggregation: one of 10 accounts feeding a common recipient within 400min
ACC003195,32,fan_in_aggregation,fan_in_aggregation: one of 10 accounts feeding a common recipient within 400min
ACC001791,32,fan_in_aggregation,fan_in_aggregation: one of 10 accounts feeding a common recipient within 400min
ACC004073,32,fan_in_aggregation,fan_in_aggregation: one of 10 accounts feeding a common recipient within 400min
ACC001137,32,fan_in_aggregation,fan_in_aggregation: one of 10 accounts feeding a common recipient within 400min | fan_in_aggregation: one of 4 accounts feeding a common recipient within 400min
ACC003081,32,fan_in_aggregation,fan_in_aggregation: one of 10 accounts feeding a common recipient within 400min | fan_in_aggregation: one of 5 accounts feeding a common recipient within 400min
ACC003490,32,fan_in_aggregation,fan_in_aggregation: one of 10 accounts feeding a common recipient within 400min | fan_in_aggregation: one of 5 accounts feeding a common recipient within 400min
ACC004438,32,fan_in_aggregation,fan_in_aggregation: one of 10 accounts feeding a common recipient within 400min
ACC002229,32,fan_in_aggregation,fan_in_aggregation: one of 10 accounts feeding a common recipient within 400min
ACC002646,32,fan_in_aggregation,fan_in_aggregation: one of 10 accounts feeding a common recipient within 400min
ACC000343,32,fan_in_aggregation,fan_in_aggregation: one of 10 accounts feeding a common recipient within 400min
ACC004913,32,fan_in_aggregation,fan_in_aggregation: one of 10 accounts feeding a common recipient within 400min
ACC001879,32,fan_in_aggregation,fan_in_aggregation: one of 10 accounts feeding a common recipient within 400min | fan_in_aggregation: one of 5 accounts feeding a common recipient within 400min
ACC001139,32,fan_in_aggregation,fan_in_aggregation: one of 10 accounts feeding a common recipient within 400min | fan_in_aggregation: one of 4 accounts feeding a common recipient within 400min
ACC003521,32,fan_in_aggregation,fan_in_aggregation: one of 10 accounts feeding a common recipient within 400min
ACC000385,32,fan_in_aggregation,fan_in_aggregation: one of 10 accounts feeding a common recipient within 400min
ACC001536,32,fan_in_aggregation,fan_in_aggregation: one of 10 accounts feeding a common recipient within 400min
ACC003464,32,fan_in_aggregation,fan_in_aggregation: one of 10 accounts feeding a common recipient within 400min | fan_in_aggregation: one of 4 accounts feeding a common recipient within 400min
ACC000838,32,fan_in_aggregation,fan_in_aggregation: one of 10 accounts feeding a common recipient within 400min | fan_in_aggregation: one of 4 accounts feeding a common recipient within 400min
ACC001343,32,fan_in_aggregation,fan_in_aggregation: one of 10 accounts feeding a common recipient within 400min
ACC001255,32,fan_in_aggregation,fan_in_aggregation: one of 10 accounts feeding a common recipient within 400min | fan_in_aggregation: one of 5 accounts feeding a common recipient within 400min
ACC004497,32,fan_in_aggregation,fan_in_aggregation: one of 10 accounts feeding a common recipient within 400min | fan_in_aggregation: one of 4 accounts feeding a common recipient within 400min
ACC003339,32,fan_in_aggregation,fan_in_aggregation: one of 10 accounts feeding a common recipient within 400min | fan_in_aggregation: one of 4 accounts feeding a common recipient within 400min
ACC002195,32,fan_in_aggregation,fan_in_aggregation: one of 10 accounts feeding a common recipient within 400min | fan_in_aggregation: one of 5 accounts feeding a common recipient within 400min
ACC004944,32,fan_in_aggregation,fan_in_aggregation: one of 10 accounts feeding a common recipient within 400min
ACC000628,32,fan_in_aggregation,fan_in_aggregation: one of 10 accounts feeding a common recipient within 400min | fan_in_aggregation: one of 5 accounts feeding a common recipient within 400min
ACC003671,32,fan_in_aggregation,fan_in_aggregation: one of 10 accounts feeding a common recipient within 400min
ACC001141,32,fan_in_aggregation,fan_in_aggregation: one of 10 accounts feeding a common recipient within 400min
ACC000893,32,fan_in_aggregation,fan_in_aggregation: one of 10 accounts feeding a common recipient within 400min
ACC004888,32,fan_in_aggregation,fan_in_aggregation: one of 10 accounts feeding a common recipient within 400min
ACC004283,32,fan_in_aggregation,fan_in_aggregation: one of 10 accounts feeding a common recipient within 400min
ACC003971,32,fan_in_aggregation,fan_in_aggregation: one of 10 accounts feeding a common recipient within 400min
ACC004794,32,fan_in_aggregation,fan_in_aggregation: one of 10 accounts feeding a common recipient within 400min
ACC004150,32,fan_in_aggregation,fan_in_aggregation: one of 10 accounts feeding a common recipient within 400min
ACC001834,32,fan_in_aggregation,fan_in_aggregation: one of 10 accounts feeding a common recipient within 400min
ACC000157,32,fan_in_aggregation,fan_in_aggregation: one of 10 accounts feeding a common recipient within 400min
ACC001614,32,fan_in_aggregation,fan_in_aggregation: one of 10 accounts feeding a common recipient within 400min | fan_in_aggregation: one of 4 accounts feeding a common recipient within 400min
ACC002326,32,fan_in_aggregation,fan_in_aggregation: one of 10 accounts feeding a common recipient within 400min
ACC001232,32,fan_in_aggregation,fan_in_aggregation: one of 10 accounts feeding a common recipient within 400min
ACC002132,32,fan_in_aggregation,fan_in_aggregation: one of 10 accounts feeding a common recipient within 400min | fan_in_aggregation: one of 6 accounts feeding a common recipient within 400min
ACC003604,32,fan_in_aggregation,fan_in_aggregation: one of 11 accounts feeding a common recipient within 400min | fan_in_aggregation: one of 4 accounts feeding a common recipient within 400min
ACC004085,32,fan_in_aggregation,fan_in_aggregation: one of 11 accounts feeding a common recipient within 400min
ACC003760,32,fan_in_aggregation,fan_in_aggregation: one of 11 accounts feeding a common recipient within 400min | fan_in_aggregation: one of 4 accounts feeding a common recipient within 400min
ACC002438,32,fan_in_aggregation,fan_in_aggregation: one of 11 accounts feeding a common recipient within 400min
ACC004454,32,fan_in_aggregation,fan_in_aggregation: one of 11 accounts feeding a common recipient within 400min | fan_in_aggregation: one of 4 accounts feeding a common recipient within 400min | fan_in_aggregation: one of 4 accounts feeding a common recipient within 400min
ACC004377,32,fan_in_aggregation,fan_in_aggregation: one of 11 accounts feeding a common recipient within 400min
ACC001805,32,fan_in_aggregation,fan_in_aggregation: one of 10 accounts feeding a common recipient within 400min | fan_in_aggregation: one of 4 accounts feeding a common recipient within 400min
ACC000737,32,fan_in_aggregation,fan_in_aggregation: one of 10 accounts feeding a common recipient within 400min
ACC003096,32,fan_in_aggregation,fan_in_aggregation: one of 10 accounts feeding a common recipient within 400min
ACC001716,32,fan_in_aggregation,fan_in_aggregation: one of 10 accounts feeding a common recipient within 400min
ACC003363,32,fan_in_aggregation,fan_in_aggregation: one of 10 accounts feeding a common recipient within 400min
ACC004433,32,fan_in_aggregation,fan_in_aggregation: one of 10 accounts feeding a common recipient within 400min | fan_in_aggregation: one of 4 accounts feeding a common recipient within 400min
ACC002464,32,fan_in_aggregation,fan_in_aggregation: one of 10 accounts feeding a common recipient within 400min
ACC004957,32,fan_in_aggregation,fan_in_aggregation: one of 10 accounts feeding a common recipient within 400min | fan_in_aggregation: one of 4 accounts feeding a common recipient within 400min
ACC001551,32,fan_in_aggregation,fan_in_aggregation: one of 10 accounts feeding a common recipient within 400min
ACC004360,32,fan_in_aggregation,fan_in_aggregation: one of 10 accounts feeding a common recipient within 400min
ACC001491,32,fan_in_aggregation,fan_in_aggregation: one of 10 accounts feeding a common recipient within 400min
ACC002884,32,fan_in_aggregation,fan_in_aggregation: one of 10 accounts feeding a common recipient within 400min
ACC001942,32,fan_in_aggregation,fan_in_aggregation: one of 10 accounts feeding a common recipient within 400min | fan_in_aggregation: one of 4 accounts feeding a common recipient within 400min
ACC000787,32,fan_in_aggregation,fan_in_aggregation: one of 10 accounts feeding a common recipient within 400min
ACC002434,32,fan_in_aggregation,fan_in_aggregation: one of 10 accounts feeding a common recipient within 400min | fan_in_aggregation: one of 5 accounts feeding a common recipient within 400min | fan_in_aggregation: one of 4 accounts feeding a common recipient within 400min
ACC000143,32,fan_in_aggregation,fan_in_aggregation: one of 10 accounts feeding a common recipient within 400min
ACC002580,32,fan_in_aggregation,fan_in_aggregation: one of 10 accounts feeding a common recipient within 400min
ACC001388,32,fan_in_aggregation,fan_in_aggregation: one of 10 accounts feeding a common recipient within 400min | fan_in_aggregation: one of 4 accounts feeding a common recipient within 400min
ACC002356,32,fan_in_aggregation,fan_in_aggregation: one of 10 accounts feeding a common recipient within 400min
ACC002211,32,fan_in_aggregation,fan_in_aggregation: one of 10 accounts feeding a common recipient within 400min | fan_in_aggregation: one of 6 accounts feeding a common recipient within 400min
ACC004524,32,fan_in_aggregation,fan_in_aggregation: one of 10 accounts feeding a common recipient within 400min
ACC004616,32,fan_in_aggregation,fan_in_aggregation: one of 10 accounts feeding a common recipient within 400min
ACC000348,32,fan_in_aggregation,fan_in_aggregation: one of 10 accounts feeding a common recipient within 400min
ACC003980,32,fan_in_aggregation,fan_in_aggregation: one of 10 accounts feeding a common recipient within 400min | fan_in_aggregation: one of 4 accounts feeding a common recipient within 400min
ACC002621,32,fan_in_aggregation,fan_in_aggregation: one of 10 accounts feeding a common recipient within 400min | fan_in_aggregation: one of 4 accounts feeding a common recipient within 400min
ACC004116,32,fan_in_aggregation,fan_in_aggregation: one of 10 accounts feeding a common recipient within 400min | fan_in_aggregation: one of 5 accounts feeding a common recipient within 400min
ACC000918,32,fan_in_aggregation,fan_in_aggregation: one of 10 accounts feeding a common recipient within 400min
ACC003272,32,fan_in_aggregation,fan_in_aggregation: one of 11 accounts feeding a common recipient within 400min
ACC000888,32,fan_in_aggregation,fan_in_aggregation: one of 11 accounts feeding a common recipient within 400min
ACC002152,32,fan_in_aggregation,fan_in_aggregation: one of 11 accounts feeding a common recipient within 400min
ACC003373,32,fan_in_aggregation,fan_in_aggregation: one of 11 accounts feeding a common recipient within 400min | fan_in_aggregation: one of 4 accounts feeding a common recipient within 400min | fan_in_aggregation: one of 5 accounts feeding a common recipient within 400min
ACC001951,32,fan_in_aggregation,fan_in_aggregation: one of 11 accounts feeding a common recipient within 400min
ACC004233,32,fan_in_aggregation,fan_in_aggregation: one of 11 accounts feeding a common recipient within 400min
ACC003657,32,fan_in_aggregation,fan_in_aggregation: one of 11 accounts feeding a common recipient within 400min | fan_in_aggregation: one of 9 accounts feeding a common recipient within 400min
ACC001683,32,fan_in_aggregation,fan_in_aggregation: one of 11 accounts feeding a common recipient within 400min | fan_in_aggregation: one of 4 accounts feeding a common recipient within 400min
ACC004934,32,fan_in_aggregation,fan_in_aggregation: one of 11 accounts feeding a common recipient within 400min | fan_in_aggregation: one of 4 accounts feeding a common recipient within 400min
ACC002256,32,fan_in_aggregation,fan_in_aggregation: one of 11 accounts feeding a common recipient within 400min
ACC002162,32,fan_in_aggregation,fan_in_aggregation: one of 11 accounts feeding a common recipient within 400min
ACC000048,32,fan_in_aggregation,fan_in_aggregation: one of 10 accounts feeding a common recipient within 400min | fan_in_aggregation: one of 5 accounts feeding a common recipient within 400min
ACC004052,32,fan_in_aggregation,fan_in_aggregation: one of 10 accounts feeding a common recipient within 400min
ACC000440,32,fan_in_aggregation,fan_in_aggregation: one of 10 accounts feeding a common recipient within 400min | fan_in_aggregation: one of 5 accounts feeding a common recipient within 400min
ACC001148,32,fan_in_aggregation,fan_in_aggregation: one of 10 accounts feeding a common recipient within 400min | fan_in_aggregation: one of 4 accounts feeding a common recipient within 400min
ACC001063,32,fan_in_aggregation,fan_in_aggregation: one of 10 accounts feeding a common recipient within 400min
ACC001310,32,fan_in_aggregation,fan_in_aggregation: one of 10 accounts feeding a common recipient within 400min | fan_in_aggregation: one of 4 accounts feeding a common recipient within 400min
ACC001352,32,fan_in_aggregation,fan_in_aggregation: one of 10 accounts feeding a common recipient within 400min
ACC003529,32,fan_in_aggregation,fan_in_aggregation: one of 10 accounts feeding a common recipient within 400min
ACC001648,32,fan_in_aggregation,fan_in_aggregation: one of 10 accounts feeding a common recipient within 400min
ACC001192,32,fan_in_aggregation,fan_in_aggregation: one of 10 accounts feeding a common recipient within 400min
ACC001944,32,fan_in_aggregation,fan_in_aggregation: one of 10 accounts feeding a common recipient within 400min | fan_in_aggregation: one of 4 accounts feeding a common recipient within 400min
ACC002123,32,fan_in_aggregation,fan_in_aggregation: one of 10 accounts feeding a common recipient within 400min
ACC003089,32,fan_in_aggregation,fan_in_aggregation: one of 10 accounts feeding a common recipient within 400min
ACC003471,32,fan_in_aggregation,fan_in_aggregation: one of 10 accounts feeding a common recipient within 400min | fan_in_aggregation: one of 4 accounts feeding a common recipient within 400min
ACC004594,32,fan_in_aggregation,fan_in_aggregation: one of 10 accounts feeding a common recipient within 400min
ACC001461,32,fan_in_aggregation,fan_in_aggregation: one of 10 accounts feeding a common recipient within 400min
ACC002661,32,fan_in_aggregation,fan_in_aggregation: one of 10 accounts feeding a common recipient within 400min
ACC004686,32,fan_in_aggregation,fan_in_aggregation: one of 10 accounts feeding a common recipient within 400min
ACC004094,32,fan_in_aggregation,fan_in_aggregation: one of 10 accounts feeding a common recipient within 400min
ACC002592,32,fan_in_aggregation,fan_in_aggregation: one of 10 accounts feeding a common recipient within 400min
ACC000147,32,fan_in_aggregation,fan_in_aggregation: one of 10 accounts feeding a common recipient within 400min | fan_in_aggregation: one of 4 accounts feeding a common recipient within 400min
ACC004280,32,fan_in_aggregation,fan_in_aggregation: one of 10 accounts feeding a common recipient within 400min
ACC004203,32,fan_in_aggregation,fan_in_aggregation: one of 10 accounts feeding a common recipient within 400min
ACC001121,32,fan_in_aggregation,fan_in_aggregation: one of 11 accounts feeding a common recipient within 400min
ACC001223,32,fan_in_aggregation,fan_in_aggregation: one of 11 accounts feeding a common recipient within 400min | fan_in_aggregation: one of 4 accounts feeding a common recipient within 400min | fan_in_aggregation: one of 5 accounts feeding a common recipient within 400min
ACC003047,32,fan_in_aggregation,fan_in_aggregation: one of 10 accounts feeding a common recipient within 400min
ACC001482,32,fan_in_aggregation,fan_in_aggregation: one of 10 accounts feeding a common recipient within 400min
ACC000980,32,fan_in_aggregation,fan_in_aggregation: one of 10 accounts feeding a common recipient within 400min
ACC000922,32,fan_in_aggregation,fan_in_aggregation: one of 10 accounts feeding a common recipient within 400min
ACC004492,32,fan_in_aggregation,fan_in_aggregation: one of 10 accounts feeding a common recipient within 400min
ACC004523,32,fan_in_aggregation,fan_in_aggregation: one of 10 accounts feeding a common recipient within 400min
ACC002947,32,fan_in_aggregation,fan_in_aggregation: one of 10 accounts feeding a common recipient within 400min | fan_in_aggregation: one of 4 accounts feeding a common recipient within 400min
ACC003833,32,fan_in_aggregation,fan_in_aggregation: one of 10 accounts feeding a common recipient within 400min
ACC004136,32,fan_in_aggregation,fan_in_aggregation: one of 10 accounts feeding a common recipient within 400min
ACC004626,32,fan_in_aggregation,fan_in_aggregation: one of 10 accounts feeding a common recipient within 400min
ACC003311,32,fan_in_aggregation,fan_in_aggregation: one of 10 accounts feeding a common recipient within 400min | fan_in_aggregation: one of 4 accounts feeding a common recipient within 400min
ACC001947,32,fan_in_aggregation,fan_in_aggregation: one of 10 accounts feeding a common recipient within 400min
ACC003438,32,fan_in_aggregation,fan_in_aggregation: one of 10 accounts feeding a common recipient within 400min
ACC004748,32,fan_in_aggregation,fan_in_aggregation: one of 10 accounts feeding a common recipient within 400min
ACC003580,32,fan_in_aggregation,fan_in_aggregation: one of 10 accounts feeding a common recipient within 400min
ACC004040,32,fan_in_aggregation,fan_in_aggregation: one of 10 accounts feeding a common recipient within 400min
ACC004784,32,fan_in_aggregation,fan_in_aggregation: one of 10 accounts feeding a common recipient within 400min
ACC003569,32,fan_in_aggregation,fan_in_aggregation: one of 10 accounts feeding a common recipient within 400min | fan_in_aggregation: one of 4 accounts feeding a common recipient within 400min
ACC003684,32,fan_in_aggregation,fan_in_aggregation: one of 10 accounts feeding a common recipient within 400min | fan_in_aggregation: one of 4 accounts feeding a common recipient within 400min
ACC004215,32,fan_in_aggregation,fan_in_aggregation: one of 10 accounts feeding a common recipient within 400min
ACC004786,32,fan_in_aggregation,fan_in_aggregation: one of 10 accounts feeding a common recipient within 400min | fan_in_aggregation: one of 11 accounts feeding a common recipient within 400min | fan_in_aggregation: one of 4 accounts feeding a common recipient within 400min
ACC002104,32,fan_in_aggregation,fan_in_aggregation: one of 10 accounts feeding a common recipient within 400min | fan_in_aggregation: one of 4 accounts feeding a common recipient within 400min
ACC004178,32,fan_in_aggregation,fan_in_aggregation: one of 10 accounts feeding a common recipient within 400min | fan_in_aggregation: one of 4 accounts feeding a common recipient within 400min | fan_in_aggregation: one of 4 accounts feeding a common recipient within 400min
ACC002149,32,fan_in_aggregation,fan_in_aggregation: one of 10 accounts feeding a common recipient within 400min | fan_in_aggregation: one of 11 accounts feeding a common recipient within 400min | fan_in_aggregation: one of 5 accounts feeding a common recipient within 400min
ACC003316,32,fan_in_aggregation,fan_in_aggregation: one of 10 accounts feeding a common recipient within 400min
ACC002799,32,fan_in_aggregation,fan_in_aggregation: one of 10 accounts feeding a common recipient within 400min | fan_in_aggregation: one of 4 accounts feeding a common recipient within 400min
ACC004187,32,fan_in_aggregation,fan_in_aggregation: one of 10 accounts feeding a common recipient within 400min | fan_in_aggregation: one of 4 accounts feeding a common recipient within 400min
ACC004665,32,fan_in_aggregation,fan_in_aggregation: one of 10 accounts feeding a common recipient within 400min
ACC002207,32,fan_in_aggregation,fan_in_aggregation: one of 10 accounts feeding a common recipient within 400min | fan_in_aggregation: one of 5 accounts feeding a common recipient within 400min
ACC000391,32,fan_in_aggregation,fan_in_aggregation: one of 10 accounts feeding a common recipient within 400min
ACC003257,32,fan_in_aggregation,fan_in_aggregation: one of 10 accounts feeding a common recipient within 400min | fan_in_aggregation: one of 4 accounts feeding a common recipient within 400min | fan_in_aggregation: one of 4 accounts feeding a common recipient within 400min
ACC002378,32,fan_in_aggregation,fan_in_aggregation: one of 10 accounts feeding a common recipient within 400min | fan_in_aggregation: one of 9 accounts feeding a common recipient within 400min | fan_in_aggregation: one of 4 accounts feeding a common recipient within 400min
ACC001179,32,fan_in_aggregation,fan_in_aggregation: one of 10 accounts feeding a common recipient within 400min
ACC003572,32,fan_in_aggregation,fan_in_aggregation: one of 10 accounts feeding a common recipient within 400min | fan_in_aggregation: one of 4 accounts feeding a common recipient within 400min | fan_in_aggregation: one of 4 accounts feeding a common recipient within 400min
ACC004795,32,fan_in_aggregation,fan_in_aggregation: one of 10 accounts feeding a common recipient within 400min | fan_in_aggregation: one of 4 accounts feeding a common recipient within 400min
ACC004589,32,fan_in_aggregation,fan_in_aggregation: one of 10 accounts feeding a common recipient within 400min
ACC000983,32,fan_in_aggregation,fan_in_aggregation: one of 10 accounts feeding a common recipient within 400min
ACC001656,32,fan_in_aggregation,fan_in_aggregation: one of 10 accounts feeding a common recipient within 400min | fan_in_aggregation: one of 4 accounts feeding a common recipient within 400min
ACC000748,32,fan_in_aggregation,fan_in_aggregation: one of 10 accounts feeding a common recipient within 400min
ACC001020,32,fan_in_aggregation,fan_in_aggregation: one of 10 accounts feeding a common recipient within 400min
ACC003274,32,fan_in_aggregation,fan_in_aggregation: one of 10 accounts feeding a common recipient within 400min | fan_in_aggregation: one of 4 accounts feeding a common recipient within 400min
ACC001535,32,fan_in_aggregation,fan_in_aggregation: one of 10 accounts feeding a common recipient within 400min | fan_in_aggregation: one of 4 accounts feeding a common recipient within 400min
ACC000465,32,fan_in_aggregation,fan_in_aggregation: one of 10 accounts feeding a common recipient within 400min
ACC000599,32,fan_in_aggregation,fan_in_aggregation: one of 11 accounts feeding a common recipient within 400min | fan_in_aggregation: one of 4 accounts feeding a common recipient within 400min
ACC002392,32,fan_in_aggregation,fan_in_aggregation: one of 11 accounts feeding a common recipient within 400min
ACC000280,32,fan_in_aggregation,fan_in_aggregation: one of 11 accounts feeding a common recipient within 400min
ACC001449,32,fan_in_aggregation,fan_in_aggregation: one of 11 accounts feeding a common recipient within 400min
ACC003465,32,fan_in_aggregation,fan_in_aggregation: one of 11 accounts feeding a common recipient within 400min
ACC004584,32,fan_in_aggregation,fan_in_aggregation: one of 11 accounts feeding a common recipient within 400min
ACC004084,32,fan_in_aggregation,fan_in_aggregation: one of 11 accounts feeding a common recipient within 400min
ACC003590,32,fan_in_aggregation,fan_in_aggregation: one of 11 accounts feeding a common recipient within 400min
ACC003233,32,fan_in_aggregation,fan_in_aggregation: one of 11 accounts feeding a common recipient within 400min
ACC003100,32,fan_in_aggregation,fan_in_aggregation: one of 10 accounts feeding a common recipient within 400min
ACC001260,32,fan_in_aggregation,fan_in_aggregation: one of 10 accounts feeding a common recipient within 400min
ACC002854,32,fan_in_aggregation,fan_in_aggregation: one of 10 accounts feeding a common recipient within 400min
ACC002080,32,fan_in_aggregation,fan_in_aggregation: one of 10 accounts feeding a common recipient within 400min
ACC001513,32,fan_in_aggregation,fan_in_aggregation: one of 10 accounts feeding a common recipient within 400min
ACC002018,32,fan_in_aggregation,fan_in_aggregation: one of 11 accounts feeding a common recipient within 400min | fan_in_aggregation: one of 5 accounts feeding a common recipient within 400min | fan_in_aggregation: one of 4 accounts feeding a common recipient within 400min
ACC004366,32,fan_in_aggregation,fan_in_aggregation: one of 10 accounts feeding a common recipient within 400min
ACC004938,32,fan_in_aggregation,fan_in_aggregation: one of 10 accounts feeding a common recipient within 400min
ACC001768,32,fan_in_aggregation,fan_in_aggregation: one of 10 accounts feeding a common recipient within 400min | fan_in_aggregation: one of 4 accounts feeding a common recipient within 400min
ACC003222,32,fan_in_aggregation,fan_in_aggregation: one of 10 accounts feeding a common recipient within 400min | fan_in_aggregation: one of 4 accounts feeding a common recipient within 400min
ACC000281,32,fan_in_aggregation,fan_in_aggregation: one of 10 accounts feeding a common recipient within 400min
ACC002731,32,fan_in_aggregation,fan_in_aggregation: one of 10 accounts feeding a common recipient within 400min
ACC002935,32,fan_in_aggregation,fan_in_aggregation: one of 10 accounts feeding a common recipient within 400min
ACC004946,32,fan_in_aggregation,fan_in_aggregation: one of 10 accounts feeding a common recipient within 400min
ACC001655,32,fan_in_aggregation,fan_in_aggregation: one of 10 accounts feeding a common recipient within 400min
ACC001998,32,fan_in_aggregation,fan_in_aggregation: one of 10 accounts feeding a common recipient within 400min | fan_in_aggregation: one of 4 accounts feeding a common recipient within 400min
ACC001217,32,fan_in_aggregation,fan_in_aggregation: one of 10 accounts feeding a common recipient within 400min | fan_in_aggregation: one of 4 accounts feeding a common recipient within 400min
ACC003662,32,fan_in_aggregation,fan_in_aggregation: one of 10 accounts feeding a common recipient within 400min | fan_in_aggregation: one of 4 accounts feeding a common recipient within 400min
ACC002268,32,fan_in_aggregation,fan_in_aggregation: one of 10 accounts feeding a common recipient within 400min
ACC000696,32,fan_in_aggregation,fan_in_aggregation: one of 10 accounts feeding a common recipient within 400min
ACC001769,32,fan_in_aggregation,fan_in_aggregation: one of 10 accounts feeding a common recipient within 400min
ACC004468,32,fan_in_aggregation,fan_in_aggregation: one of 10 accounts feeding a common recipient within 400min
ACC002586,32,fan_in_aggregation,fan_in_aggregation: one of 10 accounts feeding a common recipient within 400min
ACC004213,32,fan_in_aggregation,fan_in_aggregation: one of 10 accounts feeding a common recipient within 400min | fan_in_aggregation: one of 4 accounts feeding a common recipient within 400min
ACC000090,32,fan_in_aggregation,fan_in_aggregation: one of 10 accounts feeding a common recipient within 400min
ACC003164,32,fan_in_aggregation,fan_in_aggregation: one of 10 accounts feeding a common recipient within 400min
ACC001781,32,fan_in_aggregation,fan_in_aggregation: one of 10 accounts feeding a common recipient within 400min | fan_in_aggregation: one of 4 accounts feeding a common recipient within 400min
ACC004262,32,fan_in_aggregation,fan_in_aggregation: one of 10 accounts feeding a common recipient within 400min | fan_in_aggregation: one of 6 accounts feeding a common recipient within 400min
ACC004764,32,fan_in_aggregation,fan_in_aggregation: one of 10 accounts feeding a common recipient within 400min | fan_in_aggregation: one of 10 accounts feeding a common recipient within 400min | fan_in_aggregation: one of 4 accounts feeding a common recipient within 400min
ACC002301,32,fan_in_aggregation,fan_in_aggregation: one of 10 accounts feeding a common recipient within 400min | fan_in_aggregation: one of 4 accounts feeding a common recipient within 400min
ACC002404,32,fan_in_aggregation,fan_in_aggregation: one of 10 accounts feeding a common recipient within 400min | fan_in_aggregation: one of 4 accounts feeding a common recipient within 400min
ACC003076,32,fan_in_aggregation,fan_in_aggregation: one of 10 accounts feeding a common recipient within 400min
ACC004600,32,fan_in_aggregation,fan_in_aggregation: one of 10 accounts feeding a common recipient within 400min | fan_in_aggregation: one of 4 accounts feeding a common recipient within 400min
ACC003636,32,fan_in_aggregation,fan_in_aggregation: one of 10 accounts feeding a common recipient within 400min
ACC002667,32,fan_in_aggregation,fan_in_aggregation: one of 10 accounts feeding a common recipient within 400min
ACC003041,32,fan_in_aggregation,fan_in_aggregation: one of 10 accounts feeding a common recipient within 400min | fan_in_aggregation: one of 4 accounts feeding a common recipient within 400min
ACC004559,32,fan_in_aggregation,fan_in_aggregation: one of 10 accounts feeding a common recipient within 400min
ACC004942,32,fan_in_aggregation,fan_in_aggregation: one of 10 accounts feeding a common recipient within 400min | fan_in_aggregation: one of 10 accounts feeding a common recipient within 400min | fan_in_aggregation: one of 5 accounts feeding a common recipient within 400min
ACC000532,32,fan_in_aggregation,fan_in_aggregation: one of 10 accounts feeding a common recipient within 400min | fan_in_aggregation: one of 4 accounts feeding a common recipient within 400min | fan_in_aggregation: one of 4 accounts feeding a common recipient within 400min
ACC004963,32,fan_in_aggregation,fan_in_aggregation: one of 10 accounts feeding a common recipient within 400min | fan_in_aggregation: one of 9 accounts feeding a common recipient within 400min | fan_in_aggregation: one of 4 accounts feeding a common recipient within 400min
ACC002869,32,fan_in_aggregation,fan_in_aggregation: one of 10 accounts feeding a common recipient within 400min
ACC000358,32,fan_in_aggregation,fan_in_aggregation: one of 10 accounts feeding a common recipient within 400min | fan_in_aggregation: one of 4 accounts feeding a common recipient within 400min
ACC001323,32,fan_in_aggregation,fan_in_aggregation: one of 10 accounts feeding a common recipient within 400min
ACC000099,32,fan_in_aggregation,fan_in_aggregation: one of 10 accounts feeding a common recipient within 400min | fan_in_aggregation: one of 10 accounts feeding a common recipient within 400min
ACC002849,32,fan_in_aggregation,fan_in_aggregation: one of 10 accounts feeding a common recipient within 400min | fan_in_aggregation: one of 4 accounts feeding a common recipient within 400min
ACC000559,32,fan_in_aggregation,fan_in_aggregation: one of 10 accounts feeding a common recipient within 400min | fan_in_aggregation: one of 4 accounts feeding a common recipient within 400min | fan_in_aggregation: one of 5 accounts feeding a common recipient within 400min
ACC004369,32,fan_in_aggregation,fan_in_aggregation: one of 10 accounts feeding a common recipient within 400min
ACC003738,32,fan_in_aggregation,fan_in_aggregation: one of 10 accounts feeding a common recipient within 400min | fan_in_aggregation: one of 4 accounts feeding a common recipient within 400min | fan_in_aggregation: one of 4 accounts feeding a common recipient within 400min
ACC000981,32,fan_in_aggregation,fan_in_aggregation: one of 10 accounts feeding a common recipient within 400min | fan_in_aggregation: one of 5 accounts feeding a common recipient within 400min
ACC002138,32,fan_in_aggregation,fan_in_aggregation: one of 10 accounts feeding a common recipient within 400min
ACC000291,32,fan_in_aggregation,fan_in_aggregation: one of 10 accounts feeding a common recipient within 400min
ACC003850,32,fan_in_aggregation,fan_in_aggregation: one of 10 accounts feeding a common recipient within 400min
MERCHANT_GROCERY_45,32,fan_in_aggregation;fan_out_smurfing,fan_out_smurfing: received funds as one of 4 rapid recipients from a single source within 107min | fan_in_aggregation: received from 4 accounts within 400min (5.6x its own baseline rate); no rapid cash-out observed
MERCHANT_RENT_14,32,fan_in_aggregation;fan_out_smurfing,fan_out_smurfing: received funds as one of 4 rapid recipients from a single source within 107min | fan_in_aggregation: received from 4 accounts within 400min (5.6x its own baseline rate); no rapid cash-out observed
MERCHANT_UTILITIES_29,32,fan_in_aggregation;fan_out_smurfing,fan_out_smurfing: received funds as one of 4 rapid recipients from a single source within 107min | fan_in_aggregation: received from 4 accounts within 400min (5.4x its own baseline rate); no rapid cash-out observed
ACC004486,32,fan_in_aggregation,fan_in_aggregation: one of 10 accounts feeding a common recipient within 400min
ACC003965,32,fan_in_aggregation,fan_in_aggregation: one of 10 accounts feeding a common recipient within 400min
ACC003077,32,fan_in_aggregation,fan_in_aggregation: one of 10 accounts feeding a common recipient within 400min
ACC003998,32,fan_in_aggregation,fan_in_aggregation: one of 10 accounts feeding a common recipient within 400min
ACC001490,32,fan_in_aggregation,fan_in_aggregation: one of 10 accounts feeding a common recipient within 400min
ACC002297,32,fan_in_aggregation,fan_in_aggregation: one of 10 accounts feeding a common recipient within 400min | fan_in_aggregation: one of 5 accounts feeding a common recipient within 400min | fan_in_aggregation: one of 5 accounts feeding a common recipient within 400min
ACC003064,32,fan_in_aggregation,fan_in_aggregation: one of 10 accounts feeding a common recipient within 400min
ACC003141,32,fan_in_aggregation,fan_in_aggregation: one of 10 accounts feeding a common recipient within 400min
ACC004635,32,fan_in_aggregation,fan_in_aggregation: one of 10 accounts feeding a common recipient within 400min
ACC001335,32,fan_in_aggregation,fan_in_aggregation: one of 10 accounts feeding a common recipient within 400min | fan_in_aggregation: one of 4 accounts feeding a common recipient within 400min
ACC000209,32,fan_in_aggregation,fan_in_aggregation: one of 10 accounts feeding a common recipient within 400min
ACC001334,32,fan_in_aggregation,fan_in_aggregation: one of 10 accounts feeding a common recipient within 400min | fan_in_aggregation: one of 8 accounts feeding a common recipient within 400min
ACC003725,32,fan_in_aggregation,fan_in_aggregation: one of 10 accounts feeding a common recipient within 400min | fan_in_aggregation: one of 5 accounts feeding a common recipient within 400min | fan_in_aggregation: one of 4 accounts feeding a common recipient within 400min
ACC000293,32,fan_in_aggregation,fan_in_aggregation: one of 10 accounts feeding a common recipient within 400min | fan_in_aggregation: one of 5 accounts feeding a common recipient within 400min
ACC003046,32,fan_in_aggregation,fan_in_aggregation: one of 10 accounts feeding a common recipient within 400min
ACC003000,32,fan_in_aggregation,fan_in_aggregation: one of 10 accounts feeding a common recipient within 400min | fan_in_aggregation: one of 5 accounts feeding a common recipient within 400min
ACC000022,32,fan_in_aggregation,fan_in_aggregation: one of 10 accounts feeding a common recipient within 400min
ACC004972,32,fan_in_aggregation,fan_in_aggregation: one of 10 accounts feeding a common recipient within 400min
ACC004703,32,fan_in_aggregation,fan_in_aggregation: one of 10 accounts feeding a common recipient within 400min
ACC003877,32,fan_in_aggregation,fan_in_aggregation: one of 10 accounts feeding a common recipient within 400min
ACC004544,32,fan_in_aggregation,fan_in_aggregation: one of 10 accounts feeding a common recipient within 400min
ACC004451,32,fan_in_aggregation,fan_in_aggregation: one of 10 accounts feeding a common recipient within 400min
ACC002625,32,fan_in_aggregation,fan_in_aggregation: one of 10 accounts feeding a common recipient within 400min
ACC004680,32,fan_in_aggregation,fan_in_aggregation: one of 10 accounts feeding a common recipient within 400min | fan_in_aggregation: one of 5 accounts feeding a common recipient within 400min
ACC001776,30,fan_in_aggregation;rapid_passthrough,"fan_in_aggregation: one of 4 accounts feeding a common recipient within 400min | rapid_passthrough: received 133 (3.6x its own typical transaction size), forwarded 221 within 2h"
MERCHANT_INSURANCE_24,30,fan_in_aggregation;fan_out_smurfing,fan_out_smurfing: received funds as one of 4 rapid recipients from a single source within 141min | fan_in_aggregation: received from 4 accounts within 400min (5.7x its own baseline rate); no rapid cash-out observed
MERCHANT_INSURANCE_10,30,fan_in_aggregation;fan_out_smurfing,fan_out_smurfing: received funds as one of 4 rapid recipients from a single source within 141min | fan_in_aggregation: received from 4 accounts within 400min (5.6x its own baseline rate); no rapid cash-out observed
MERCHANT_UTILITIES_14,30,fan_in_aggregation;fan_out_smurfing,fan_out_smurfing: received funds as one of 4 rapid recipients from a single source within 141min | fan_in_aggregation: received from 4 accounts within 400min (5.5x its own baseline rate); no rapid cash-out observed
LEGIT_MARKETPLACE_0,28,fan_in_aggregation;fan_out_smurfing,fan_out_smurfing: received funds as one of 4 rapid recipients from a single source within 248min | fan_in_aggregation: received from 8 accounts within 400min (5.0x its own baseline rate); no rapid cash-out observed | fan_in_aggregation: one of 4 accounts feeding a common recipient within 400min
ACC000857,26,fan_out_smurfing,fan_out_smurfing: received funds as one of 6 rapid recipients from a single source within 253min
ACC000196,26,fan_out_smurfing,fan_out_smurfing: received funds as one of 6 rapid recipients from a single source within 253min
ACC003391,26,fan_out_smurfing,fan_out_smurfing: received funds as one of 6 rapid recipients from a single source within 253min
ACC000002,26,fan_out_smurfing,fan_out_smurfing: received funds as one of 6 rapid recipients from a single source within 253min
ACC004715,26,fan_out_smurfing,fan_out_smurfing: received funds as one of 6 rapid recipients from a single source within 253min
LEGIT_MARKETPLACE_1,25,fan_in_aggregation;fan_out_smurfing,fan_out_smurfing: received funds as one of 4 rapid recipients from a single source within 248min | fan_in_aggregation: received from 9 accounts within 400min (5.6x its own baseline rate); no rapid cash-out observed
MERCHANT_SUBSCRIPTION_46,25,fan_in_aggregation;fan_out_smurfing,fan_out_smurfing: received funds as one of 4 rapid recipients from a single source within 248min | fan_in_aggregation: received from 4 accounts within 400min (6.5x its own baseline rate); no rapid cash-out observed
MERCHANT_GROCERY_9,25,fan_in_aggregation;fan_out_smurfing,fan_out_smurfing: received funds as one of 4 rapid recipients from a single source within 248min | fan_in_aggregation: received from 4 accounts within 400min (5.7x its own baseline rate); no rapid cash-out observed
MERCHANT_UTILITIES_31,24,fan_in_aggregation;fan_out_smurfing,fan_out_smurfing: received funds as one of 4 rapid recipients from a single source within 268min | fan_in_aggregation: received from 4 accounts within 400min (5.9x its own baseline rate); no rapid cash-out observed
MERCHANT_GROCERY_23,24,fan_in_aggregation;fan_out_smurfing,fan_out_smurfing: received funds as one of 4 rapid recipients from a single source within 268min | fan_in_aggregation: received from 4 accounts within 400min (5.8x its own baseline rate); no rapid cash-out observed
MERCHANT_SUBSCRIPTION_15,24,fan_in_aggregation;fan_out_smurfing,fan_out_smurfing: received funds as one of 4 rapid recipients from a single source within 268min | fan_in_aggregation: received from 4 accounts within 400min (5.3x its own baseline rate); no rapid cash-out observed
ACC000235,18,fan_out_smurfing,fan_out_smurfing: received funds as one of 4 rapid recipients from a single source within 268min
ACC001921,15,fan_in_aggregation,fan_in_aggregation: one of 4 accounts feeding a common recipient within 400min | fan_in_aggregation: one of 4 accounts feeding a common recipient within 400min
ACC002087,15,fan_in_aggregation,fan_in_aggregation: one of 4 accounts feeding a common recipient within 400min
ACC001857,15,fan_in_aggregation,fan_in_aggregation: one of 4 accounts feeding a common recipient within 400min
ACC000853,15,fan_in_aggregation,fan_in_aggregation: one of 4 accounts feeding a common recipient within 400min
ACC001075,15,fan_in_aggregation,fan_in_aggregation: one of 4 accounts feeding a common recipient within 400min
ACC002748,15,fan_in_aggregation,fan_in_aggregation: one of 4 accounts feeding a common recipient within 400min
ACC003564,15,fan_in_aggregation,fan_in_aggregation: one of 4 accounts feeding a common recipient within 400min | fan_in_aggregation: one of 4 accounts feeding a common recipient within 400min
ACC002124,15,fan_in_aggregation,fan_in_aggregation: one of 4 accounts feeding a common recipient within 400min
ACC001992,15,fan_in_aggregation,fan_in_aggregation: one of 4 accounts feeding a common recipient within 400min
ACC004322,15,fan_in_aggregation,fan_in_aggregation: one of 4 accounts feeding a common recipient within 400min
ACC003930,15,fan_in_aggregation,fan_in_aggregation: one of 5 accounts feeding a common recipient within 400min | fan_in_aggregation: one of 4 accounts feeding a common recipient within 400min
ACC000224,15,fan_in_aggregation,fan_in_aggregation: one of 5 accounts feeding a common recipient within 400min
ACC001712,15,fan_in_aggregation,fan_in_aggregation: one of 5 accounts feeding a common recipient within 400min
ACC000208,15,fan_in_aggregation,fan_in_aggregation: one of 5 accounts feeding a common recipient within 400min | fan_in_aggregation: one of 5 accounts feeding a common recipient within 400min
ACC003085,15,fan_in_aggregation,fan_in_aggregation: one of 5 accounts feeding a common recipient within 400min
ACC003902,15,fan_in_aggregation,fan_in_aggregation: one of 5 accounts feeding a common recipient within 400min
ACC000777,15,fan_in_aggregation,fan_in_aggregation: one of 5 accounts feeding a common recipient within 400min | fan_in_aggregation: one of 5 accounts feeding a common recipient within 400min | fan_in_aggregation: one of 4 accounts feeding a common recipient within 400min
ACC001900,15,fan_in_aggregation,fan_in_aggregation: one of 5 accounts feeding a common recipient within 400min
ACC001625,15,fan_in_aggregation,fan_in_aggregation: one of 4 accounts feeding a common recipient within 400min | fan_in_aggregation: one of 4 accounts feeding a common recipient within 400min
ACC000732,15,fan_in_aggregation,fan_in_aggregation: one of 4 accounts feeding a common recipient within 400min
ACC001367,15,fan_in_aggregation,fan_in_aggregation: one of 4 accounts feeding a common recipient within 400min | fan_in_aggregation: one of 4 accounts feeding a common recipient within 400min
ACC003107,15,fan_in_aggregation,fan_in_aggregation: one of 5 accounts feeding a common recipient within 400min | fan_in_aggregation: one of 4 accounts feeding a common recipient within 400min
ACC002859,15,fan_in_aggregation,fan_in_aggregation: one of 5 accounts feeding a common recipient within 400min | fan_in_aggregation: one of 4 accounts feeding a common recipient within 400min
ACC000867,15,fan_in_aggregation,fan_in_aggregation: one of 5 accounts feeding a common recipient within 400min
ACC001321,15,fan_in_aggregation,fan_in_aggregation: one of 5 accounts feeding a common recipient within 400min
ACC002746,15,fan_in_aggregation,fan_in_aggregation: one of 4 accounts feeding a common recipient within 400min
ACC002436,15,fan_in_aggregation,fan_in_aggregation: one of 4 accounts feeding a common recipient within 400min | fan_in_aggregation: one of 5 accounts feeding a common recipient within 400min
ACC000289,15,fan_in_aggregation,fan_in_aggregation: one of 4 accounts feeding a common recipient within 400min
ACC002370,15,fan_in_aggregation,fan_in_aggregation: one of 4 accounts feeding a common recipient within 400min | fan_in_aggregation: one of 4 accounts feeding a common recipient within 400min
ACC003102,15,fan_in_aggregation,fan_in_aggregation: one of 4 accounts feeding a common recipient within 400min | fan_in_aggregation: one of 5 accounts feeding a common recipient within 400min
ACC004663,15,fan_in_aggregation,fan_in_aggregation: one of 4 accounts feeding a common recipient within 400min
ACC000674,15,fan_in_aggregation,fan_in_aggregation: one of 4 accounts feeding a common recipient within 400min
ACC004055,15,fan_in_aggregation,fan_in_aggregation: one of 4 accounts feeding a common recipient within 400min
ACC002537,15,fan_in_aggregation,fan_in_aggregation: one of 4 accounts feeding a common recipient within 400min
ACC001882,15,fan_in_aggregation,fan_in_aggregation: one of 4 accounts feeding a common recipient within 400min | fan_in_aggregation: one of 6 accounts feeding a common recipient within 400min
ACC002692,15,fan_in_aggregation,fan_in_aggregation: one of 4 accounts feeding a common recipient within 400min
ACC001299,15,fan_in_aggregation,fan_in_aggregation: one of 4 accounts feeding a common recipient within 400min
ACC001965,15,fan_in_aggregation,fan_in_aggregation: one of 4 accounts feeding a common recipient within 400min | fan_in_aggregation: one of 5 accounts feeding a common recipient within 400min
ACC004570,15,fan_in_aggregation,fan_in_aggregation: one of 4 accounts feeding a common recipient within 400min | fan_in_aggregation: one of 7 accounts feeding a common recipient within 400min
ACC001734,15,fan_in_aggregation,fan_in_aggregation: one of 4 accounts feeding a common recipient within 400min
ACC000703,15,fan_in_aggregation,fan_in_aggregation: one of 4 accounts feeding a common recipient within 400min
ACC004234,15,fan_in_aggregation,fan_in_aggregation: one of 4 accounts feeding a common recipient within 400min
ACC000679,15,fan_in_aggregation,fan_in_aggregation: one of 4 accounts feeding a common recipient within 400min
ACC001566,15,fan_in_aggregation,fan_in_aggregation: one of 4 accounts feeding a common recipient within 400min | fan_in_aggregation: one of 6 accounts feeding a common recipient within 400min
ACC002043,15,fan_in_aggregation,fan_in_aggregation: one of 4 accounts feeding a common recipient within 400min | fan_in_aggregation: one of 5 accounts feeding a common recipient within 400min
ACC000570,15,fan_in_aggregation,fan_in_aggregation: one of 4 accounts feeding a common recipient within 400min
ACC002148,15,fan_in_aggregation,fan_in_aggregation: one of 4 accounts feeding a common recipient within 400min
ACC002174,15,fan_in_aggregation,fan_in_aggregation: one of 4 accounts feeding a common recipient within 400min | fan_in_aggregation: one of 4 accounts feeding a common recipient within 400min
ACC002278,15,fan_in_aggregation,fan_in_aggregation: one of 4 accounts feeding a common recipient within 400min
ACC000963,15,fan_in_aggregation,fan_in_aggregation: one of 4 accounts feeding a common recipient within 400min
ACC004068,15,fan_in_aggregation,fan_in_aggregation: one of 4 accounts feeding a common recipient within 400min
ACC003343,15,fan_in_aggregation,fan_in_aggregation: one of 4 accounts feeding a common recipient within 400min
ACC000747,15,fan_in_aggregation,fan_in_aggregation: one of 4 accounts feeding a common recipient within 400min | fan_in_aggregation: one of 5 accounts feeding a common recipient within 400min
ACC001930,15,fan_in_aggregation,fan_in_aggregation: one of 4 accounts feeding a common recipient within 400min | fan_in_aggregation: one of 4 accounts feeding a common recipient within 400min
ACC004521,15,fan_in_aggregation,fan_in_aggregation: one of 4 accounts feeding a common recipient within 400min
ACC001253,15,fan_in_aggregation,fan_in_aggregation: one of 4 accounts feeding a common recipient within 400min | fan_in_aggregation: one of 4 accounts feeding a common recipient within 400min
ACC001211,15,fan_in_aggregation,fan_in_aggregation: one of 4 accounts feeding a common recipient within 400min
ACC004303,15,fan_in_aggregation,fan_in_aggregation: one of 4 accounts feeding a common recipient within 400min | fan_in_aggregation: one of 4 accounts feeding a common recipient within 400min
ACC002618,15,fan_in_aggregation,fan_in_aggregation: one of 4 accounts feeding a common recipient within 400min
ACC004446,15,fan_in_aggregation,fan_in_aggregation: one of 4 accounts feeding a common recipient within 400min | fan_in_aggregation: one of 4 accounts feeding a common recipient within 400min | fan_in_aggregation: one of 5 accounts feeding a common recipient within 400min
ACC002101,15,fan_in_aggregation,fan_in_aggregation: one of 4 accounts feeding a common recipient within 400min
ACC004228,15,fan_in_aggregation,fan_in_aggregation: one of 5 accounts feeding a common recipient within 400min
ACC000071,15,fan_in_aggregation,fan_in_aggregation: one of 5 accounts feeding a common recipient within 400min
ACC003908,15,fan_in_aggregation,fan_in_aggregation: one of 4 accounts feeding a common recipient within 400min
ACC003787,15,fan_in_aggregation,fan_in_aggregation: one of 4 accounts feeding a common recipient within 400min | fan_in_aggregation: one of 4 accounts feeding a common recipient within 400min
ACC003905,15,fan_in_aggregation,fan_in_aggregation: one of 4 accounts feeding a common recipient within 400min
ACC000349,15,fan_in_aggregation,fan_in_aggregation: one of 4 accounts feeding a common recipient within 400min
ACC003002,15,fan_in_aggregation,fan_in_aggregation: one of 4 accounts feeding a common recipient within 400min
ACC002815,15,fan_in_aggregation,fan_in_aggregation: one of 4 accounts feeding a common recipient within 400min | fan_in_aggregation: one of 4 accounts feeding a common recipient within 400min | fan_in_aggregation: one of 5 accounts feeding a common recipient within 400min
ACC002517,15,fan_in_aggregation,fan_in_aggregation: one of 4 accounts feeding a common recipient within 400min
ACC002276,15,fan_in_aggregation,fan_in_aggregation: one of 6 accounts feeding a common recipient within 400min
ACC002706,15,fan_in_aggregation,fan_in_aggregation: one of 6 accounts feeding a common recipient within 400min
ACC001392,15,fan_in_aggregation,fan_in_aggregation: one of 6 accounts feeding a common recipient within 400min | fan_in_aggregation: one of 4 accounts feeding a common recipient within 400min
ACC000754,15,fan_in_aggregation,fan_in_aggregation: one of 4 accounts feeding a common recipient within 400min | fan_in_aggregation: one of 4 accounts feeding a common recipient within 400min
ACC001711,15,fan_in_aggregation,fan_in_aggregation: one of 4 accounts feeding a common recipient within 400min | fan_in_aggregation: one of 4 accounts feeding a common recipient within 400min
ACC002605,15,fan_in_aggregation,fan_in_aggregation: one of 4 accounts feeding a common recipient within 400min
ACC001813,15,fan_in_aggregation,fan_in_aggregation: one of 5 accounts feeding a common recipient within 400min
ACC001954,15,fan_in_aggregation,fan_in_aggregation: one of 5 accounts feeding a common recipient within 400min
ACC001796,15,fan_in_aggregation,fan_in_aggregation: one of 5 accounts feeding a common recipient within 400min | fan_in_aggregation: one of 4 accounts feeding a common recipient within 400min
ACC001720,15,fan_in_aggregation,fan_in_aggregation: one of 5 accounts feeding a common recipient within 400min
ACC000810,15,fan_in_aggregation,fan_in_aggregation: one of 4 accounts feeding a common recipient within 400min
ACC003687,15,fan_in_aggregation,fan_in_aggregation: one of 4 accounts feeding a common recipient within 400min
ACC004386,15,fan_in_aggregation,fan_in_aggregation: one of 4 accounts feeding a common recipient within 400min
ACC002774,15,fan_in_aggregation,fan_in_aggregation: one of 4 accounts feeding a common recipient within 400min | fan_in_aggregation: one of 4 accounts feeding a common recipient within 400min | fan_in_aggregation: one of 4 accounts feeding a common recipient within 400min
ACC004608,15,fan_in_aggregation,fan_in_aggregation: one of 4 accounts feeding a common recipient within 400min
ACC001602,15,fan_in_aggregation,fan_in_aggregation: one of 4 accounts feeding a common recipient within 400min
ACC000999,15,fan_in_aggregation,fan_in_aggregation: one of 4 accounts feeding a common recipient within 400min
ACC001113,15,fan_in_aggregation,fan_in_aggregation: one of 4 accounts feeding a common recipient within 400min
ACC004760,15,fan_in_aggregation,fan_in_aggregation: one of 4 accounts feeding a common recipient within 400min | fan_in_aggregation: one of 4 accounts feeding a common recipient within 400min
ACC003260,15,fan_in_aggregation,fan_in_aggregation: one of 4 accounts feeding a common recipient within 400min
ACC001611,15,fan_in_aggregation,fan_in_aggregation: one of 4 accounts feeding a common recipient within 400min
ACC004509,15,fan_in_aggregation,fan_in_aggregation: one of 4 accounts feeding a common recipient within 400min
ACC004815,15,fan_in_aggregation,fan_in_aggregation: one of 4 accounts feeding a common recipient within 400min
ACC004374,15,fan_in_aggregation,fan_in_aggregation: one of 6 accounts feeding a common recipient within 400min
ACC003922,15,fan_in_aggregation,fan_in_aggregation: one of 6 accounts feeding a common recipient within 400min
ACC003394,15,fan_in_aggregation,fan_in_aggregation: one of 4 accounts feeding a common recipient within 400min
ACC003820,15,fan_in_aggregation,fan_in_aggregation: one of 4 accounts feeding a common recipient within 400min
ACC002851,15,fan_in_aggregation,fan_in_aggregation: one of 4 accounts feeding a common recipient within 400min
ACC002365,15,fan_in_aggregation,fan_in_aggregation: one of 4 accounts feeding a common recipient within 400min
ACC001178,15,fan_in_aggregation,fan_in_aggregation: one of 4 accounts feeding a common recipient within 400min
ACC004543,15,fan_in_aggregation,fan_in_aggregation: one of 4 accounts feeding a common recipient within 400min | fan_in_aggregation: one of 4 accounts feeding a common recipient within 400min
ACC001043,15,fan_in_aggregation,fan_in_aggregation: one of 4 accounts feeding a common recipient within 400min
ACC003198,15,fan_in_aggregation,fan_in_aggregation: one of 4 accounts feeding a common recipient within 400min
ACC003963,15,fan_in_aggregation,fan_in_aggregation: one of 4 accounts feeding a common recipient within 400min | fan_in_aggregation: one of 5 accounts feeding a common recipient within 400min
ACC004910,15,fan_in_aggregation,fan_in_aggregation: one of 4 accounts feeding a common recipient within 400min | fan_in_aggregation: one of 4 accounts feeding a common recipient within 400min
ACC001733,15,fan_in_aggregation,fan_in_aggregation: one of 4 accounts feeding a common recipient within 400min
ACC001800,15,fan_in_aggregation,fan_in_aggregation: one of 4 accounts feeding a common recipient within 400min
ACC002863,15,fan_in_aggregation,fan_in_aggregation: one of 4 accounts feeding a common recipient within 400min
ACC001363,15,fan_in_aggregation,fan_in_aggregation: one of 4 accounts feeding a common recipient within 400min
ACC002770,15,fan_in_aggregation,fan_in_aggregation: one of 4 accounts feeding a common recipient within 400min
ACC002898,15,fan_in_aggregation,fan_in_aggregation: one of 5 accounts feeding a common recipient within 400min | fan_in_aggregation: one of 4 accounts feeding a common recipient within 400min
ACC003719,15,fan_in_aggregation,fan_in_aggregation: one of 5 accounts feeding a common recipient within 400min
ACC004449,15,fan_in_aggregation,fan_in_aggregation: one of 5 accounts feeding a common recipient within 400min
ACC004984,15,fan_in_aggregation,fan_in_aggregation: one of 5 accounts feeding a common recipient within 400min
ACC001125,15,fan_in_aggregation,fan_in_aggregation: one of 5 accounts feeding a common recipient within 400min
ACC004793,15,fan_in_aggregation,fan_in_aggregation: one of 4 accounts feeding a common recipient within 400min
ACC003385,15,fan_in_aggregation,fan_in_aggregation: one of 4 accounts feeding a common recipient within 400min
ACC000389,15,fan_in_aggregation,fan_in_aggregation: one of 4 accounts feeding a common recipient within 400min | fan_in_aggregation: one of 4 accounts feeding a common recipient within 400min
ACC001790,15,fan_in_aggregation,fan_in_aggregation: one of 4 accounts feeding a common recipient within 400min | fan_in_aggregation: one of 4 accounts feeding a common recipient within 400min | fan_in_aggregation: one of 4 accounts feeding a common recipient within 400min
ACC003750,15,fan_in_aggregation,fan_in_aggregation: one of 4 accounts feeding a common recipient within 400min
ACC003108,15,fan_in_aggregation,fan_in_aggregation: one of 4 accounts feeding a common recipient within 400min | fan_in_aggregation: one of 4 accounts feeding a common recipient within 400min
ACC004648,15,fan_in_aggregation,fan_in_aggregation: one of 4 accounts feeding a common recipient within 400min
ACC003576,15,fan_in_aggregation,fan_in_aggregation: one of 4 accounts feeding a common recipient within 400min
ACC003508,15,fan_in_aggregation,fan_in_aggregation: one of 4 accounts feeding a common recipient within 400min
ACC004771,15,fan_in_aggregation,fan_in_aggregation: one of 4 accounts feeding a common recipient within 400min
ACC000473,15,fan_in_aggregation,fan_in_aggregation: one of 5 accounts feeding a common recipient within 400min
ACC003549,15,fan_in_aggregation,fan_in_aggregation: one of 5 accounts feeding a common recipient within 400min
ACC000870,15,fan_in_aggregation,fan_in_aggregation: one of 5 accounts feeding a common recipient within 400min | fan_in_aggregation: one of 4 accounts feeding a common recipient within 400min
ACC001825,15,fan_in_aggregation,fan_in_aggregation: one of 5 accounts feeding a common recipient within 400min
ACC002135,15,fan_in_aggregation,fan_in_aggregation: one of 5 accounts feeding a common recipient within 400min
ACC004986,15,fan_in_aggregation,fan_in_aggregation: one of 4 accounts feeding a common recipient within 400min
ACC001186,15,fan_in_aggregation,fan_in_aggregation: one of 4 accounts feeding a common recipient within 400min
ACC004337,15,fan_in_aggregation,fan_in_aggregation: one of 4 accounts feeding a common recipient within 400min
ACC004604,15,fan_in_aggregation,fan_in_aggregation: one of 4 accounts feeding a common recipient within 400min | fan_in_aggregation: one of 4 accounts feeding a common recipient within 400min
ACC001268,15,fan_in_aggregation,fan_in_aggregation: one of 4 accounts feeding a common recipient within 400min
ACC001914,15,fan_in_aggregation,fan_in_aggregation: one of 4 accounts feeding a common recipient within 400min
ACC004526,15,fan_in_aggregation,fan_in_aggregation: one of 4 accounts feeding a common recipient within 400min
ACC001396,15,fan_in_aggregation,fan_in_aggregation: one of 4 accounts feeding a common recipient within 400min
ACC003278,15,fan_in_aggregation,fan_in_aggregation: one of 4 accounts feeding a common recipient within 400min
ACC000183,15,fan_in_aggregation,fan_in_aggregation: one of 4 accounts feeding a common recipient within 400min
ACC002214,15,fan_in_aggregation,fan_in_aggregation: one of 4 accounts feeding a common recipient within 400min
ACC003238,15,fan_in_aggregation,fan_in_aggregation: one of 4 accounts feeding a common recipient within 400min | fan_in_aggregation: one of 4 accounts feeding a common recipient within 400min
ACC000738,15,fan_in_aggregation,fan_in_aggregation: one of 4 accounts feeding a common recipient within 400min
ACC002115,15,fan_in_aggregation,fan_in_aggregation: one of 4 accounts feeding a common recipient within 400min
ACC002766,15,fan_in_aggregation,fan_in_aggregation: one of 4 accounts feeding a common recipient within 400min | fan_in_aggregation: one of 4 accounts feeding a common recipient within 400min
ACC002249,15,fan_in_aggregation,fan_in_aggregation: one of 4 accounts feeding a common recipient within 400min
ACC001263,15,fan_in_aggregation,fan_in_aggregation: one of 4 accounts feeding a common recipient within 400min | fan_in_aggregation: one of 4 accounts feeding a common recipient within 400min
ACC002705,15,fan_in_aggregation,fan_in_aggregation: one of 4 accounts feeding a common recipient within 400min | fan_in_aggregation: one of 4 accounts feeding a common recipient within 400min
ACC002202,15,fan_in_aggregation,fan_in_aggregation: one of 4 accounts feeding a common recipient within 400min
ACC004006,15,fan_in_aggregation,fan_in_aggregation: one of 4 accounts feeding a common recipient within 400min
ACC001152,15,fan_in_aggregation,fan_in_aggregation: one of 4 accounts feeding a common recipient within 400min
ACC002780,15,fan_in_aggregation,fan_in_aggregation: one of 4 accounts feeding a common recipient within 400min
ACC000077,15,fan_in_aggregation,fan_in_aggregation: one of 4 accounts feeding a common recipient within 400min
ACC000823,15,fan_in_aggregation,fan_in_aggregation: one of 4 accounts feeding a common recipient within 400min
ACC003694,15,fan_in_aggregation,fan_in_aggregation: one of 4 accounts feeding a common recipient within 400min
ACC001527,15,fan_in_aggregation,fan_in_aggregation: one of 4 accounts feeding a common recipient within 400min | fan_in_aggregation: one of 4 accounts feeding a common recipient within 400min
ACC000033,15,fan_in_aggregation,fan_in_aggregation: one of 4 accounts feeding a common recipient within 400min | fan_in_aggregation: one of 4 accounts feeding a common recipient within 400min
ACC004393,15,fan_in_aggregation,fan_in_aggregation: one of 4 accounts feeding a common recipient within 400min
ACC003106,15,fan_in_aggregation,fan_in_aggregation: one of 4 accounts feeding a common recipient within 400min
ACC000491,15,fan_in_aggregation,fan_in_aggregation: one of 4 accounts feeding a common recipient within 400min
ACC000107,15,fan_in_aggregation,fan_in_aggregation: one of 4 accounts feeding a common recipient within 400min
ACC004004,15,fan_in_aggregation,fan_in_aggregation: one of 4 accounts feeding a common recipient within 400min
ACC000320,15,fan_in_aggregation,fan_in_aggregation: one of 4 accounts feeding a common recipient within 400min
ACC003221,15,fan_in_aggregation,fan_in_aggregation: one of 4 accounts feeding a common recipient within 400min | fan_in_aggregation: one of 4 accounts feeding a common recipient within 400min
ACC001008,15,fan_in_aggregation,fan_in_aggregation: one of 4 accounts feeding a common recipient within 400min
ACC004081,15,fan_in_aggregation,fan_in_aggregation: one of 4 accounts feeding a common recipient within 400min
ACC000953,15,fan_in_aggregation,fan_in_aggregation: one of 4 accounts feeding a common recipient within 400min
ACC003466,15,fan_in_aggregation,fan_in_aggregation: one of 4 accounts feeding a common recipient within 400min
ACC002838,15,fan_in_aggregation,fan_in_aggregation: one of 4 accounts feeding a common recipient within 400min | fan_in_aggregation: one of 5 accounts feeding a common recipient within 400min
ACC003512,15,fan_in_aggregation,fan_in_aggregation: one of 4 accounts feeding a common recipient within 400min | fan_in_aggregation: one of 4 accounts feeding a common recipient within 400min
ACC004868,15,fan_in_aggregation,fan_in_aggregation: one of 4 accounts feeding a common recipient within 400min | fan_in_aggregation: one of 4 accounts feeding a common recipient within 400min
ACC001457,15,fan_in_aggregation,fan_in_aggregation: one of 4 accounts feeding a common recipient within 400min
ACC002520,15,fan_in_aggregation,fan_in_aggregation: one of 4 accounts feeding a common recipient within 400min
ACC001308,15,fan_in_aggregation,fan_in_aggregation: one of 4 accounts feeding a common recipient within 400min
ACC001169,15,fan_in_aggregation,fan_in_aggregation: one of 4 accounts feeding a common recipient within 400min | fan_in_aggregation: one of 4 accounts feeding a common recipient within 400min
ACC003596,15,fan_in_aggregation,fan_in_aggregation: one of 4 accounts feeding a common recipient within 400min
ACC001283,15,fan_in_aggregation,fan_in_aggregation: one of 4 accounts feeding a common recipient within 400min
ACC002823,15,fan_in_aggregation,fan_in_aggregation: one of 4 accounts feeding a common recipient within 400min
ACC001056,15,fan_in_aggregation,fan_in_aggregation: one of 4 accounts feeding a common recipient within 400min
ACC000808,15,fan_in_aggregation,fan_in_aggregation: one of 4 accounts feeding a common recipient within 400min
ACC001778,15,fan_in_aggregation,fan_in_aggregation: one of 4 accounts feeding a common recipient within 400min
ACC003290,15,fan_in_aggregation,fan_in_aggregation: one of 4 accounts feeding a common recipient within 400min
ACC000371,15,fan_in_aggregation,fan_in_aggregation: one of 5 accounts feeding a common recipient within 400min
ACC001798,15,fan_in_aggregation,fan_in_aggregation: one of 5 accounts feeding a common recipient within 400min
ACC001888,15,fan_in_aggregation,fan_in_aggregation: one of 5 accounts feeding a common recipient within 400min | fan_in_aggregation: one of 4 accounts feeding a common recipient within 400min
ACC004200,15,fan_in_aggregation,fan_in_aggregation: one of 5 accounts feeding a common recipient within 400min
ACC003701,15,fan_in_aggregation,fan_in_aggregation: one of 5 accounts feeding a common recipient within 400min
ACC003851,15,fan_in_aggregation,fan_in_aggregation: one of 5 accounts feeding a common recipient within 400min
ACC001738,15,fan_in_aggregation,fan_in_aggregation: one of 5 accounts feeding a common recipient within 400min
ACC003439,15,fan_in_aggregation,fan_in_aggregation: one of 5 accounts feeding a common recipient within 400min
ACC004219,15,fan_in_aggregation,fan_in_aggregation: one of 4 accounts feeding a common recipient within 400min
ACC001409,15,fan_in_aggregation,fan_in_aggregation: one of 4 accounts feeding a common recipient within 400min
ACC004249,15,fan_in_aggregation,fan_in_aggregation: one of 4 accounts feeding a common recipient within 400min
ACC003758,15,fan_in_aggregation,fan_in_aggregation: one of 4 accounts feeding a common recipient within 400min
ACC001218,15,fan_in_aggregation,fan_in_aggregation: one of 4 accounts feeding a common recipient within 400min
ACC001967,15,fan_in_aggregation,fan_in_aggregation: one of 4 accounts feeding a common recipient within 400min
ACC003563,15,fan_in_aggregation,fan_in_aggregation: one of 4 accounts feeding a common recipient within 400min | fan_in_aggregation: one of 4 accounts feeding a common recipient within 400min
ACC004821,15,fan_in_aggregation,fan_in_aggregation: one of 4 accounts feeding a common recipient within 400min | fan_in_aggregation: one of 4 accounts feeding a common recipient within 400min
ACC000505,15,fan_in_aggregation,fan_in_aggregation: one of 4 accounts feeding a common recipient within 400min
ACC004534,15,fan_in_aggregation,fan_in_aggregation: one of 4 accounts feeding a common recipient within 400min
ACC003231,15,fan_in_aggregation,fan_in_aggregation: one of 4 accounts feeding a common recipient within 400min
ACC004464,15,fan_in_aggregation,fan_in_aggregation: one of 4 accounts feeding a common recipient within 400min
ACC002993,15,fan_in_aggregation,fan_in_aggregation: one of 4 accounts feeding a common recipient within 400min
ACC003144,15,fan_in_aggregation,fan_in_aggregation: one of 5 accounts feeding a common recipient within 400min | fan_in_aggregation: one of 5 accounts feeding a common recipient within 400min
ACC002594,15,fan_in_aggregation,fan_in_aggregation: one of 5 accounts feeding a common recipient within 400min | fan_in_aggregation: one of 4 accounts feeding a common recipient within 400min
ACC001863,15,fan_in_aggregation,fan_in_aggregation: one of 5 accounts feeding a common recipient within 400min | fan_in_aggregation: one of 4 accounts feeding a common recipient within 400min
ACC004844,15,fan_in_aggregation,fan_in_aggregation: one of 4 accounts feeding a common recipient within 400min | fan_in_aggregation: one of 4 accounts feeding a common recipient within 400min
ACC000205,15,fan_in_aggregation,fan_in_aggregation: one of 4 accounts feeding a common recipient within 400min | fan_in_aggregation: one of 4 accounts feeding a common recipient within 400min
ACC002468,15,fan_in_aggregation,fan_in_aggregation: one of 4 accounts feeding a common recipient within 400min
ACC000947,15,fan_in_aggregation,fan_in_aggregation: one of 4 accounts feeding a common recipient within 400min
ACC004474,15,fan_in_aggregation,fan_in_aggregation: one of 4 accounts feeding a common recipient within 400min | fan_in_aggregation: one of 4 accounts feeding a common recipient within 400min
ACC003592,15,fan_in_aggregation,fan_in_aggregation: one of 4 accounts feeding a common recipient within 400min
ACC003627,15,fan_in_aggregation,fan_in_aggregation: one of 4 accounts feeding a common recipient within 400min
ACC001696,15,fan_in_aggregation,fan_in_aggregation: one of 4 accounts feeding a common recipient within 400min
ACC003083,15,fan_in_aggregation,fan_in_aggregation: one of 4 accounts feeding a common recipient within 400min
ACC003906,15,fan_in_aggregation,fan_in_aggregation: one of 4 accounts feeding a common recipient within 400min | fan_in_aggregation: one of 5 accounts feeding a common recipient within 400min
ACC004077,15,fan_in_aggregation,fan_in_aggregation: one of 4 accounts feeding a common recipient within 400min | fan_in_aggregation: one of 4 accounts feeding a common recipient within 400min
ACC001416,15,fan_in_aggregation,fan_in_aggregation: one of 4 accounts feeding a common recipient within 400min
ACC001305,15,fan_in_aggregation,fan_in_aggregation: one of 4 accounts feeding a common recipient within 400min
ACC001604,15,fan_in_aggregation,fan_in_aggregation: one of 4 accounts feeding a common recipient within 400min
ACC004828,15,fan_in_aggregation,fan_in_aggregation: one of 4 accounts feeding a common recipient within 400min | fan_in_aggregation: one of 4 accounts feeding a common recipient within 400min
ACC000446,15,fan_in_aggregation,fan_in_aggregation: one of 4 accounts feeding a common recipient within 400min
ACC002972,15,fan_in_aggregation,fan_in_aggregation: one of 4 accounts feeding a common recipient within 400min
ACC002171,15,fan_in_aggregation,fan_in_aggregation: one of 4 accounts feeding a common recipient within 400min | fan_in_aggregation: one of 4 accounts feeding a common recipient within 400min
ACC004978,15,fan_in_aggregation,fan_in_aggregation: one of 4 accounts feeding a common recipient within 400min
ACC000840,15,fan_in_aggregation,fan_in_aggregation: one of 4 accounts feeding a common recipient within 400min
ACC002880,15,fan_in_aggregation,fan_in_aggregation: one of 4 accounts feeding a common recipient within 400min | fan_in_aggregation: one of 5 accounts feeding a common recipient within 400min
ACC004916,15,fan_in_aggregation,fan_in_aggregation: one of 4 accounts feeding a common recipient within 400min
ACC000765,15,fan_in_aggregation,fan_in_aggregation: one of 4 accounts feeding a common recipient within 400min
ACC000250,15,fan_in_aggregation,fan_in_aggregation: one of 4 accounts feeding a common recipient within 400min
ACC000991,15,fan_in_aggregation,fan_in_aggregation: one of 4 accounts feeding a common recipient within 400min
ACC003190,15,fan_in_aggregation,fan_in_aggregation: one of 4 accounts feeding a common recipient within 400min
ACC001317,15,fan_in_aggregation,fan_in_aggregation: one of 4 accounts feeding a common recipient within 400min
ACC002009,15,fan_in_aggregation,fan_in_aggregation: one of 4 accounts feeding a common recipient within 400min | fan_in_aggregation: one of 4 accounts feeding a common recipient within 400min
ACC000727,15,fan_in_aggregation,fan_in_aggregation: one of 4 accounts feeding a common recipient within 400min
ACC000830,15,fan_in_aggregation,fan_in_aggregation: one of 4 accounts feeding a common recipient within 400min | fan_in_aggregation: one of 4 accounts feeding a common recipient within 400min
ACC001557,15,fan_in_aggregation,fan_in_aggregation: one of 4 accounts feeding a common recipient within 400min | fan_in_aggregation: one of 4 accounts feeding a common recipient within 400min
ACC004700,15,fan_in_aggregation,fan_in_aggregation: one of 4 accounts feeding a common recipient within 400min | fan_in_aggregation: one of 4 accounts feeding a common recipient within 400min
ACC003770,15,fan_in_aggregation,fan_in_aggregation: one of 4 accounts feeding a common recipient within 400min
ACC001338,15,fan_in_aggregation,fan_in_aggregation: one of 4 accounts feeding a common recipient within 400min | fan_in_aggregation: one of 6 accounts feeding a common recipient within 400min
ACC003193,15,fan_in_aggregation,fan_in_aggregation: one of 4 accounts feeding a common recipient within 400min
ACC000785,15,fan_in_aggregation,fan_in_aggregation: one of 4 accounts feeding a common recipient within 400min
ACC002501,15,fan_in_aggregation,fan_in_aggregation: one of 4 accounts feeding a common recipient within 400min
ACC000242,15,fan_in_aggregation,fan_in_aggregation: one of 4 accounts feeding a common recipient within 400min | fan_in_aggregation: one of 4 accounts feeding a common recipient within 400min
ACC000789,15,fan_in_aggregation,fan_in_aggregation: one of 4 accounts feeding a common recipient within 400min
ACC002917,15,fan_in_aggregation,fan_in_aggregation: one of 4 accounts feeding a common recipient within 400min
ACC002945,15,fan_in_aggregation,fan_in_aggregation: one of 4 accounts feeding a common recipient within 400min | fan_in_aggregation: one of 4 accounts feeding a common recipient within 400min | fan_in_aggregation: one of 5 accounts feeding a common recipient within 400min
ACC000028,15,fan_in_aggregation,fan_in_aggregation: one of 4 accounts feeding a common recipient within 400min | fan_in_aggregation: one of 4 accounts feeding a common recipient within 400min
ACC000296,15,fan_in_aggregation,fan_in_aggregation: one of 5 accounts feeding a common recipient within 400min
ACC002954,15,fan_in_aggregation,fan_in_aggregation: one of 5 accounts feeding a common recipient within 400min | fan_in_aggregation: one of 5 accounts feeding a common recipient within 400min
ACC002415,15,fan_in_aggregation,fan_in_aggregation: one of 5 accounts feeding a common recipient within 400min
ACC003507,15,fan_in_aggregation,fan_in_aggregation: one of 5 accounts feeding a common recipient within 400min
ACC004947,15,fan_in_aggregation,fan_in_aggregation: one of 4 accounts feeding a common recipient within 400min
ACC001014,15,fan_in_aggregation,fan_in_aggregation: one of 4 accounts feeding a common recipient within 400min | fan_in_aggregation: one of 4 accounts feeding a common recipient within 400min
ACC001055,15,fan_in_aggregation,fan_in_aggregation: one of 4 accounts feeding a common recipient within 400min | fan_in_aggregation: one of 5 accounts feeding a common recipient within 400min
ACC001175,15,fan_in_aggregation,fan_in_aggregation: one of 4 accounts feeding a common recipient within 400min
ACC002337,15,fan_in_aggregation,fan_in_aggregation: one of 6 accounts feeding a common recipient within 400min
ACC001024,15,fan_in_aggregation,fan_in_aggregation: one of 6 accounts feeding a common recipient within 400min | fan_in_aggregation: one of 4 accounts feeding a common recipient within 400min
ACC001000,15,fan_in_aggregation,fan_in_aggregation: one of 6 accounts feeding a common recipient within 400min | fan_in_aggregation: one of 4 accounts feeding a common recipient within 400min
ACC000992,15,fan_in_aggregation,fan_in_aggregation: one of 6 accounts feeding a common recipient within 400min
ACC003273,15,fan_in_aggregation,fan_in_aggregation: one of 6 accounts feeding a common recipient within 400min | fan_in_aggregation: one of 4 accounts feeding a common recipient within 400min
ACC004243,15,fan_in_aggregation,fan_in_aggregation: one of 6 accounts feeding a common recipient within 400min
ACC003383,15,fan_in_aggregation,fan_in_aggregation: one of 5 accounts feeding a common recipient within 400min
ACC002343,15,fan_in_aggregation,fan_in_aggregation: one of 5 accounts feeding a common recipient within 400min
ACC001265,15,fan_in_aggregation,fan_in_aggregation: one of 4 accounts feeding a common recipient within 400min
ACC002505,15,fan_in_aggregation,fan_in_aggregation: one of 4 accounts feeding a common recipient within 400min
ACC000924,15,fan_in_aggregation,fan_in_aggregation: one of 4 accounts feeding a common recipient within 400min | fan_in_aggregation: one of 5 accounts feeding a common recipient within 400min
ACC003653,15,fan_in_aggregation,fan_in_aggregation: one of 4 accounts feeding a common recipient within 400min
ACC004003,15,fan_in_aggregation,fan_in_aggregation: one of 6 accounts feeding a common recipient within 400min
ACC000591,15,fan_in_aggregation,fan_in_aggregation: one of 6 accounts feeding a common recipient within 400min
ACC003901,15,fan_in_aggregation,fan_in_aggregation: one of 6 accounts feeding a common recipient within 400min
ACC000215,15,fan_in_aggregation,fan_in_aggregation: one of 4 accounts feeding a common recipient within 400min
ACC004757,15,fan_in_aggregation,fan_in_aggregation: one of 4 accounts feeding a common recipient within 400min
ACC003026,15,fan_in_aggregation,fan_in_aggregation: one of 4 accounts feeding a common recipient within 400min
ACC003289,15,fan_in_aggregation,fan_in_aggregation: one of 4 accounts feeding a common recipient within 400min | fan_in_aggregation: one of 4 accounts feeding a common recipient within 400min
ACC001837,15,fan_in_aggregation,fan_in_aggregation: one of 4 accounts feeding a common recipient within 400min
ACC002295,15,fan_in_aggregation,fan_in_aggregation: one of 4 accounts feeding a common recipient within 400min
ACC004328,15,fan_in_aggregation,fan_in_aggregation: one of 4 accounts feeding a common recipient within 400min
ACC000190,15,fan_in_aggregation,fan_in_aggregation: one of 4 accounts feeding a common recipient within 400min
ACC002861,15,fan_in_aggregation,fan_in_aggregation: one of 4 accounts feeding a common recipient within 400min
ACC000396,15,fan_in_aggregation,fan_in_aggregation: one of 4 accounts feeding a common recipient within 400min
ACC000094,15,fan_in_aggregation,fan_in_aggregation: one of 4 accounts feeding a common recipient within 400min
ACC002377,15,fan_in_aggregation,fan_in_aggregation: one of 4 accounts feeding a common recipient within 400min
ACC004694,15,fan_in_aggregation,fan_in_aggregation: one of 4 accounts feeding a common recipient within 400min
ACC004611,15,fan_in_aggregation,fan_in_aggregation: one of 4 accounts feeding a common recipient within 400min
ACC002027,15,fan_in_aggregation,fan_in_aggregation: one of 4 accounts feeding a common recipient within 400min
ACC004242,15,fan_in_aggregation,fan_in_aggregation: one of 4 accounts feeding a common recipient within 400min | fan_in_aggregation: one of 5 accounts feeding a common recipient within 400min
ACC002388,15,fan_in_aggregation,fan_in_aggregation: one of 4 accounts feeding a common recipient within 400min
ACC000231,15,fan_in_aggregation,fan_in_aggregation: one of 4 accounts feeding a common recipient within 400min
ACC002077,15,fan_in_aggregation,fan_in_aggregation: one of 4 accounts feeding a common recipient within 400min
ACC004445,15,fan_in_aggregation,fan_in_aggregation: one of 4 accounts feeding a common recipient within 400min
ACC003593,15,fan_in_aggregation,fan_in_aggregation: one of 4 accounts feeding a common recipient within 400min | fan_in_aggregation: one of 5 accounts feeding a common recipient within 400min | fan_in_aggregation: one of 4 accounts feeding a common recipient within 400min
ACC002139,15,fan_in_aggregation,fan_in_aggregation: one of 4 accounts feeding a common recipient within 400min
ACC002929,15,fan_in_aggregation,fan_in_aggregation: one of 4 accounts feeding a common recipient within 400min | fan_in_aggregation: one of 4 accounts feeding a common recipient within 400min
ACC003071,15,fan_in_aggregation,fan_in_aggregation: one of 4 accounts feeding a common recipient within 400min
ACC001829,15,fan_in_aggregation,fan_in_aggregation: one of 4 accounts feeding a common recipient within 400min | fan_in_aggregation: one of 4 accounts feeding a common recipient within 400min
ACC004633,15,fan_in_aggregation,fan_in_aggregation: one of 4 accounts feeding a common recipient within 400min
ACC000849,15,fan_in_aggregation,fan_in_aggregation: one of 4 accounts feeding a common recipient within 400min | fan_in_aggregation: one of 4 accounts feeding a common recipient within 400min | fan_in_aggregation: one of 4 accounts feeding a common recipient within 400min
ACC000223,15,fan_in_aggregation,fan_in_aggregation: one of 4 accounts feeding a common recipient within 400min | fan_in_aggregation: one of 4 accounts feeding a common recipient within 400min
ACC004650,15,fan_in_aggregation,fan_in_aggregation: one of 4 accounts feeding a common recipient within 400min
ACC000915,15,fan_in_aggregation,fan_in_aggregation: one of 4 accounts feeding a common recipient within 400min
ACC001506,15,fan_in_aggregation,fan_in_aggregation: one of 4 accounts feeding a common recipient within 400min | fan_in_aggregation: one of 4 accounts feeding a common recipient within 400min
ACC000939,15,fan_in_aggregation,fan_in_aggregation: one of 4 accounts feeding a common recipient within 400min
ACC001699,15,fan_in_aggregation,fan_in_aggregation: one of 4 accounts feeding a common recipient within 400min
ACC004819,15,fan_in_aggregation,fan_in_aggregation: one of 6 accounts feeding a common recipient within 400min
ACC001929,15,fan_in_aggregation,fan_in_aggregation: one of 6 accounts feeding a common recipient within 400min | fan_in_aggregation: one of 4 accounts feeding a common recipient within 400min
ACC000940,15,fan_in_aggregation,fan_in_aggregation: one of 4 accounts feeding a common recipient within 400min
ACC004837,15,fan_in_aggregation,fan_in_aggregation: one of 4 accounts feeding a common recipient within 400min
ACC000084,15,fan_in_aggregation,fan_in_aggregation: one of 4 accounts feeding a common recipient within 400min
ACC003767,15,fan_in_aggregation,fan_in_aggregation: one of 4 accounts feeding a common recipient within 400min | fan_in_aggregation: one of 4 accounts feeding a common recipient within 400min
ACC000286,15,fan_in_aggregation,fan_in_aggregation: one of 4 accounts feeding a common recipient within 400min | fan_in_aggregation: one of 4 accounts feeding a common recipient within 400min
ACC004677,15,fan_in_aggregation,fan_in_aggregation: one of 4 accounts feeding a common recipient within 400min
ACC000267,15,fan_in_aggregation,fan_in_aggregation: one of 4 accounts feeding a common recipient within 400min
ACC004037,15,fan_in_aggregation,fan_in_aggregation: one of 4 accounts feeding a common recipient within 400min | fan_in_aggregation: one of 4 accounts feeding a common recipient within 400min
ACC002455,15,fan_in_aggregation,fan_in_aggregation: one of 5 accounts feeding a common recipient within 400min
ACC002129,15,fan_in_aggregation,fan_in_aggregation: one of 5 accounts feeding a common recipient within 400min
ACC000891,15,fan_in_aggregation,fan_in_aggregation: one of 5 accounts feeding a common recipient within 400min
ACC002335,15,fan_in_aggregation,fan_in_aggregation: one of 5 accounts feeding a common recipient within 400min | fan_in_aggregation: one of 4 accounts feeding a common recipient within 400min
ACC003585,15,fan_in_aggregation,fan_in_aggregation: one of 5 accounts feeding a common recipient within 400min
ACC000689,15,fan_in_aggregation,fan_in_aggregation: one of 5 accounts feeding a common recipient within 400min
ACC001906,15,fan_in_aggregation,fan_in_aggregation: one of 4 accounts feeding a common recipient within 400min
ACC002679,15,fan_in_aggregation,fan_in_aggregation: one of 4 accounts feeding a common recipient within 400min
ACC000014,15,fan_in_aggregation,fan_in_aggregation: one of 4 accounts feeding a common recipient within 400min
ACC004080,15,fan_in_aggregation,fan_in_aggregation: one of 4 accounts feeding a common recipient within 400min
ACC003829,15,fan_in_aggregation,fan_in_aggregation: one of 4 accounts feeding a common recipient within 400min
ACC003988,15,fan_in_aggregation,fan_in_aggregation: one of 4 accounts feeding a common recipient within 400min | fan_in_aggregation: one of 4 accounts feeding a common recipient within 400min
ACC001581,15,fan_in_aggregation,fan_in_aggregation: one of 4 accounts feeding a common recipient within 400min
ACC000111,15,fan_in_aggregation,fan_in_aggregation: one of 4 accounts feeding a common recipient within 400min
ACC001456,15,fan_in_aggregation,fan_in_aggregation: one of 4 accounts feeding a common recipient within 400min
ACC002459,15,fan_in_aggregation,fan_in_aggregation: one of 4 accounts feeding a common recipient within 400min
ACC003347,15,fan_in_aggregation,fan_in_aggregation: one of 5 accounts feeding a common recipient within 400min
ACC002000,15,fan_in_aggregation,fan_in_aggregation: one of 5 accounts feeding a common recipient within 400min
ACC003314,15,fan_in_aggregation,fan_in_aggregation: one of 5 accounts feeding a common recipient within 400min
ACC001849,15,fan_in_aggregation,fan_in_aggregation: one of 5 accounts feeding a common recipient within 400min | fan_in_aggregation: one of 4 accounts feeding a common recipient within 400min
ACC002346,15,fan_in_aggregation,fan_in_aggregation: one of 5 accounts feeding a common recipient within 400min | fan_in_aggregation: one of 5 accounts feeding a common recipient within 400min
ACC003473,15,fan_in_aggregation,fan_in_aggregation: one of 4 accounts feeding a common recipient within 400min
ACC003479,15,fan_in_aggregation,fan_in_aggregation: one of 4 accounts feeding a common recipient within 400min
ACC004336,15,fan_in_aggregation,fan_in_aggregation: one of 4 accounts feeding a common recipient within 400min
ACC000937,15,fan_in_aggregation,fan_in_aggregation: one of 4 accounts feeding a common recipient within 400min
ACC004015,15,fan_in_aggregation,fan_in_aggregation: one of 5 accounts feeding a common recipient within 400min
ACC001383,15,fan_in_aggregation,fan_in_aggregation: one of 5 accounts feeding a common recipient within 400min
ACC003649,15,fan_in_aggregation,fan_in_aggregation: one of 4 accounts feeding a common recipient within 400min
ACC002127,15,fan_in_aggregation,fan_in_aggregation: one of 4 accounts feeding a common recipient within 400min | fan_in_aggregation: one of 4 accounts feeding a common recipient within 400min
ACC000342,15,fan_in_aggregation,fan_in_aggregation: one of 4 accounts feeding a common recipient within 400min
ACC004929,15,fan_in_aggregation,fan_in_aggregation: one of 4 accounts feeding a common recipient within 400min
ACC000420,15,fan_in_aggregation,fan_in_aggregation: one of 4 accounts feeding a common recipient within 400min | fan_in_aggregation: one of 4 accounts feeding a common recipient within 400min
ACC002366,15,fan_in_aggregation,fan_in_aggregation: one of 4 accounts feeding a common recipient within 400min
ACC000860,15,fan_in_aggregation,fan_in_aggregation: one of 4 accounts feeding a common recipient within 400min
ACC002114,15,fan_in_aggregation,fan_in_aggregation: one of 4 accounts feeding a common recipient within 400min
ACC002081,15,fan_in_aggregation,fan_in_aggregation: one of 4 accounts feeding a common recipient within 400min
ACC004425,15,fan_in_aggregation,fan_in_aggregation: one of 4 accounts feeding a common recipient within 400min
ACC002215,15,fan_in_aggregation,fan_in_aggregation: one of 4 accounts feeding a common recipient within 400min
ACC000515,15,fan_in_aggregation,fan_in_aggregation: one of 5 accounts feeding a common recipient within 400min
ACC001761,15,fan_in_aggregation,fan_in_aggregation: one of 5 accounts feeding a common recipient within 400min
ACC000313,15,fan_in_aggregation,fan_in_aggregation: one of 5 accounts feeding a common recipient within 400min
ACC001159,15,fan_in_aggregation,fan_in_aggregation: one of 4 accounts feeding a common recipient within 400min
ACC003232,15,fan_in_aggregation,fan_in_aggregation: one of 4 accounts feeding a common recipient within 400min
ACC000314,15,fan_in_aggregation,fan_in_aggregation: one of 4 accounts feeding a common recipient within 400min
ACC001673,15,fan_in_aggregation,fan_in_aggregation: one of 4 accounts feeding a common recipient within 400min
ACC003862,15,fan_in_aggregation,fan_in_aggregation: one of 4 accounts feeding a common recipient within 400min | fan_in_aggregation: one of 4 accounts feeding a common recipient within 400min
ACC004033,15,fan_in_aggregation,fan_in_aggregation: one of 4 accounts feeding a common recipient within 400min
ACC002496,15,fan_in_aggregation,fan_in_aggregation: one of 4 accounts feeding a common recipient within 400min
ACC003817,15,fan_in_aggregation,fan_in_aggregation: one of 4 accounts feeding a common recipient within 400min
ACC003199,15,fan_in_aggregation,fan_in_aggregation: one of 4 accounts feeding a common recipient within 400min | fan_in_aggregation: one of 5 accounts feeding a common recipient within 400min
ACC004176,15,fan_in_aggregation,fan_in_aggregation: one of 4 accounts feeding a common recipient within 400min | fan_in_aggregation: one of 4 accounts feeding a common recipient within 400min
ACC001593,15,fan_in_aggregation,fan_in_aggregation: one of 4 accounts feeding a common recipient within 400min
ACC002743,15,fan_in_aggregation,fan_in_aggregation: one of 4 accounts feeding a common recipient within 400min
ACC001484,15,fan_in_aggregation,fan_in_aggregation: one of 5 accounts feeding a common recipient within 400min
ACC002579,15,fan_in_aggregation,fan_in_aggregation: one of 4 accounts feeding a common recipient within 400min
ACC002085,15,fan_in_aggregation,fan_in_aggregation: one of 4 accounts feeding a common recipient within 400min
ACC004075,15,fan_in_aggregation,fan_in_aggregation: one of 4 accounts feeding a common recipient within 400min
ACC000788,15,fan_in_aggregation,fan_in_aggregation: one of 4 accounts feeding a common recipient within 400min
ACC003978,15,fan_in_aggregation,fan_in_aggregation: one of 5 accounts feeding a common recipient within 400min | fan_in_aggregation: one of 5 accounts feeding a common recipient within 400min
ACC002448,15,fan_in_aggregation,fan_in_aggregation: one of 5 accounts feeding a common recipient within 400min
ACC000792,15,fan_in_aggregation,fan_in_aggregation: one of 5 accounts feeding a common recipient within 400min | fan_in_aggregation: one of 6 accounts feeding a common recipient within 400min
ACC001286,15,fan_in_aggregation,fan_in_aggregation: one of 5 accounts feeding a common recipient within 400min
ACC004918,15,fan_in_aggregation,fan_in_aggregation: one of 5 accounts feeding a common recipient within 400min
ACC001200,15,fan_in_aggregation,fan_in_aggregation: one of 4 accounts feeding a common recipient within 400min
ACC000859,15,fan_in_aggregation,fan_in_aggregation: one of 4 accounts feeding a common recipient within 400min | fan_in_aggregation: one of 4 accounts feeding a common recipient within 400min
ACC003501,15,fan_in_aggregation,fan_in_aggregation: one of 4 accounts feeding a common recipient within 400min
ACC002327,15,fan_in_aggregation,fan_in_aggregation: one of 4 accounts feeding a common recipient within 400min
ACC003663,15,fan_in_aggregation,fan_in_aggregation: one of 4 accounts feeding a common recipient within 400min
ACC002498,15,fan_in_aggregation,fan_in_aggregation: one of 4 accounts feeding a common recipient within 400min
ACC001732,15,fan_in_aggregation,fan_in_aggregation: one of 4 accounts feeding a common recipient within 400min
ACC003689,15,fan_in_aggregation,fan_in_aggregation: one of 5 accounts feeding a common recipient within 400min
ACC001731,15,fan_in_aggregation,fan_in_aggregation: one of 5 accounts feeding a common recipient within 400min
ACC004104,15,fan_in_aggregation,fan_in_aggregation: one of 5 accounts feeding a common recipient within 400min
ACC003513,15,fan_in_aggregation,fan_in_aggregation: one of 4 accounts feeding a common recipient within 400min
ACC001759,15,fan_in_aggregation,fan_in_aggregation: one of 4 accounts feeding a common recipient within 400min
ACC003420,15,fan_in_aggregation,fan_in_aggregation: one of 4 accounts feeding a common recipient within 400min
ACC002481,15,fan_in_aggregation,fan_in_aggregation: one of 4 accounts feeding a common recipient within 400min
ACC002220,15,fan_in_aggregation,fan_in_aggregation: one of 4 accounts feeding a common recipient within 400min
ACC004763,15,fan_in_aggregation,fan_in_aggregation: one of 4 accounts feeding a common recipient within 400min
ACC001042,15,fan_in_aggregation,fan_in_aggregation: one of 4 accounts feeding a common recipient within 400min
ACC003147,15,fan_in_aggregation,fan_in_aggregation: one of 4 accounts feeding a common recipient within 400min | fan_in_aggregation: one of 4 accounts feeding a common recipient within 400min
ACC004151,15,fan_in_aggregation,fan_in_aggregation: one of 4 accounts feeding a common recipient within 400min | fan_in_aggregation: one of 4 accounts feeding a common recipient within 400min
ACC004308,15,fan_in_aggregation,fan_in_aggregation: one of 5 accounts feeding a common recipient within 400min
ACC000251,15,fan_in_aggregation,fan_in_aggregation: one of 5 accounts feeding a common recipient within 400min
ACC004711,15,fan_in_aggregation,fan_in_aggregation: one of 5 accounts feeding a common recipient within 400min
ACC002681,15,fan_in_aggregation,fan_in_aggregation: one of 5 accounts feeding a common recipient within 400min
ACC000164,15,fan_in_aggregation,fan_in_aggregation: one of 5 accounts feeding a common recipient within 400min | fan_in_aggregation: one of 4 accounts feeding a common recipient within 400min
ACC001832,15,fan_in_aggregation,fan_in_aggregation: one of 5 accounts feeding a common recipient within 400min
ACC002514,15,fan_in_aggregation,fan_in_aggregation: one of 4 accounts feeding a common recipient within 400min
ACC000381,15,fan_in_aggregation,fan_in_aggregation: one of 4 accounts feeding a common recipient within 400min | fan_in_aggregation: one of 4 accounts feeding a common recipient within 400min
ACC001469,15,fan_in_aggregation,fan_in_aggregation: one of 4 accounts feeding a common recipient within 400min
ACC000413,15,fan_in_aggregation,fan_in_aggregation: one of 4 accounts feeding a common recipient within 400min
ACC002805,15,fan_in_aggregation,fan_in_aggregation: one of 6 accounts feeding a common recipient within 400min | fan_in_aggregation: one of 4 accounts feeding a common recipient within 400min
ACC004431,15,fan_in_aggregation,fan_in_aggregation: one of 6 accounts feeding a common recipient within 400min
ACC000687,15,fan_in_aggregation,fan_in_aggregation: one of 6 accounts feeding a common recipient within 400min
ACC003129,15,fan_in_aggregation,fan_in_aggregation: one of 6 accounts feeding a common recipient within 400min
ACC002400,15,fan_in_aggregation,fan_in_aggregation: one of 6 accounts feeding a common recipient within 400min | fan_in_aggregation: one of 4 accounts feeding a common recipient within 400min
ACC002909,15,fan_in_aggregation,fan_in_aggregation: one of 5 accounts feeding a common recipient within 400min
ACC002233,15,fan_in_aggregation,fan_in_aggregation: one of 5 accounts feeding a common recipient within 400min
ACC002541,15,fan_in_aggregation,fan_in_aggregation: one of 4 accounts feeding a common recipient within 400min
ACC000975,15,fan_in_aggregation,fan_in_aggregation: one of 4 accounts feeding a common recipient within 400min
ACC000813,15,fan_in_aggregation,fan_in_aggregation: one of 4 accounts feeding a common recipient within 400min
ACC003578,15,fan_in_aggregation,fan_in_aggregation: one of 4 accounts feeding a common recipient within 400min
ACC003448,15,fan_in_aggregation,fan_in_aggregation: one of 4 accounts feeding a common recipient within 400min | fan_in_aggregation: one of 5 accounts feeding a common recipient within 400min
ACC004824,15,fan_in_aggregation,fan_in_aggregation: one of 4 accounts feeding a common recipient within 400min
ACC004619,15,fan_in_aggregation,fan_in_aggregation: one of 4 accounts feeding a common recipient within 400min
ACC001517,15,fan_in_aggregation,fan_in_aggregation: one of 4 accounts feeding a common recipient within 400min
ACC000663,15,fan_in_aggregation,fan_in_aggregation: one of 4 accounts feeding a common recipient within 400min | fan_in_aggregation: one of 5 accounts feeding a common recipient within 400min
ACC002921,15,fan_in_aggregation,fan_in_aggregation: one of 4 accounts feeding a common recipient within 400min
ACC001526,15,fan_in_aggregation,fan_in_aggregation: one of 4 accounts feeding a common recipient within 400min | fan_in_aggregation: one of 4 accounts feeding a common recipient within 400min
ACC000701,15,fan_in_aggregation,fan_in_aggregation: one of 4 accounts feeding a common recipient within 400min
ACC003065,15,fan_in_aggregation,fan_in_aggregation: one of 4 accounts feeding a common recipient within 400min
ACC000758,15,fan_in_aggregation,fan_in_aggregation: one of 4 accounts feeding a common recipient within 400min
ACC002403,15,fan_in_aggregation,fan_in_aggregation: one of 4 accounts feeding a common recipient within 400min
ACC000332,15,fan_in_aggregation,fan_in_aggregation: one of 4 accounts feeding a common recipient within 400min
ACC002813,15,fan_in_aggregation,fan_in_aggregation: one of 4 accounts feeding a common recipient within 400min
ACC002992,15,fan_in_aggregation,fan_in_aggregation: one of 4 accounts feeding a common recipient within 400min
ACC000177,15,fan_in_aggregation,fan_in_aggregation: one of 4 accounts feeding a common recipient within 400min
ACC003874,15,fan_in_aggregation,fan_in_aggregation: one of 4 accounts feeding a common recipient within 400min
ACC001743,15,fan_in_aggregation,fan_in_aggregation: one of 4 accounts feeding a common recipient within 400min
ACC003927,15,fan_in_aggregation,fan_in_aggregation: one of 4 accounts feeding a common recipient within 400min
ACC004892,15,fan_in_aggregation,fan_in_aggregation: one of 4 accounts feeding a common recipient within 400min
ACC001546,15,fan_in_aggregation,fan_in_aggregation: one of 4 accounts feeding a common recipient within 400min
ACC004965,15,fan_in_aggregation,fan_in_aggregation: one of 4 accounts feeding a common recipient within 400min
ACC004939,15,fan_in_aggregation,fan_in_aggregation: one of 4 accounts feeding a common recipient within 400min
ACC002063,15,fan_in_aggregation,fan_in_aggregation: one of 4 accounts feeding a common recipient within 400min
ACC000319,15,fan_in_aggregation,fan_in_aggregation: one of 4 accounts feeding a common recipient within 400min
ACC004002,15,fan_in_aggregation,fan_in_aggregation: one of 4 accounts feeding a common recipient within 400min
ACC004169,15,fan_in_aggregation,fan_in_aggregation: one of 4 accounts feeding a common recipient within 400min
ACC002891,15,fan_in_aggregation,fan_in_aggregation: one of 4 accounts feeding a common recipient within 400min
ACC002192,15,fan_in_aggregation,fan_in_aggregation: one of 4 accounts feeding a common recipient within 400min
ACC003706,15,fan_in_aggregation,fan_in_aggregation: one of 4 accounts feeding a common recipient within 400min | fan_in_aggregation: one of 4 accounts feeding a common recipient within 400min
ACC004501,15,fan_in_aggregation,fan_in_aggregation: one of 5 accounts feeding a common recipient within 400min | fan_in_aggregation: one of 4 accounts feeding a common recipient within 400min
ACC004720,15,fan_in_aggregation,fan_in_aggregation: one of 5 accounts feeding a common recipient within 400min
ACC002331,15,fan_in_aggregation,fan_in_aggregation: one of 5 accounts feeding a common recipient within 400min
ACC003134,15,fan_in_aggregation,fan_in_aggregation: one of 5 accounts feeding a common recipient within 400min
ACC000447,15,fan_in_aggregation,fan_in_aggregation: one of 4 accounts feeding a common recipient within 400min
ACC004958,15,fan_in_aggregation,fan_in_aggregation: one of 4 accounts feeding a common recipient within 400min
ACC004237,15,fan_in_aggregation,fan_in_aggregation: one of 4 accounts feeding a common recipient within 400min
ACC002687,15,fan_in_aggregation,fan_in_aggregation: one of 4 accounts feeding a common recipient within 400min | fan_in_aggregation: one of 5 accounts feeding a common recipient within 400min
ACC004690,15,fan_in_aggregation,fan_in_aggregation: one of 4 accounts feeding a common recipient within 400min
ACC001027,15,fan_in_aggregation,fan_in_aggregation: one of 4 accounts feeding a common recipient within 400min
ACC000772,15,fan_in_aggregation,fan_in_aggregation: one of 4 accounts feeding a common recipient within 400min | fan_in_aggregation: one of 4 accounts feeding a common recipient within 400min
ACC000790,15,fan_in_aggregation,fan_in_aggregation: one of 4 accounts feeding a common recipient within 400min
ACC004212,15,fan_in_aggregation,fan_in_aggregation: one of 4 accounts feeding a common recipient within 400min
ACC001005,15,fan_in_aggregation,fan_in_aggregation: one of 5 accounts feeding a common recipient within 400min | fan_in_aggregation: one of 5 accounts feeding a common recipient within 400min | fan_in_aggregation: one of 4 accounts feeding a common recipient within 400min
ACC002094,15,fan_in_aggregation,fan_in_aggregation: one of 5 accounts feeding a common recipient within 400min
ACC003167,15,fan_in_aggregation,fan_in_aggregation: one of 5 accounts feeding a common recipient within 400min
ACC002004,15,fan_in_aggregation,fan_in_aggregation: one of 4 accounts feeding a common recipient within 400min
ACC003397,15,fan_in_aggregation,fan_in_aggregation: one of 4 accounts feeding a common recipient within 400min
ACC000908,15,fan_in_aggregation,fan_in_aggregation: one of 4 accounts feeding a common recipient within 400min | fan_in_aggregation: one of 4 accounts feeding a common recipient within 400min
ACC004186,15,fan_in_aggregation,fan_in_aggregation: one of 4 accounts feeding a common recipient within 400min
ACC004722,15,fan_in_aggregation,fan_in_aggregation: one of 4 accounts feeding a common recipient within 400min
ACC001107,15,fan_in_aggregation,fan_in_aggregation: one of 4 accounts feeding a common recipient within 400min
ACC002017,15,fan_in_aggregation,fan_in_aggregation: one of 4 accounts feeding a common recipient within 400min | fan_in_aggregation: one of 4 accounts feeding a common recipient within 400min
ACC003699,15,fan_in_aggregation,fan_in_aggregation: one of 4 accounts feeding a common recipient within 400min
ACC000121,15,fan_in_aggregation,fan_in_aggregation: one of 4 accounts feeding a common recipient within 400min
ACC001537,15,fan_in_aggregation,fan_in_aggregation: one of 4 accounts feeding a common recipient within 400min
ACC003353,15,fan_in_aggregation,fan_in_aggregation: one of 4 accounts feeding a common recipient within 400min
ACC000548,15,fan_in_aggregation,fan_in_aggregation: one of 4 accounts feeding a common recipient within 400min
ACC004021,15,fan_in_aggregation,fan_in_aggregation: one of 4 accounts feeding a common recipient within 400min | fan_in_aggregation: one of 4 accounts feeding a common recipient within 400min
ACC000998,15,fan_in_aggregation,fan_in_aggregation: one of 4 accounts feeding a common recipient within 400min
ACC002903,15,fan_in_aggregation,fan_in_aggregation: one of 4 accounts feeding a common recipient within 400min
ACC004564,15,fan_in_aggregation,fan_in_aggregation: one of 4 accounts feeding a common recipient within 400min
ACC002069,15,fan_in_aggregation,fan_in_aggregation: one of 4 accounts feeding a common recipient within 400min
ACC003454,15,fan_in_aggregation,fan_in_aggregation: one of 4 accounts feeding a common recipient within 400min
ACC001545,15,fan_in_aggregation,fan_in_aggregation: one of 4 accounts feeding a common recipient within 400min | fan_in_aggregation: one of 4 accounts feeding a common recipient within 400min
ACC000499,15,fan_in_aggregation,fan_in_aggregation: one of 4 accounts feeding a common recipient within 400min
ACC002462,15,fan_in_aggregation,fan_in_aggregation: one of 5 accounts feeding a common recipient within 400min | fan_in_aggregation: one of 6 accounts feeding a common recipient within 400min
ACC003387,15,fan_in_aggregation,fan_in_aggregation: one of 5 accounts feeding a common recipient within 400min
ACC004286,15,fan_in_aggregation,fan_in_aggregation: one of 4 accounts feeding a common recipient within 400min
ACC001747,15,fan_in_aggregation,fan_in_aggregation: one of 4 accounts feeding a common recipient within 400min
ACC004310,15,fan_in_aggregation,fan_in_aggregation: one of 4 accounts feeding a common recipient within 400min
ACC004313,15,fan_in_aggregation,fan_in_aggregation: one of 4 accounts feeding a common recipient within 400min
ACC002761,15,fan_in_aggregation,fan_in_aggregation: one of 4 accounts feeding a common recipient within 400min
ACC003659,15,fan_in_aggregation,fan_in_aggregation: one of 4 accounts feeding a common recipient within 400min
ACC003042,15,fan_in_aggregation,fan_in_aggregation: one of 4 accounts feeding a common recipient within 400min
ACC003284,15,fan_in_aggregation,fan_in_aggregation: one of 4 accounts feeding a common recipient within 400min
ACC000007,15,fan_in_aggregation,fan_in_aggregation: one of 4 accounts feeding a common recipient within 400min
ACC001765,15,fan_in_aggregation,fan_in_aggregation: one of 4 accounts feeding a common recipient within 400min
ACC001860,15,fan_in_aggregation,fan_in_aggregation: one of 4 accounts feeding a common recipient within 400min
ACC000496,15,fan_in_aggregation,fan_in_aggregation: one of 4 accounts feeding a common recipient within 400min
ACC003907,15,fan_in_aggregation,fan_in_aggregation: one of 4 accounts feeding a common recipient within 400min
ACC001111,15,fan_in_aggregation,fan_in_aggregation: one of 4 accounts feeding a common recipient within 400min | fan_in_aggregation: one of 4 accounts feeding a common recipient within 400min
ACC004269,15,fan_in_aggregation,fan_in_aggregation: one of 4 accounts feeding a common recipient within 400min
ACC000430,15,fan_in_aggregation,fan_in_aggregation: one of 5 accounts feeding a common recipient within 400min
ACC000551,15,fan_in_aggregation,fan_in_aggregation: one of 5 accounts feeding a common recipient within 400min
ACC000781,15,fan_in_aggregation,fan_in_aggregation: one of 5 accounts feeding a common recipient within 400min
ACC003034,15,fan_in_aggregation,fan_in_aggregation: one of 5 accounts feeding a common recipient within 400min
ACC000722,15,fan_in_aggregation,fan_in_aggregation: one of 4 accounts feeding a common recipient within 400min
ACC002433,15,fan_in_aggregation,fan_in_aggregation: one of 4 accounts feeding a common recipient within 400min
ACC001698,15,fan_in_aggregation,fan_in_aggregation: one of 4 accounts feeding a common recipient within 400min
ACC002750,15,fan_in_aggregation,fan_in_aggregation: one of 4 accounts feeding a common recipient within 400min
ACC003973,15,fan_in_aggregation,fan_in_aggregation: one of 4 accounts feeding a common recipient within 400min
ACC002821,15,fan_in_aggregation,fan_in_aggregation: one of 4 accounts feeding a common recipient within 400min | fan_in_aggregation: one of 4 accounts feeding a common recipient within 400min
ACC000175,15,fan_in_aggregation,fan_in_aggregation: one of 4 accounts feeding a common recipient within 400min
ACC001631,15,fan_in_aggregation,fan_in_aggregation: one of 4 accounts feeding a common recipient within 400min | fan_in_aggregation: one of 4 accounts feeding a common recipient within 400min | fan_in_aggregation: one of 4 accounts feeding a common recipient within 400min
ACC003936,15,fan_in_aggregation,fan_in_aggregation: one of 4 accounts feeding a common recipient within 400min
ACC000043,15,fan_in_aggregation,fan_in_aggregation: one of 4 accounts feeding a common recipient within 400min
ACC000601,15,fan_in_aggregation,fan_in_aggregation: one of 4 accounts feeding a common recipient within 400min
ACC000477,15,fan_in_aggregation,fan_in_aggregation: one of 4 accounts feeding a common recipient within 400min | fan_in_aggregation: one of 4 accounts feeding a common recipient within 400min
ACC001895,15,fan_in_aggregation,fan_in_aggregation: one of 4 accounts feeding a common recipient within 400min
ACC003972,15,fan_in_aggregation,fan_in_aggregation: one of 4 accounts feeding a common recipient within 400min
ACC001369,15,fan_in_aggregation,fan_in_aggregation: one of 4 accounts feeding a common recipient within 400min | fan_in_aggregation: one of 4 accounts feeding a common recipient within 400min
ACC002782,15,fan_in_aggregation,fan_in_aggregation: one of 4 accounts feeding a common recipient within 400min | fan_in_aggregation: one of 4 accounts feeding a common recipient within 400min
ACC001886,15,fan_in_aggregation,fan_in_aggregation: one of 4 accounts feeding a common recipient within 400min
ACC001508,15,fan_in_aggregation,fan_in_aggregation: one of 4 accounts feeding a common recipient within 400min
ACC004164,15,fan_in_aggregation,fan_in_aggregation: one of 4 accounts feeding a common recipient within 400min
ACC003964,15,fan_in_aggregation,fan_in_aggregation: one of 4 accounts feeding a common recipient within 400min
ACC002467,15,fan_in_aggregation,fan_in_aggregation: one of 4 accounts feeding a common recipient within 400min
ACC004550,15,fan_in_aggregation,fan_in_aggregation: one of 4 accounts feeding a common recipient within 400min
ACC003474,15,fan_in_aggregation,fan_in_aggregation: one of 4 accounts feeding a common recipient within 400min
ACC002937,15,fan_in_aggregation,fan_in_aggregation: one of 4 accounts feeding a common recipient within 400min
ACC002882,15,fan_in_aggregation,fan_in_aggregation: one of 4 accounts feeding a common recipient within 400min
ACC000962,15,fan_in_aggregation,fan_in_aggregation: one of 5 accounts feeding a common recipient within 400min
ACC001007,15,fan_in_aggregation,fan_in_aggregation: one of 5 accounts feeding a common recipient within 400min
ACC003429,15,fan_in_aggregation,fan_in_aggregation: one of 4 accounts feeding a common recipient within 400min
ACC002461,15,fan_in_aggregation,fan_in_aggregation: one of 4 accounts feeding a common recipient within 400min
ACC000236,15,fan_in_aggregation,fan_in_aggregation: one of 5 accounts feeding a common recipient within 400min
ACC003194,15,fan_in_aggregation,fan_in_aggregation: one of 4 accounts feeding a common recipient within 400min
ACC003793,15,fan_in_aggregation,fan_in_aggregation: one of 4 accounts feeding a common recipient within 400min
ACC004158,15,fan_in_aggregation,fan_in_aggregation: one of 4 accounts feeding a common recipient within 400min
ACC001036,15,fan_in_aggregation,fan_in_aggregation: one of 4 accounts feeding a common recipient within 400min
ACC002717,15,fan_in_aggregation,fan_in_aggregation: one of 4 accounts feeding a common recipient within 400min
ACC004131,15,fan_in_aggregation,fan_in_aggregation: one of 4 accounts feeding a common recipient within 400min
ACC003191,15,fan_in_aggregation,fan_in_aggregation: one of 4 accounts feeding a common recipient within 400min | fan_in_aggregation: one of 5 accounts feeding a common recipient within 400min
ACC000644,15,fan_in_aggregation,fan_in_aggregation: one of 5 accounts feeding a common recipient within 400min
ACC004409,15,fan_in_aggregation,fan_in_aggregation: one of 5 accounts feeding a common recipient within 400min | fan_in_aggregation: one of 4 accounts feeding a common recipient within 400min
ACC000936,15,fan_in_aggregation,fan_in_aggregation: one of 5 accounts feeding a common recipient within 400min
ACC001437,15,fan_in_aggregation,fan_in_aggregation: one of 4 accounts feeding a common recipient within 400min
ACC004719,15,fan_in_aggregation,fan_in_aggregation: one of 4 accounts feeding a common recipient within 400min
ACC003029,15,fan_in_aggregation,fan_in_aggregation: one of 4 accounts feeding a common recipient within 400min
ACC004099,15,fan_in_aggregation,fan_in_aggregation: one of 4 accounts feeding a common recipient within 400min
ACC004224,15,fan_in_aggregation,fan_in_aggregation: one of 4 accounts feeding a common recipient within 400min | fan_in_aggregation: one of 5 accounts feeding a common recipient within 400min
ACC003365,15,fan_in_aggregation,fan_in_aggregation: one of 4 accounts feeding a common recipient within 400min | fan_in_aggregation: one of 4 accounts feeding a common recipient within 400min
ACC004109,15,fan_in_aggregation,fan_in_aggregation: one of 4 accounts feeding a common recipient within 400min
ACC004017,15,fan_in_aggregation,fan_in_aggregation: one of 4 accounts feeding a common recipient within 400min
ACC000075,15,fan_in_aggregation,fan_in_aggregation: one of 4 accounts feeding a common recipient within 400min
ACC002828,15,fan_in_aggregation,fan_in_aggregation: one of 4 accounts feeding a common recipient within 400min
ACC000822,15,fan_in_aggregation,fan_in_aggregation: one of 4 accounts feeding a common recipient within 400min
ACC000952,15,fan_in_aggregation,fan_in_aggregation: one of 4 accounts feeding a common recipient within 400min
ACC000261,15,fan_in_aggregation,fan_in_aggregation: one of 4 accounts feeding a common recipient within 400min
ACC002530,15,fan_in_aggregation,fan_in_aggregation: one of 4 accounts feeding a common recipient within 400min
ACC001017,15,fan_in_aggregation,fan_in_aggregation: one of 4 accounts feeding a common recipient within 400min
ACC003878,15,fan_in_aggregation,fan_in_aggregation: one of 4 accounts feeding a common recipient within 400min
ACC003775,15,fan_in_aggregation,fan_in_aggregation: one of 4 accounts feeding a common recipient within 400min | fan_in_aggregation: one of 4 accounts feeding a common recipient within 400min
ACC002570,15,fan_in_aggregation,fan_in_aggregation: one of 4 accounts feeding a common recipient within 400min
ACC004050,15,fan_in_aggregation,fan_in_aggregation: one of 4 accounts feeding a common recipient within 400min
ACC003052,15,fan_in_aggregation,fan_in_aggregation: one of 4 accounts feeding a common recipient within 400min
ACC000201,15,fan_in_aggregation,fan_in_aggregation: one of 4 accounts feeding a common recipient within 400min
ACC004707,15,fan_in_aggregation,fan_in_aggregation: one of 4 accounts feeding a common recipient within 400min
ACC002822,15,fan_in_aggregation,fan_in_aggregation: one of 4 accounts feeding a common recipient within 400min
ACC004736,15,fan_in_aggregation,fan_in_aggregation: one of 4 accounts feeding a common recipient within 400min
ACC003368,15,fan_in_aggregation,fan_in_aggregation: one of 4 accounts feeding a common recipient within 400min
ACC003145,15,fan_in_aggregation,fan_in_aggregation: one of 4 accounts feeding a common recipient within 400min
ACC002523,15,fan_in_aggregation,fan_in_aggregation: one of 4 accounts feeding a common recipient within 400min
ACC001966,15,fan_in_aggregation,fan_in_aggregation: one of 5 accounts feeding a common recipient within 400min
ACC002058,15,fan_in_aggregation,fan_in_aggregation: one of 5 accounts feeding a common recipient within 400min
ACC002893,15,fan_in_aggregation,fan_in_aggregation: one of 4 accounts feeding a common recipient within 400min
ACC001564,15,fan_in_aggregation,fan_in_aggregation: one of 4 accounts feeding a common recipient within 400min
ACC001355,15,fan_in_aggregation,fan_in_aggregation: one of 4 accounts feeding a common recipient within 400min
ACC000095,15,fan_in_aggregation,fan_in_aggregation: one of 4 accounts feeding a common recipient within 400min
ACC004948,15,fan_in_aggregation,fan_in_aggregation: one of 4 accounts feeding a common recipient within 400min
ACC003059,15,fan_in_aggregation,fan_in_aggregation: one of 4 accounts feeding a common recipient within 400min
ACC001887,15,fan_in_aggregation,fan_in_aggregation: one of 4 accounts feeding a common recipient within 400min
ACC004943,15,fan_in_aggregation,fan_in_aggregation: one of 4 accounts feeding a common recipient within 400min
ACC002957,15,fan_in_aggregation,fan_in_aggregation: one of 4 accounts feeding a common recipient within 400min
ACC000375,15,fan_in_aggregation,fan_in_aggregation: one of 4 accounts feeding a common recipient within 400min
ACC003223,15,fan_in_aggregation,fan_in_aggregation: one of 4 accounts feeding a common recipient within 400min
ACC000573,15,fan_in_aggregation,fan_in_aggregation: one of 4 accounts feeding a common recipient within 400min
ACC004125,15,fan_in_aggregation,fan_in_aggregation: one of 4 accounts feeding a common recipient within 400min | fan_in_aggregation: one of 4 accounts feeding a common recipient within 400min
ACC004801,15,fan_in_aggregation,fan_in_aggregation: one of 4 accounts feeding a common recipient within 400min
ACC002528,15,fan_in_aggregation,fan_in_aggregation: one of 4 accounts feeding a common recipient within 400min
ACC003586,15,fan_in_aggregation,fan_in_aggregation: one of 4 accounts feeding a common recipient within 400min
ACC001487,15,fan_in_aggregation,fan_in_aggregation: one of 4 accounts feeding a common recipient within 400min
ACC001276,15,fan_in_aggregation,fan_in_aggregation: one of 4 accounts feeding a common recipient within 400min
ACC003017,15,fan_in_aggregation,fan_in_aggregation: one of 4 accounts feeding a common recipient within 400min | fan_in_aggregation: one of 4 accounts feeding a common recipient within 400min
ACC003736,15,fan_in_aggregation,fan_in_aggregation: one of 4 accounts feeding a common recipient within 400min
ACC003535,15,fan_in_aggregation,fan_in_aggregation: one of 4 accounts feeding a common recipient within 400min
ACC003539,15,fan_in_aggregation,fan_in_aggregation: one of 4 accounts feeding a common recipient within 400min
ACC004064,15,fan_in_aggregation,fan_in_aggregation: one of 5 accounts feeding a common recipient within 400min
ACC002510,15,fan_in_aggregation,fan_in_aggregation: one of 5 accounts feeding a common recipient within 400min
ACC002657,15,fan_in_aggregation,fan_in_aggregation: one of 5 accounts feeding a common recipient within 400min
ACC002001,15,fan_in_aggregation,fan_in_aggregation: one of 4 accounts feeding a common recipient within 400min
ACC004498,15,fan_in_aggregation,fan_in_aggregation: one of 4 accounts feeding a common recipient within 400min
ACC001320,15,fan_in_aggregation,fan_in_aggregation: one of 4 accounts feeding a common recipient within 400min
ACC001963,15,fan_in_aggregation,fan_in_aggregation: one of 4 accounts feeding a common recipient within 400min
ACC003366,15,fan_in_aggregation,fan_in_aggregation: one of 4 accounts feeding a common recipient within 400min
ACC004133,15,fan_in_aggregation,fan_in_aggregation: one of 4 accounts feeding a common recipient within 400min
ACC000233,15,fan_in_aggregation,fan_in_aggregation: one of 4 accounts feeding a common recipient within 400min
ACC002965,15,fan_in_aggregation,fan_in_aggregation: one of 4 accounts feeding a common recipient within 400min
ACC004857,15,fan_in_aggregation,fan_in_aggregation: one of 4 accounts feeding a common recipient within 400min
ACC001686,15,fan_in_aggregation,fan_in_aggregation: one of 7 accounts feeding a common recipient within 400min | fan_in_aggregation: one of 4 accounts feeding a common recipient within 400min | fan_in_aggregation: one of 4 accounts feeding a common recipient within 400min
ACC001462,15,fan_in_aggregation,fan_in_aggregation: one of 7 accounts feeding a common recipient within 400min
ACC003468,15,fan_in_aggregation,fan_in_aggregation: one of 7 accounts feeding a common recipient within 400min
ACC002583,15,fan_in_aggregation,fan_in_aggregation: one of 7 accounts feeding a common recipient within 400min
ACC004139,15,fan_in_aggregation,fan_in_aggregation: one of 7 accounts feeding a common recipient within 400min | fan_in_aggregation: one of 4 accounts feeding a common recipient within 400min
ACC001454,15,fan_in_aggregation,fan_in_aggregation: one of 7 accounts feeding a common recipient within 400min
ACC001171,15,fan_in_aggregation,fan_in_aggregation: one of 5 accounts feeding a common recipient within 400min
ACC000463,15,fan_in_aggregation,fan_in_aggregation: one of 5 accounts feeding a common recipient within 400min
ACC003782,15,fan_in_aggregation,fan_in_aggregation: one of 5 accounts feeding a common recipient within 400min
ACC000108,15,fan_in_aggregation,fan_in_aggregation: one of 5 accounts feeding a common recipient within 400min | fan_in_aggregation: one of 5 accounts feeding a common recipient within 400min
ACC003455,15,fan_in_aggregation,fan_in_aggregation: one of 5 accounts feeding a common recipient within 400min
ACC004745,15,fan_in_aggregation,fan_in_aggregation: one of 4 accounts feeding a common recipient within 400min
ACC001762,15,fan_in_aggregation,fan_in_aggregation: one of 4 accounts feeding a common recipient within 400min | fan_in_aggregation: one of 4 accounts feeding a common recipient within 400min
ACC000544,15,fan_in_aggregation,fan_in_aggregation: one of 5 accounts feeding a common recipient within 400min
ACC002118,15,fan_in_aggregation,fan_in_aggregation: one of 5 accounts feeding a common recipient within 400min
ACC000587,15,fan_in_aggregation,fan_in_aggregation: one of 4 accounts feeding a common recipient within 400min
ACC003853,15,fan_in_aggregation,fan_in_aggregation: one of 4 accounts feeding a common recipient within 400min
ACC000254,15,fan_in_aggregation,fan_in_aggregation: one of 4 accounts feeding a common recipient within 400min
ACC003433,15,fan_in_aggregation,fan_in_aggregation: one of 4 accounts feeding a common recipient within 400min
ACC002776,15,fan_in_aggregation,fan_in_aggregation: one of 4 accounts feeding a common recipient within 400min
ACC001598,15,fan_in_aggregation,fan_in_aggregation: one of 4 accounts feeding a common recipient within 400min
ACC002640,15,fan_in_aggregation,fan_in_aggregation: one of 4 accounts feeding a common recipient within 400min
ACC000167,15,fan_in_aggregation,fan_in_aggregation: one of 4 accounts feeding a common recipient within 400min
ACC002245,15,fan_in_aggregation,fan_in_aggregation: one of 4 accounts feeding a common recipient within 400min
ACC000637,15,fan_in_aggregation,fan_in_aggregation: one of 5 accounts feeding a common recipient within 400min
ACC004853,15,fan_in_aggregation,fan_in_aggregation: one of 5 accounts feeding a common recipient within 400min | fan_in_aggregation: one of 4 accounts feeding a common recipient within 400min
ACC000437,15,fan_in_aggregation,fan_in_aggregation: one of 4 accounts feeding a common recipient within 400min | fan_in_aggregation: one of 4 accounts feeding a common recipient within 400min
ACC004395,15,fan_in_aggregation,fan_in_aggregation: one of 4 accounts feeding a common recipient within 400min
ACC002927,15,fan_in_aggregation,fan_in_aggregation: one of 4 accounts feeding a common recipient within 400min
ACC004755,15,fan_in_aggregation,fan_in_aggregation: one of 4 accounts feeding a common recipient within 400min
ACC002675,15,fan_in_aggregation,fan_in_aggregation: one of 4 accounts feeding a common recipient within 400min
ACC002252,15,fan_in_aggregation,fan_in_aggregation: one of 4 accounts feeding a common recipient within 400min
ACC004479,15,fan_in_aggregation,fan_in_aggregation: one of 4 accounts feeding a common recipient within 400min | fan_in_aggregation: one of 5 accounts feeding a common recipient within 400min
ACC004814,15,fan_in_aggregation,fan_in_aggregation: one of 4 accounts feeding a common recipient within 400min
ACC004835,15,fan_in_aggregation,fan_in_aggregation: one of 4 accounts feeding a common recipient within 400min | fan_in_aggregation: one of 4 accounts feeding a common recipient within 400min
ACC004092,15,fan_in_aggregation,fan_in_aggregation: one of 4 accounts feeding a common recipient within 400min
ACC000176,15,fan_in_aggregation,fan_in_aggregation: one of 4 accounts feeding a common recipient within 400min | fan_in_aggregation: one of 4 accounts feeding a common recipient within 400min
ACC001530,15,fan_in_aggregation,fan_in_aggregation: one of 4 accounts feeding a common recipient within 400min
ACC001981,15,fan_in_aggregation,fan_in_aggregation: one of 4 accounts feeding a common recipient within 400min
ACC002078,15,fan_in_aggregation,fan_in_aggregation: one of 4 accounts feeding a common recipient within 400min
ACC002025,15,fan_in_aggregation,fan_in_aggregation: one of 4 accounts feeding a common recipient within 400min
ACC000487,15,fan_in_aggregation,fan_in_aggregation: one of 5 accounts feeding a common recipient within 400min
ACC003816,15,fan_in_aggregation,fan_in_aggregation: one of 5 accounts feeding a common recipient within 400min
ACC002003,15,fan_in_aggregation,fan_in_aggregation: one of 5 accounts feeding a common recipient within 400min
ACC002724,15,fan_in_aggregation,fan_in_aggregation: one of 4 accounts feeding a common recipient within 400min | fan_in_aggregation: one of 5 accounts feeding a common recipient within 400min
ACC002015,15,fan_in_aggregation,fan_in_aggregation: one of 4 accounts feeding a common recipient within 400min
ACC000227,15,fan_in_aggregation,fan_in_aggregation: one of 4 accounts feeding a common recipient within 400min
ACC000520,15,fan_in_aggregation,fan_in_aggregation: one of 4 accounts feeding a common recipient within 400min
ACC001122,15,fan_in_aggregation,fan_in_aggregation: one of 4 accounts feeding a common recipient within 400min
ACC000653,15,fan_in_aggregation,fan_in_aggregation: one of 4 accounts feeding a common recipient within 400min
ACC003822,15,fan_in_aggregation,fan_in_aggregation: one of 5 accounts feeding a common recipient within 400min
ACC004569,15,fan_in_aggregation,fan_in_aggregation: one of 4 accounts feeding a common recipient within 400min | fan_in_aggregation: one of 4 accounts feeding a common recipient within 400min
ACC001247,15,fan_in_aggregation,fan_in_aggregation: one of 4 accounts feeding a common recipient within 400min
ACC003203,15,fan_in_aggregation,fan_in_aggregation: one of 4 accounts feeding a common recipient within 400min
ACC002977,15,fan_in_aggregation,fan_in_aggregation: one of 4 accounts feeding a common recipient within 400min
ACC002763,15,fan_in_aggregation,fan_in_aggregation: one of 4 accounts feeding a common recipient within 400min | fan_in_aggregation: one of 4 accounts feeding a common recipient within 400min
ACC001504,15,fan_in_aggregation,fan_in_aggregation: one of 4 accounts feeding a common recipient within 400min
ACC002221,15,fan_in_aggregation,fan_in_aggregation: one of 4 accounts feeding a common recipient within 400min
ACC001087,15,fan_in_aggregation,fan_in_aggregation: one of 4 accounts feeding a common recipient within 400min
ACC002321,15,fan_in_aggregation,fan_in_aggregation: one of 4 accounts feeding a common recipient within 400min
ACC004993,15,fan_in_aggregation,fan_in_aggregation: one of 4 accounts feeding a common recipient within 400min
ACC002853,15,fan_in_aggregation,fan_in_aggregation: one of 4 accounts feeding a common recipient within 400min
ACC003605,15,fan_in_aggregation,fan_in_aggregation: one of 4 accounts feeding a common recipient within 400min
ACC004266,15,fan_in_aggregation,fan_in_aggregation: one of 6 accounts feeding a common recipient within 400min
ACC004260,15,fan_in_aggregation,fan_in_aggregation: one of 6 accounts feeding a common recipient within 400min
ACC004183,15,fan_in_aggregation,fan_in_aggregation: one of 6 accounts feeding a common recipient within 400min
ACC003342,15,fan_in_aggregation,fan_in_aggregation: one of 4 accounts feeding a common recipient within 400min
ACC002975,15,fan_in_aggregation,fan_in_aggregation: one of 4 accounts feeding a common recipient within 400min
ACC001402,15,fan_in_aggregation,fan_in_aggregation: one of 4 accounts feeding a common recipient within 400min
ACC001872,15,fan_in_aggregation,fan_in_aggregation: one of 4 accounts feeding a common recipient within 400min | fan_in_aggregation: one of 4 accounts feeding a common recipient within 400min
ACC004955,15,fan_in_aggregation,fan_in_aggregation: one of 4 accounts feeding a common recipient within 400min | fan_in_aggregation: one of 4 accounts feeding a common recipient within 400min
ACC004769,15,fan_in_aggregation,fan_in_aggregation: one of 4 accounts feeding a common recipient within 400min
ACC004321,15,fan_in_aggregation,fan_in_aggregation: one of 4 accounts feeding a common recipient within 400min
ACC000428,15,fan_in_aggregation,fan_in_aggregation: one of 4 accounts feeding a common recipient within 400min
ACC003932,15,fan_in_aggregation,fan_in_aggregation: one of 4 accounts feeding a common recipient within 400min
ACC004848,15,fan_in_aggregation,fan_in_aggregation: one of 4 accounts feeding a common recipient within 400min
ACC001418,15,fan_in_aggregation,fan_in_aggregation: one of 4 accounts feeding a common recipient within 400min
ACC004820,15,fan_in_aggregation,fan_in_aggregation: one of 4 accounts feeding a common recipient within 400min | fan_in_aggregation: one of 4 accounts feeding a common recipient within 400min
ACC000780,15,fan_in_aggregation,fan_in_aggregation: one of 4 accounts feeding a common recipient within 400min | fan_in_aggregation: one of 4 accounts feeding a common recipient within 400min
ACC000688,15,fan_in_aggregation,fan_in_aggregation: one of 4 accounts feeding a common recipient within 400min
ACC001065,15,fan_in_aggregation,fan_in_aggregation: one of 4 accounts feeding a common recipient within 400min | fan_in_aggregation: one of 4 accounts feeding a common recipient within 400min
ACC002601,15,fan_in_aggregation,fan_in_aggregation: one of 4 accounts feeding a common recipient within 400min
ACC004076,15,fan_in_aggregation,fan_in_aggregation: one of 4 accounts feeding a common recipient within 400min
ACC000938,15,fan_in_aggregation,fan_in_aggregation: one of 4 accounts feeding a common recipient within 400min
ACC003652,15,fan_in_aggregation,fan_in_aggregation: one of 4 accounts feeding a common recipient within 400min
ACC002852,15,fan_in_aggregation,fan_in_aggregation: one of 4 accounts feeding a common recipient within 400min
ACC001398,15,fan_in_aggregation,fan_in_aggregation: one of 4 accounts feeding a common recipient within 400min | fan_in_aggregation: one of 4 accounts feeding a common recipient within 400min
ACC003259,15,fan_in_aggregation,fan_in_aggregation: one of 4 accounts feeding a common recipient within 400min
ACC002228,15,fan_in_aggregation,fan_in_aggregation: one of 4 accounts feeding a common recipient within 400min
ACC003122,15,fan_in_aggregation,fan_in_aggregation: one of 4 accounts feeding a common recipient within 400min
ACC002500,15,fan_in_aggregation,fan_in_aggregation: one of 4 accounts feeding a common recipient within 400min
ACC001191,15,fan_in_aggregation,fan_in_aggregation: one of 4 accounts feeding a common recipient within 400min | fan_in_aggregation: one of 4 accounts feeding a common recipient within 400min
ACC004388,15,fan_in_aggregation,fan_in_aggregation: one of 4 accounts feeding a common recipient within 400min | fan_in_aggregation: one of 4 accounts feeding a common recipient within 400min
ACC004053,15,fan_in_aggregation,fan_in_aggregation: one of 4 accounts feeding a common recipient within 400min
ACC004459,15,fan_in_aggregation,fan_in_aggregation: one of 4 accounts feeding a common recipient within 400min
ACC002963,15,fan_in_aggregation,fan_in_aggregation: one of 4 accounts feeding a common recipient within 400min
ACC001415,15,fan_in_aggregation,fan_in_aggregation: one of 4 accounts feeding a common recipient within 400min
ACC000546,15,fan_in_aggregation,fan_in_aggregation: one of 4 accounts feeding a common recipient within 400min
ACC003503,15,fan_in_aggregation,fan_in_aggregation: one of 4 accounts feeding a common recipient within 400min
ACC002088,15,fan_in_aggregation,fan_in_aggregation: one of 4 accounts feeding a common recipient within 400min
ACC003983,15,fan_in_aggregation,fan_in_aggregation: one of 4 accounts feeding a common recipient within 400min
ACC000191,15,fan_in_aggregation,fan_in_aggregation: one of 4 accounts feeding a common recipient within 400min
ACC003323,15,fan_in_aggregation,fan_in_aggregation: one of 4 accounts feeding a common recipient within 400min
ACC001717,15,fan_in_aggregation,fan_in_aggregation: one of 4 accounts feeding a common recipient within 400min
ACC004400,15,fan_in_aggregation,fan_in_aggregation: one of 4 accounts feeding a common recipient within 400min
ACC004383,15,fan_in_aggregation,fan_in_aggregation: one of 5 accounts feeding a common recipient within 400min | fan_in_aggregation: one of 4 accounts feeding a common recipient within 400min
ACC004106,15,fan_in_aggregation,fan_in_aggregation: one of 4 accounts feeding a common recipient within 400min | fan_in_aggregation: one of 6 accounts feeding a common recipient within 400min
ACC002379,15,fan_in_aggregation,fan_in_aggregation: one of 4 accounts feeding a common recipient within 400min
ACC003341,15,fan_in_aggregation,fan_in_aggregation: one of 4 accounts feeding a common recipient within 400min
ACC000588,15,fan_in_aggregation,fan_in_aggregation: one of 4 accounts feeding a common recipient within 400min
ACC003482,15,fan_in_aggregation,fan_in_aggregation: one of 5 accounts feeding a common recipient within 400min
ACC002636,15,fan_in_aggregation,fan_in_aggregation: one of 5 accounts feeding a common recipient within 400min
ACC003185,15,fan_in_aggregation,fan_in_aggregation: one of 5 accounts feeding a common recipient within 400min
ACC004636,15,fan_in_aggregation,fan_in_aggregation: one of 5 accounts feeding a common recipient within 400min
ACC001455,15,fan_in_aggregation,fan_in_aggregation: one of 5 accounts feeding a common recipient within 400min | fan_in_aggregation: one of 4 accounts feeding a common recipient within 400min
ACC003944,15,fan_in_aggregation,fan_in_aggregation: one of 4 accounts feeding a common recipient within 400min
ACC002227,15,fan_in_aggregation,fan_in_aggregation: one of 4 accounts feeding a common recipient within 400min
ACC000494,15,fan_in_aggregation,fan_in_aggregation: one of 4 accounts feeding a common recipient within 400min
ACC000903,15,fan_in_aggregation,fan_in_aggregation: one of 4 accounts feeding a common recipient within 400min | fan_in_aggregation: one of 6 accounts feeding a common recipient within 400min
ACC000986,15,fan_in_aggregation,fan_in_aggregation: one of 4 accounts feeding a common recipient within 400min | fan_in_aggregation: one of 4 accounts feeding a common recipient within 400min
ACC002742,15,fan_in_aggregation,fan_in_aggregation: one of 4 accounts feeding a common recipient within 400min
ACC004153,15,fan_in_aggregation,fan_in_aggregation: one of 4 accounts feeding a common recipient within 400min
ACC004453,15,fan_in_aggregation,fan_in_aggregation: one of 4 accounts feeding a common recipient within 400min
ACC003830,15,fan_in_aggregation,fan_in_aggregation: one of 4 accounts feeding a common recipient within 400min
ACC000192,15,fan_in_aggregation,fan_in_aggregation: one of 4 accounts feeding a common recipient within 400min
ACC004670,15,fan_in_aggregation,fan_in_aggregation: one of 4 accounts feeding a common recipient within 400min
ACC004284,15,fan_in_aggregation,fan_in_aggregation: one of 4 accounts feeding a common recipient within 400min | fan_in_aggregation: one of 4 accounts feeding a common recipient within 400min | fan_in_aggregation: one of 5 accounts feeding a common recipient within 400min
ACC000564,15,fan_in_aggregation,fan_in_aggregation: one of 4 accounts feeding a common recipient within 400min
ACC002513,15,fan_in_aggregation,fan_in_aggregation: one of 5 accounts feeding a common recipient within 400min
ACC004930,15,fan_in_aggregation,fan_in_aggregation: one of 5 accounts feeding a common recipient within 400min
ACC003126,15,fan_in_aggregation,fan_in_aggregation: one of 5 accounts feeding a common recipient within 400min | fan_in_aggregation: one of 4 accounts feeding a common recipient within 400min
ACC001165,15,fan_in_aggregation,fan_in_aggregation: one of 4 accounts feeding a common recipient within 400min
ACC001795,15,fan_in_aggregation,fan_in_aggregation: one of 4 accounts feeding a common recipient within 400min | fan_in_aggregation: one of 4 accounts feeding a common recipient within 400min | fan_in_aggregation: one of 4 accounts feeding a common recipient within 400min
ACC000814,15,fan_in_aggregation,fan_in_aggregation: one of 4 accounts feeding a common recipient within 400min
ACC003327,15,fan_in_aggregation,fan_in_aggregation: one of 4 accounts feeding a common recipient within 400min | fan_in_aggregation: one of 4 accounts feeding a common recipient within 400min
ACC003330,15,fan_in_aggregation,fan_in_aggregation: one of 4 accounts feeding a common recipient within 400min
ACC002856,15,fan_in_aggregation,fan_in_aggregation: one of 4 accounts feeding a common recipient within 400min | fan_in_aggregation: one of 4 accounts feeding a common recipient within 400min
ACC002693,15,fan_in_aggregation,fan_in_aggregation: one of 4 accounts feeding a common recipient within 400min
ACC001013,15,fan_in_aggregation,fan_in_aggregation: one of 4 accounts feeding a common recipient within 400min
ACC003364,15,fan_in_aggregation,fan_in_aggregation: one of 4 accounts feeding a common recipient within 400min
ACC000880,15,fan_in_aggregation,fan_in_aggregation: one of 4 accounts feeding a common recipient within 400min
ACC000841,15,fan_in_aggregation,fan_in_aggregation: one of 4 accounts feeding a common recipient within 400min
ACC004759,15,fan_in_aggregation,fan_in_aggregation: one of 4 accounts feeding a common recipient within 400min
ACC004772,15,fan_in_aggregation,fan_in_aggregation: one of 4 accounts feeding a common recipient within 400min
ACC003262,15,fan_in_aggregation,fan_in_aggregation: one of 4 accounts feeding a common recipient within 400min
ACC001128,15,fan_in_aggregation,fan_in_aggregation: one of 4 accounts feeding a common recipient within 400min
ACC003776,15,fan_in_aggregation,fan_in_aggregation: one of 4 accounts feeding a common recipient within 400min
ACC001718,15,fan_in_aggregation,fan_in_aggregation: one of 4 accounts feeding a common recipient within 400min
ACC004863,15,fan_in_aggregation,fan_in_aggregation: one of 4 accounts feeding a common recipient within 400min
ACC000712,15,fan_in_aggregation,fan_in_aggregation: one of 4 accounts feeding a common recipient within 400min
ACC000127,15,fan_in_aggregation,fan_in_aggregation: one of 4 accounts feeding a common recipient within 400min | fan_in_aggregation: one of 5 accounts feeding a common recipient within 400min
ACC001666,15,fan_in_aggregation,fan_in_aggregation: one of 4 accounts feeding a common recipient within 400min
ACC001649,15,fan_in_aggregation,fan_in_aggregation: one of 4 accounts feeding a common recipient within 400min
ACC002190,15,fan_in_aggregation,fan_in_aggregation: one of 4 accounts feeding a common recipient within 400min | fan_in_aggregation: one of 4 accounts feeding a common recipient within 400min
ACC004352,15,fan_in_aggregation,fan_in_aggregation: one of 4 accounts feeding a common recipient within 400min
ACC002691,15,fan_in_aggregation,fan_in_aggregation: one of 4 accounts feeding a common recipient within 400min
ACC003982,15,fan_in_aggregation,fan_in_aggregation: one of 4 accounts feeding a common recipient within 400min
ACC000245,15,fan_in_aggregation,fan_in_aggregation: one of 4 accounts feeding a common recipient within 400min
ACC001082,15,fan_in_aggregation,fan_in_aggregation: one of 4 accounts feeding a common recipient within 400min
ACC003013,15,fan_in_aggregation,fan_in_aggregation: one of 4 accounts feeding a common recipient within 400min | fan_in_aggregation: one of 4 accounts feeding a common recipient within 400min
ACC001983,15,fan_in_aggregation,fan_in_aggregation: one of 4 accounts feeding a common recipient within 400min
ACC001757,15,fan_in_aggregation,fan_in_aggregation: one of 4 accounts feeding a common recipient within 400min
ACC003801,15,fan_in_aggregation,fan_in_aggregation: one of 4 accounts feeding a common recipient within 400min
ACC001050,15,fan_in_aggregation,fan_in_aggregation: one of 4 accounts feeding a common recipient within 400min
ACC000464,15,fan_in_aggregation,fan_in_aggregation: one of 4 accounts feeding a common recipient within 400min
ACC004455,15,fan_in_aggregation,fan_in_aggregation: one of 4 accounts feeding a common recipient within 400min
ACC000217,15,fan_in_aggregation,fan_in_aggregation: one of 4 accounts feeding a common recipient within 400min
ACC004813,15,fan_in_aggregation,fan_in_aggregation: one of 4 accounts feeding a common recipient within 400min | fan_in_aggregation: one of 5 accounts feeding a common recipient within 400min
ACC002125,15,fan_in_aggregation,fan_in_aggregation: one of 4 accounts feeding a common recipient within 400min
ACC002652,15,fan_in_aggregation,fan_in_aggregation: one of 4 accounts feeding a common recipient within 400min
ACC003868,15,fan_in_aggregation,fan_in_aggregation: one of 4 accounts feeding a common recipient within 400min
ACC002573,15,fan_in_aggregation,fan_in_aggregation: one of 4 accounts feeding a common recipient within 400min
ACC004640,15,fan_in_aggregation,fan_in_aggregation: one of 4 accounts feeding a common recipient within 400min
ACC001215,15,fan_in_aggregation,fan_in_aggregation: one of 4 accounts feeding a common recipient within 400min
ACC004624,15,fan_in_aggregation,fan_in_aggregation: one of 4 accounts feeding a common recipient within 400min
ACC004028,15,fan_in_aggregation,fan_in_aggregation: one of 4 accounts feeding a common recipient within 400min
ACC000082,15,fan_in_aggregation,fan_in_aggregation: one of 4 accounts feeding a common recipient within 400min | fan_in_aggregation: one of 4 accounts feeding a common recipient within 400min
ACC000076,15,fan_in_aggregation,fan_in_aggregation: one of 4 accounts feeding a common recipient within 400min
ACC001209,15,fan_in_aggregation,fan_in_aggregation: one of 4 accounts feeding a common recipient within 400min | fan_in_aggregation: one of 4 accounts feeding a common recipient within 400min
ACC003731,15,fan_in_aggregation,fan_in_aggregation: one of 4 accounts feeding a common recipient within 400min
ACC003453,15,fan_in_aggregation,fan_in_aggregation: one of 4 accounts feeding a common recipient within 400min
ACC003040,15,fan_in_aggregation,fan_in_aggregation: one of 4 accounts feeding a common recipient within 400min | fan_in_aggregation: one of 4 accounts feeding a common recipient within 400min | fan_in_aggregation: one of 4 accounts feeding a common recipient within 400min
ACC001713,15,fan_in_aggregation,fan_in_aggregation: one of 4 accounts feeding a common recipient within 400min
ACC003119,15,fan_in_aggregation,fan_in_aggregation: one of 4 accounts feeding a common recipient within 400min
ACC003060,15,fan_in_aggregation,fan_in_aggregation: one of 4 accounts feeding a common recipient within 400min
ACC000488,15,fan_in_aggregation,fan_in_aggregation: one of 4 accounts feeding a common recipient within 400min
ACC003720,15,fan_in_aggregation,fan_in_aggregation: one of 4 accounts feeding a common recipient within 400min
ACC000882,15,fan_in_aggregation,fan_in_aggregation: one of 4 accounts feeding a common recipient within 400min
ACC003560,15,fan_in_aggregation,fan_in_aggregation: one of 4 accounts feeding a common recipient within 400min
ACC000163,15,fan_in_aggregation,fan_in_aggregation: one of 4 accounts feeding a common recipient within 400min
ACC000383,15,fan_in_aggregation,fan_in_aggregation: one of 4 accounts feeding a common recipient within 400min
ACC000677,15,fan_in_aggregation,fan_in_aggregation: one of 4 accounts feeding a common recipient within 400min
ACC004882,15,fan_in_aggregation,fan_in_aggregation: one of 4 accounts feeding a common recipient within 400min
ACC000826,15,fan_in_aggregation,fan_in_aggregation: one of 4 accounts feeding a common recipient within 400min
ACC001190,15,fan_in_aggregation,fan_in_aggregation: one of 4 accounts feeding a common recipient within 400min | fan_in_aggregation: one of 4 accounts feeding a common recipient within 400min
ACC004426,15,fan_in_aggregation,fan_in_aggregation: one of 4 accounts feeding a common recipient within 400min
ACC000955,15,fan_in_aggregation,fan_in_aggregation: one of 4 accounts feeding a common recipient within 400min | fan_in_aggregation: one of 4 accounts feeding a common recipient within 400min
ACC003495,15,fan_in_aggregation,fan_in_aggregation: one of 4 accounts feeding a common recipient within 400min | fan_in_aggregation: one of 4 accounts feeding a common recipient within 400min
ACC003091,15,fan_in_aggregation,fan_in_aggregation: one of 4 accounts feeding a common recipient within 400min
ACC004960,15,fan_in_aggregation,fan_in_aggregation: one of 5 accounts feeding a common recipient within 400min
ACC004049,15,fan_in_aggregation,fan_in_aggregation: one of 5 accounts feeding a common recipient within 400min | fan_in_aggregation: one of 4 accounts feeding a common recipient within 400min
ACC001140,15,fan_in_aggregation,fan_in_aggregation: one of 5 accounts feeding a common recipient within 400min
ACC000744,15,fan_in_aggregation,fan_in_aggregation: one of 4 accounts feeding a common recipient within 400min
ACC002991,15,fan_in_aggregation,fan_in_aggregation: one of 4 accounts feeding a common recipient within 400min
ACC004041,15,fan_in_aggregation,fan_in_aggregation: one of 4 accounts feeding a common recipient within 400min
ACC002387,15,fan_in_aggregation,fan_in_aggregation: one of 4 accounts feeding a common recipient within 400min
ACC003483,15,fan_in_aggregation,fan_in_aggregation: one of 4 accounts feeding a common recipient within 400min
ACC003127,15,fan_in_aggregation,fan_in_aggregation: one of 4 accounts feeding a common recipient within 400min
ACC000256,15,fan_in_aggregation,fan_in_aggregation: one of 4 accounts feeding a common recipient within 400min
ACC004645,15,fan_in_aggregation,fan_in_aggregation: one of 4 accounts feeding a common recipient within 400min
ACC002397,15,fan_in_aggregation,fan_in_aggregation: one of 4 accounts feeding a common recipient within 400min
ACC002562,15,fan_in_aggregation,fan_in_aggregation: one of 4 accounts feeding a common recipient within 400min
ACC000087,15,fan_in_aggregation,fan_in_aggregation: one of 5 accounts feeding a common recipient within 400min
ACC004781,15,fan_in_aggregation,fan_in_aggregation: one of 5 accounts feeding a common recipient within 400min
ACC004355,15,fan_in_aggregation,fan_in_aggregation: one of 5 accounts feeding a common recipient within 400min
ACC002445,15,fan_in_aggregation,fan_in_aggregation: one of 4 accounts feeding a common recipient within 400min
ACC001421,15,fan_in_aggregation,fan_in_aggregation: one of 5 accounts feeding a common recipient within 400min | fan_in_aggregation: one of 4 accounts feeding a common recipient within 400min
ACC000682,15,fan_in_aggregation,fan_in_aggregation: one of 5 accounts feeding a common recipient within 400min
ACC001492,15,fan_in_aggregation,fan_in_aggregation: one of 4 accounts feeding a common recipient within 400min
ACC001692,15,fan_in_aggregation,fan_in_aggregation: one of 4 accounts feeding a common recipient within 400min
ACC003322,15,fan_in_aggregation,fan_in_aggregation: one of 4 accounts feeding a common recipient within 400min
ACC001595,15,fan_in_aggregation,fan_in_aggregation: one of 4 accounts feeding a common recipient within 400min
ACC001543,15,fan_in_aggregation,fan_in_aggregation: one of 4 accounts feeding a common recipient within 400min
ACC003004,15,fan_in_aggregation,fan_in_aggregation: one of 4 accounts feeding a common recipient within 400min
ACC001606,15,fan_in_aggregation,fan_in_aggregation: one of 4 accounts feeding a common recipient within 400min
ACC001245,15,fan_in_aggregation,fan_in_aggregation: one of 4 accounts feeding a common recipient within 400min
ACC002773,15,fan_in_aggregation,fan_in_aggregation: one of 4 accounts feeding a common recipient within 400min
ACC001236,15,fan_in_aggregation,fan_in_aggregation: one of 4 accounts feeding a common recipient within 400min
ACC002451,15,fan_in_aggregation,fan_in_aggregation: one of 4 accounts feeding a common recipient within 400min
ACC003968,15,fan_in_aggregation,fan_in_aggregation: one of 6 accounts feeding a common recipient within 400min
ACC001045,15,fan_in_aggregation,fan_in_aggregation: one of 6 accounts feeding a common recipient within 400min
ACC002872,15,fan_in_aggregation,fan_in_aggregation: one of 6 accounts feeding a common recipient within 400min
ACC002895,15,fan_in_aggregation,fan_in_aggregation: one of 5 accounts feeding a common recipient within 400min
ACC003250,15,fan_in_aggregation,fan_in_aggregation: one of 5 accounts feeding a common recipient within 400min
ACC000973,15,fan_in_aggregation,fan_in_aggregation: one of 5 accounts feeding a common recipient within 400min | fan_in_aggregation: one of 5 accounts feeding a common recipient within 400min
ACC002948,15,fan_in_aggregation,fan_in_aggregation: one of 5 accounts feeding a common recipient within 400min
ACC001634,15,fan_in_aggregation,fan_in_aggregation: one of 4 accounts feeding a common recipient within 400min
ACC001903,15,fan_in_aggregation,fan_in_aggregation: one of 4 accounts feeding a common recipient within 400min | fan_in_aggregation: one of 4 accounts feeding a common recipient within 400min
ACC003714,15,fan_in_aggregation,fan_in_aggregation: one of 4 accounts feeding a common recipient within 400min
ACC000427,15,fan_in_aggregation,fan_in_aggregation: one of 4 accounts feeding a common recipient within 400min | fan_in_aggregation: one of 4 accounts feeding a common recipient within 400min
ACC004895,15,fan_in_aggregation,fan_in_aggregation: one of 4 accounts feeding a common recipient within 400min
ACC000345,15,fan_in_aggregation,fan_in_aggregation: one of 4 accounts feeding a common recipient within 400min
ACC003697,15,fan_in_aggregation,fan_in_aggregation: one of 4 accounts feeding a common recipient within 400min
ACC004391,15,fan_in_aggregation,fan_in_aggregation: one of 5 accounts feeding a common recipient within 400min
ACC003538,15,fan_in_aggregation,fan_in_aggregation: one of 5 accounts feeding a common recipient within 400min
ACC004159,15,fan_in_aggregation,fan_in_aggregation: one of 5 accounts feeding a common recipient within 400min
ACC001059,15,fan_in_aggregation,fan_in_aggregation: one of 5 accounts feeding a common recipient within 400min
ACC004843,15,fan_in_aggregation,fan_in_aggregation: one of 4 accounts feeding a common recipient within 400min
ACC001446,15,fan_in_aggregation,fan_in_aggregation: one of 4 accounts feeding a common recipient within 400min
ACC002942,15,fan_in_aggregation,fan_in_aggregation: one of 4 accounts feeding a common recipient within 400min
ACC002060,15,fan_in_aggregation,fan_in_aggregation: one of 4 accounts feeding a common recipient within 400min | fan_in_aggregation: one of 4 accounts feeding a common recipient within 400min
ACC000746,15,fan_in_aggregation,fan_in_aggregation: one of 4 accounts feeding a common recipient within 400min
ACC004505,15,fan_in_aggregation,fan_in_aggregation: one of 4 accounts feeding a common recipient within 400min
ACC004148,15,fan_in_aggregation,fan_in_aggregation: one of 4 accounts feeding a common recipient within 400min
ACC004789,15,fan_in_aggregation,fan_in_aggregation: one of 5 accounts feeding a common recipient within 400min
ACC004149,15,fan_in_aggregation,fan_in_aggregation: one of 5 accounts feeding a common recipient within 400min
ACC002086,15,fan_in_aggregation,fan_in_aggregation: one of 5 accounts feeding a common recipient within 400min
ACC003532,15,fan_in_aggregation,fan_in_aggregation: one of 4 accounts feeding a common recipient within 400min
ACC002561,15,fan_in_aggregation,fan_in_aggregation: one of 4 accounts feeding a common recipient within 400min
ACC000458,15,fan_in_aggregation,fan_in_aggregation: one of 4 accounts feeding a common recipient within 400min
ACC004969,15,fan_in_aggregation,fan_in_aggregation: one of 4 accounts feeding a common recipient within 400min
ACC003183,15,fan_in_aggregation,fan_in_aggregation: one of 4 accounts feeding a common recipient within 400min
ACC000282,15,fan_in_aggregation,fan_in_aggregation: one of 5 accounts feeding a common recipient within 400min
ACC000540,15,fan_in_aggregation,fan_in_aggregation: one of 5 accounts feeding a common recipient within 400min
ACC002432,15,fan_in_aggregation,fan_in_aggregation: one of 5 accounts feeding a common recipient within 400min | fan_in_aggregation: one of 4 accounts feeding a common recipient within 400min
ACC004341,15,fan_in_aggregation,fan_in_aggregation: one of 5 accounts feeding a common recipient within 400min | fan_in_aggregation: one of 4 accounts feeding a common recipient within 400min
ACC001575,15,fan_in_aggregation,fan_in_aggregation: one of 5 accounts feeding a common recipient within 400min
ACC000418,15,fan_in_aggregation,fan_in_aggregation: one of 4 accounts feeding a common recipient within 400min | fan_in_aggregation: one of 4 accounts feeding a common recipient within 400min
ACC004920,15,fan_in_aggregation,fan_in_aggregation: one of 4 accounts feeding a common recipient within 400min | fan_in_aggregation: one of 4 accounts feeding a common recipient within 400min
ACC000335,15,fan_in_aggregation,fan_in_aggregation: one of 4 accounts feeding a common recipient within 400min
ACC001359,15,fan_in_aggregation,fan_in_aggregation: one of 5 accounts feeding a common recipient within 400min | fan_in_aggregation: one of 4 accounts feeding a common recipient within 400min
ACC003263,15,fan_in_aggregation,fan_in_aggregation: one of 5 accounts feeding a common recipient within 400min
ACC003698,15,fan_in_aggregation,fan_in_aggregation: one of 5 accounts feeding a common recipient within 400min
ACC004469,15,fan_in_aggregation,fan_in_aggregation: one of 4 accounts feeding a common recipient within 400min
ACC001021,15,fan_in_aggregation,fan_in_aggregation: one of 4 accounts feeding a common recipient within 400min
ACC004396,15,fan_in_aggregation,fan_in_aggregation: one of 4 accounts feeding a common recipient within 400min
ACC001869,15,fan_in_aggregation,fan_in_aggregation: one of 4 accounts feeding a common recipient within 400min
ACC004676,15,fan_in_aggregation,fan_in_aggregation: one of 4 accounts feeding a common recipient within 400min
ACC001496,15,fan_in_aggregation,fan_in_aggregation: one of 4 accounts feeding a common recipient within 400min
ACC000675,15,fan_in_aggregation,fan_in_aggregation: one of 4 accounts feeding a common recipient within 400min
ACC003230,15,fan_in_aggregation,fan_in_aggregation: one of 4 accounts feeding a common recipient within 400min
ACC001012,15,fan_in_aggregation,fan_in_aggregation: one of 4 accounts feeding a common recipient within 400min
ACC001587,15,fan_in_aggregation,fan_in_aggregation: one of 4 accounts feeding a common recipient within 400min
ACC002865,15,fan_in_aggregation,fan_in_aggregation: one of 4 accounts feeding a common recipient within 400min
ACC003939,15,fan_in_aggregation,fan_in_aggregation: one of 4 accounts feeding a common recipient within 400min
ACC004495,15,fan_in_aggregation,fan_in_aggregation: one of 4 accounts feeding a common recipient within 400min
ACC003568,15,fan_in_aggregation,fan_in_aggregation: one of 4 accounts feeding a common recipient within 400min | fan_in_aggregation: one of 4 accounts feeding a common recipient within 400min
ACC002946,15,fan_in_aggregation,fan_in_aggregation: one of 4 accounts feeding a common recipient within 400min
ACC003266,15,fan_in_aggregation,fan_in_aggregation: one of 4 accounts feeding a common recipient within 400min
ACC004558,15,fan_in_aggregation,fan_in_aggregation: one of 4 accounts feeding a common recipient within 400min | fan_in_aggregation: one of 4 accounts feeding a common recipient within 400min
ACC003990,15,fan_in_aggregation,fan_in_aggregation: one of 4 accounts feeding a common recipient within 400min
ACC000104,15,fan_in_aggregation,fan_in_aggregation: one of 4 accounts feeding a common recipient within 400min
ACC001194,15,fan_in_aggregation,fan_in_aggregation: one of 4 accounts feeding a common recipient within 400min
ACC003997,15,fan_in_aggregation,fan_in_aggregation: one of 4 accounts feeding a common recipient within 400min
ACC002569,15,fan_in_aggregation,fan_in_aggregation: one of 4 accounts feeding a common recipient within 400min
ACC001157,15,fan_in_aggregation,fan_in_aggregation: one of 4 accounts feeding a common recipient within 400min
ACC004496,15,fan_in_aggregation,fan_in_aggregation: one of 4 accounts feeding a common recipient within 400min
ACC001554,15,fan_in_aggregation,fan_in_aggregation: one of 4 accounts feeding a common recipient within 400min
ACC004412,15,fan_in_aggregation,fan_in_aggregation: one of 4 accounts feeding a common recipient within 400min | fan_in_aggregation: one of 4 accounts feeding a common recipient within 400min
ACC001690,15,fan_in_aggregation,fan_in_aggregation: one of 4 accounts feeding a common recipient within 400min
ACC000775,15,fan_in_aggregation,fan_in_aggregation: one of 4 accounts feeding a common recipient within 400min
ACC002968,15,fan_in_aggregation,fan_in_aggregation: one of 4 accounts feeding a common recipient within 400min
ACC003049,15,fan_in_aggregation,fan_in_aggregation: one of 4 accounts feeding a common recipient within 400min
ACC000552,15,fan_in_aggregation,fan_in_aggregation: one of 4 accounts feeding a common recipient within 400min
ACC000378,15,fan_in_aggregation,fan_in_aggregation: one of 4 accounts feeding a common recipient within 400min
ACC003358,15,fan_in_aggregation,fan_in_aggregation: one of 4 accounts feeding a common recipient within 400min
ACC002839,15,fan_in_aggregation,fan_in_aggregation: one of 4 accounts feeding a common recipient within 400min
ACC003318,15,fan_in_aggregation,fan_in_aggregation: one of 4 accounts feeding a common recipient within 400min
ACC003296,15,fan_in_aggregation,fan_in_aggregation: one of 4 accounts feeding a common recipient within 400min
ACC003812,15,fan_in_aggregation,fan_in_aggregation: one of 4 accounts feeding a common recipient within 400min
ACC001084,15,fan_in_aggregation,fan_in_aggregation: one of 4 accounts feeding a common recipient within 400min
ACC004253,15,fan_in_aggregation,fan_in_aggregation: one of 4 accounts feeding a common recipient within 400min
ACC001108,15,fan_in_aggregation,fan_in_aggregation: one of 4 accounts feeding a common recipient within 400min
ACC003897,15,fan_in_aggregation,fan_in_aggregation: one of 5 accounts feeding a common recipient within 400min
ACC004878,15,fan_in_aggregation,fan_in_aggregation: one of 5 accounts feeding a common recipient within 400min
ACC001382,15,fan_in_aggregation,fan_in_aggregation: one of 5 accounts feeding a common recipient within 400min
ACC001212,15,fan_in_aggregation,fan_in_aggregation: one of 5 accounts feeding a common recipient within 400min | fan_in_aggregation: one of 4 accounts feeding a common recipient within 400min
ACC000255,15,fan_in_aggregation,fan_in_aggregation: one of 4 accounts feeding a common recipient within 400min | fan_in_aggregation: one of 4 accounts feeding a common recipient within 400min | fan_in_aggregation: one of 4 accounts feeding a common recipient within 400min
ACC002611,15,fan_in_aggregation,fan_in_aggregation: one of 4 accounts feeding a common recipient within 400min
ACC003693,15,fan_in_aggregation,fan_in_aggregation: one of 4 accounts feeding a common recipient within 400min
ACC004861,15,fan_in_aggregation,fan_in_aggregation: one of 4 accounts feeding a common recipient within 400min
ACC001971,15,fan_in_aggregation,fan_in_aggregation: one of 4 accounts feeding a common recipient within 400min
ACC000571,15,fan_in_aggregation,fan_in_aggregation: one of 4 accounts feeding a common recipient within 400min
ACC003609,15,fan_in_aggregation,fan_in_aggregation: one of 4 accounts feeding a common recipient within 400min | fan_in_aggregation: one of 5 accounts feeding a common recipient within 400min
ACC004407,15,fan_in_aggregation,fan_in_aggregation: one of 4 accounts feeding a common recipient within 400min
ACC000333,15,fan_in_aggregation,fan_in_aggregation: one of 4 accounts feeding a common recipient within 400min
ACC002564,15,fan_in_aggregation,fan_in_aggregation: one of 4 accounts feeding a common recipient within 400min
ACC003792,15,fan_in_aggregation,fan_in_aggregation: one of 4 accounts feeding a common recipient within 400min
ACC003891,15,fan_in_aggregation,fan_in_aggregation: one of 4 accounts feeding a common recipient within 400min | fan_in_aggregation: one of 4 accounts feeding a common recipient within 400min
ACC000655,15,fan_in_aggregation,fan_in_aggregation: one of 4 accounts feeding a common recipient within 400min
ACC001284,15,fan_in_aggregation,fan_in_aggregation: one of 4 accounts feeding a common recipient within 400min
ACC001302,15,fan_in_aggregation,fan_in_aggregation: one of 4 accounts feeding a common recipient within 400min | fan_in_aggregation: one of 5 accounts feeding a common recipient within 400min
ACC001088,15,fan_in_aggregation,fan_in_aggregation: one of 4 accounts feeding a common recipient within 400min
ACC001133,15,fan_in_aggregation,fan_in_aggregation: one of 4 accounts feeding a common recipient within 400min
ACC004527,15,fan_in_aggregation,fan_in_aggregation: one of 5 accounts feeding a common recipient within 400min
ACC002730,15,fan_in_aggregation,fan_in_aggregation: one of 4 accounts feeding a common recipient within 400min
ACC002033,15,fan_in_aggregation,fan_in_aggregation: one of 4 accounts feeding a common recipient within 400min
ACC002163,15,fan_in_aggregation,fan_in_aggregation: one of 4 accounts feeding a common recipient within 400min
ACC002697,15,fan_in_aggregation,fan_in_aggregation: one of 4 accounts feeding a common recipient within 400min
ACC000113,15,fan_in_aggregation,fan_in_aggregation: one of 4 accounts feeding a common recipient within 400min
ACC003039,15,fan_in_aggregation,fan_in_aggregation: one of 4 accounts feeding a common recipient within 400min
ACC003674,15,fan_in_aggregation,fan_in_aggregation: one of 4 accounts feeding a common recipient within 400min
ACC001239,15,fan_in_aggregation,fan_in_aggregation: one of 4 accounts feeding a common recipient within 400min
ACC003084,15,fan_in_aggregation,fan_in_aggregation: one of 4 accounts feeding a common recipient within 400min
ACC000566,15,fan_in_aggregation,fan_in_aggregation: one of 4 accounts feeding a common recipient within 400min
ACC000303,15,fan_in_aggregation,fan_in_aggregation: one of 4 accounts feeding a common recipient within 400min
ACC003621,15,fan_in_aggregation,fan_in_aggregation: one of 4 accounts feeding a common recipient within 400min
ACC003876,15,fan_in_aggregation,fan_in_aggregation: one of 4 accounts feeding a common recipient within 400min
ACC004320,15,fan_in_aggregation,fan_in_aggregation: one of 4 accounts feeding a common recipient within 400min
ACC004418,15,fan_in_aggregation,fan_in_aggregation: one of 4 accounts feeding a common recipient within 400min
ACC001524,15,fan_in_aggregation,fan_in_aggregation: one of 4 accounts feeding a common recipient within 400min
ACC001440,15,fan_in_aggregation,fan_in_aggregation: one of 4 accounts feeding a common recipient within 400min | fan_in_aggregation: one of 4 accounts feeding a common recipient within 400min
ACC003547,15,fan_in_aggregation,fan_in_aggregation: one of 4 accounts feeding a common recipient within 400min | fan_in_aggregation: one of 4 accounts feeding a common recipient within 400min | fan_in_aggregation: one of 4 accounts feeding a common recipient within 400min
ACC002938,15,fan_in_aggregation,fan_in_aggregation: one of 4 accounts feeding a common recipient within 400min
ACC003407,15,fan_in_aggregation,fan_in_aggregation: one of 4 accounts feeding a common recipient within 400min
ACC000770,15,fan_in_aggregation,fan_in_aggregation: one of 4 accounts feeding a common recipient within 400min
ACC000393,15,fan_in_aggregation,fan_in_aggregation: one of 4 accounts feeding a common recipient within 400min | fan_in_aggregation: one of 6 accounts feeding a common recipient within 400min
ACC002932,15,fan_in_aggregation,fan_in_aggregation: one of 4 accounts feeding a common recipient within 400min
ACC000359,15,fan_in_aggregation,fan_in_aggregation: one of 4 accounts feeding a common recipient within 400min
ACC002860,15,fan_in_aggregation,fan_in_aggregation: one of 5 accounts feeding a common recipient within 400min
ACC002310,15,fan_in_aggregation,fan_in_aggregation: one of 5 accounts feeding a common recipient within 400min
ACC000879,15,fan_in_aggregation,fan_in_aggregation: one of 5 accounts feeding a common recipient within 400min
ACC003475,15,fan_in_aggregation,fan_in_aggregation: one of 5 accounts feeding a common recipient within 400min
ACC004012,15,fan_in_aggregation,fan_in_aggregation: one of 4 accounts feeding a common recipient within 400min
ACC000270,15,fan_in_aggregation,fan_in_aggregation: one of 4 accounts feeding a common recipient within 400min
ACC004647,15,fan_in_aggregation,fan_in_aggregation: one of 4 accounts feeding a common recipient within 400min | fan_in_aggregation: one of 4 accounts feeding a common recipient within 400min
ACC000274,15,fan_in_aggregation,fan_in_aggregation: one of 4 accounts feeding a common recipient within 400min
ACC003542,15,fan_in_aggregation,fan_in_aggregation: one of 4 accounts feeding a common recipient within 400min | fan_in_aggregation: one of 4 accounts feeding a common recipient within 400min
ACC003690,15,fan_in_aggregation,fan_in_aggregation: one of 4 accounts feeding a common recipient within 400min | fan_in_aggregation: one of 4 accounts feeding a common recipient within 400min | fan_in_aggregation: one of 5 accounts feeding a common recipient within 400min
ACC000468,15,fan_in_aggregation,fan_in_aggregation: one of 4 accounts feeding a common recipient within 400min
ACC000062,15,fan_in_aggregation,fan_in_aggregation: one of 4 accounts feeding a common recipient within 400min | fan_in_aggregation: one of 4 accounts feeding a common recipient within 400min
ACC001450,15,fan_in_aggregation,fan_in_aggregation: one of 4 accounts feeding a common recipient within 400min | fan_in_aggregation: one of 4 accounts feeding a common recipient within 400min | fan_in_aggregation: one of 4 accounts feeding a common recipient within 400min
ACC003567,15,fan_in_aggregation,fan_in_aggregation: one of 4 accounts feeding a common recipient within 400min
ACC003412,15,fan_in_aggregation,fan_in_aggregation: one of 4 accounts feeding a common recipient within 400min
ACC000668,15,fan_in_aggregation,fan_in_aggregation: one of 4 accounts feeding a common recipient within 400min
ACC000257,15,fan_in_aggregation,fan_in_aggregation: one of 4 accounts feeding a common recipient within 400min
ACC001023,15,fan_in_aggregation,fan_in_aggregation: one of 4 accounts feeding a common recipient within 400min
ACC004296,15,fan_in_aggregation,fan_in_aggregation: one of 4 accounts feeding a common recipient within 400min
ACC000829,15,fan_in_aggregation,fan_in_aggregation: one of 4 accounts feeding a common recipient within 400min
ACC004539,15,fan_in_aggregation,fan_in_aggregation: one of 4 accounts feeding a common recipient within 400min | fan_in_aggregation: one of 4 accounts feeding a common recipient within 400min
ACC003307,15,fan_in_aggregation,fan_in_aggregation: one of 4 accounts feeding a common recipient within 400min
ACC003599,15,fan_in_aggregation,fan_in_aggregation: one of 4 accounts feeding a common recipient within 400min
ACC000767,15,fan_in_aggregation,fan_in_aggregation: one of 4 accounts feeding a common recipient within 400min
ACC002720,15,fan_in_aggregation,fan_in_aggregation: one of 4 accounts feeding a common recipient within 400min | fan_in_aggregation: one of 4 accounts feeding a common recipient within 400min | fan_in_aggregation: one of 4 accounts feeding a common recipient within 400min
ACC002169,15,fan_in_aggregation,fan_in_aggregation: one of 4 accounts feeding a common recipient within 400min
ACC000917,15,fan_in_aggregation,fan_in_aggregation: one of 4 accounts feeding a common recipient within 400min
ACC000353,15,fan_in_aggregation,fan_in_aggregation: one of 4 accounts feeding a common recipient within 400min
ACC004970,15,fan_in_aggregation,fan_in_aggregation: one of 4 accounts feeding a common recipient within 400min
ACC000156,15,fan_in_aggregation,fan_in_aggregation: one of 4 accounts feeding a common recipient within 400min
ACC002302,15,fan_in_aggregation,fan_in_aggregation: one of 6 accounts feeding a common recipient within 400min
ACC002072,15,fan_in_aggregation,fan_in_aggregation: one of 6 accounts feeding a common recipient within 400min
ACC003981,15,fan_in_aggregation,fan_in_aggregation: one of 4 accounts feeding a common recipient within 400min
ACC004907,15,fan_in_aggregation,fan_in_aggregation: one of 4 accounts feeding a common recipient within 400min
ACC001682,15,fan_in_aggregation,fan_in_aggregation: one of 4 accounts feeding a common recipient within 400min
ACC000173,15,fan_in_aggregation,fan_in_aggregation: one of 5 accounts feeding a common recipient within 400min
ACC001429,15,fan_in_aggregation,fan_in_aggregation: one of 5 accounts feeding a common recipient within 400min
ACC001812,15,fan_in_aggregation,fan_in_aggregation: one of 4 accounts feeding a common recipient within 400min | fan_in_aggregation: one of 5 accounts feeding a common recipient within 400min
ACC001859,15,fan_in_aggregation,fan_in_aggregation: one of 4 accounts feeding a common recipient within 400min
ACC000751,15,fan_in_aggregation,fan_in_aggregation: one of 4 accounts feeding a common recipient within 400min
ACC000539,15,fan_in_aggregation,fan_in_aggregation: one of 4 accounts feeding a common recipient within 400min
ACC004872,15,fan_in_aggregation,fan_in_aggregation: one of 4 accounts feeding a common recipient within 400min | fan_in_aggregation: one of 4 accounts feeding a common recipient within 400min | fan_in_aggregation: one of 4 accounts feeding a common recipient within 400min
ACC000681,15,fan_in_aggregation,fan_in_aggregation: one of 4 accounts feeding a common recipient within 400min
ACC000725,15,fan_in_aggregation,fan_in_aggregation: one of 4 accounts feeding a common recipient within 400min | fan_in_aggregation: one of 4 accounts feeding a common recipient within 400min
ACC004555,15,fan_in_aggregation,fan_in_aggregation: one of 4 accounts feeding a common recipient within 400min
ACC002062,15,fan_in_aggregation,fan_in_aggregation: one of 4 accounts feeding a common recipient within 400min
ACC002835,15,fan_in_aggregation,fan_in_aggregation: one of 4 accounts feeding a common recipient within 400min
ACC003883,15,fan_in_aggregation,fan_in_aggregation: one of 4 accounts feeding a common recipient within 400min
ACC003380,15,fan_in_aggregation,fan_in_aggregation: one of 4 accounts feeding a common recipient within 400min | fan_in_aggregation: one of 6 accounts feeding a common recipient within 400min
ACC002871,15,fan_in_aggregation,fan_in_aggregation: one of 4 accounts feeding a common recipient within 400min | fan_in_aggregation: one of 4 accounts feeding a common recipient within 400min
ACC001913,15,fan_in_aggregation,fan_in_aggregation: one of 4 accounts feeding a common recipient within 400min
ACC001570,15,fan_in_aggregation,fan_in_aggregation: one of 5 accounts feeding a common recipient within 400min
ACC001569,15,fan_in_aggregation,fan_in_aggregation: one of 5 accounts feeding a common recipient within 400min
ACC004704,15,fan_in_aggregation,fan_in_aggregation: one of 5 accounts feeding a common recipient within 400min
ACC004202,15,fan_in_aggregation,fan_in_aggregation: one of 4 accounts feeding a common recipient within 400min
ACC000065,15,fan_in_aggregation,fan_in_aggregation: one of 4 accounts feeding a common recipient within 400min | fan_in_aggregation: one of 5 accounts feeding a common recipient within 400min | fan_in_aggregation: one of 4 accounts feeding a common recipient within 400min
ACC002986,15,fan_in_aggregation,fan_in_aggregation: one of 4 accounts feeding a common recipient within 400min | fan_in_aggregation: one of 4 accounts feeding a common recipient within 400min
ACC003217,15,fan_in_aggregation,fan_in_aggregation: one of 4 accounts feeding a common recipient within 400min
ACC002665,15,fan_in_aggregation,fan_in_aggregation: one of 4 accounts feeding a common recipient within 400min
ACC000318,15,fan_in_aggregation,fan_in_aggregation: one of 4 accounts feeding a common recipient within 400min
ACC000741,15,fan_in_aggregation,fan_in_aggregation: one of 4 accounts feeding a common recipient within 400min | fan_in_aggregation: one of 4 accounts feeding a common recipient within 400min
ACC002428,15,fan_in_aggregation,fan_in_aggregation: one of 4 accounts feeding a common recipient within 400min
ACC001873,15,fan_in_aggregation,fan_in_aggregation: one of 4 accounts feeding a common recipient within 400min
ACC004796,15,fan_in_aggregation,fan_in_aggregation: one of 4 accounts feeding a common recipient within 400min
ACC002258,15,fan_in_aggregation,fan_in_aggregation: one of 4 accounts feeding a common recipient within 400min
ACC000603,15,fan_in_aggregation,fan_in_aggregation: one of 4 accounts feeding a common recipient within 400min
ACC002285,15,fan_in_aggregation,fan_in_aggregation: one of 4 accounts feeding a common recipient within 400min
ACC002949,15,fan_in_aggregation,fan_in_aggregation: one of 6 accounts feeding a common recipient within 400min
ACC004318,15,fan_in_aggregation,fan_in_aggregation: one of 4 accounts feeding a common recipient within 400min
ACC003704,15,fan_in_aggregation,fan_in_aggregation: one of 4 accounts feeding a common recipient within 400min
ACC000017,15,fan_in_aggregation,fan_in_aggregation: one of 4 accounts feeding a common recipient within 400min
ACC000705,15,fan_in_aggregation,fan_in_aggregation: one of 4 accounts feeding a common recipient within 400min
ACC001170,15,fan_in_aggregation,fan_in_aggregation: one of 6 accounts feeding a common recipient within 400min
ACC001534,15,fan_in_aggregation,fan_in_aggregation: one of 6 accounts feeding a common recipient within 400min
ACC004430,15,fan_in_aggregation,fan_in_aggregation: one of 6 accounts feeding a common recipient within 400min
ACC002325,15,fan_in_aggregation,fan_in_aggregation: one of 6 accounts feeding a common recipient within 400min
ACC003986,15,fan_in_aggregation,fan_in_aggregation: one of 6 accounts feeding a common recipient within 400min
ACC003075,15,fan_in_aggregation,fan_in_aggregation: one of 4 accounts feeding a common recipient within 400min
ACC001865,15,fan_in_aggregation,fan_in_aggregation: one of 4 accounts feeding a common recipient within 400min
ACC003584,15,fan_in_aggregation,fan_in_aggregation: one of 4 accounts feeding a common recipient within 400min
ACC003447,15,fan_in_aggregation,fan_in_aggregation: one of 5 accounts feeding a common recipient within 400min | fan_in_aggregation: one of 4 accounts feeding a common recipient within 400min
ACC004478,15,fan_in_aggregation,fan_in_aggregation: one of 5 accounts feeding a common recipient within 400min
ACC004301,15,fan_in_aggregation,fan_in_aggregation: one of 5 accounts feeding a common recipient within 400min
ACC000982,15,fan_in_aggregation,fan_in_aggregation: one of 5 accounts feeding a common recipient within 400min
ACC004141,15,fan_in_aggregation,fan_in_aggregation: one of 4 accounts feeding a common recipient within 400min
ACC004572,15,fan_in_aggregation,fan_in_aggregation: one of 4 accounts feeding a common recipient within 400min
ACC001745,15,fan_in_aggregation,fan_in_aggregation: one of 4 accounts feeding a common recipient within 400min
ACC004356,15,fan_in_aggregation,fan_in_aggregation: one of 4 accounts feeding a common recipient within 400min
ACC001874,15,fan_in_aggregation,fan_in_aggregation: one of 4 accounts feeding a common recipient within 400min
ACC004517,15,fan_in_aggregation,fan_in_aggregation: one of 4 accounts feeding a common recipient within 400min
ACC003594,15,fan_in_aggregation,fan_in_aggregation: one of 4 accounts feeding a common recipient within 400min
ACC003680,15,fan_in_aggregation,fan_in_aggregation: one of 4 accounts feeding a common recipient within 400min
ACC003389,15,fan_in_aggregation,fan_in_aggregation: one of 4 accounts feeding a common recipient within 400min
ACC002864,15,fan_in_aggregation,fan_in_aggregation: one of 4 accounts feeding a common recipient within 400min
ACC002630,15,fan_in_aggregation,fan_in_aggregation: one of 4 accounts feeding a common recipient within 400min
ACC002398,15,fan_in_aggregation,fan_in_aggregation: one of 4 accounts feeding a common recipient within 400min
ACC002516,15,fan_in_aggregation,fan_in_aggregation: one of 4 accounts feeding a common recipient within 400min
ACC001466,15,fan_in_aggregation,fan_in_aggregation: one of 5 accounts feeding a common recipient within 400min
ACC004657,15,fan_in_aggregation,fan_in_aggregation: one of 5 accounts feeding a common recipient within 400min
ACC002031,15,fan_in_aggregation,fan_in_aggregation: one of 5 accounts feeding a common recipient within 400min
ACC000284,15,fan_in_aggregation,fan_in_aggregation: one of 5 accounts feeding a common recipient within 400min
ACC004323,15,fan_in_aggregation,fan_in_aggregation: one of 5 accounts feeding a common recipient within 400min
ACC003583,15,fan_in_aggregation,fan_in_aggregation: one of 6 accounts feeding a common recipient within 400min
ACC002801,15,fan_in_aggregation,fan_in_aggregation: one of 6 accounts feeding a common recipient within 400min
ACC000604,15,fan_in_aggregation,fan_in_aggregation: one of 6 accounts feeding a common recipient within 400min
ACC004602,15,fan_in_aggregation,fan_in_aggregation: one of 5 accounts feeding a common recipient within 400min
ACC001180,15,fan_in_aggregation,fan_in_aggregation: one of 4 accounts feeding a common recipient within 400min
ACC001441,15,fan_in_aggregation,fan_in_aggregation: one of 5 accounts feeding a common recipient within 400min
ACC001274,15,fan_in_aggregation,fan_in_aggregation: one of 5 accounts feeding a common recipient within 400min
ACC004083,15,fan_in_aggregation,fan_in_aggregation: one of 4 accounts feeding a common recipient within 400min
ACC003914,15,fan_in_aggregation,fan_in_aggregation: one of 4 accounts feeding a common recipient within 400min
ACC002723,15,fan_in_aggregation,fan_in_aggregation: one of 4 accounts feeding a common recipient within 400min
ACC000692,15,fan_in_aggregation,fan_in_aggregation: one of 4 accounts feeding a common recipient within 400min | fan_in_aggregation: one of 4 accounts feeding a common recipient within 400min
ACC003181,15,fan_in_aggregation,fan_in_aggregation: one of 4 accounts feeding a common recipient within 400min
ACC001917,15,fan_in_aggregation,fan_in_aggregation: one of 4 accounts feeding a common recipient within 400min | fan_in_aggregation: one of 5 accounts feeding a common recipient within 400min
ACC002883,15,fan_in_aggregation,fan_in_aggregation: one of 4 accounts feeding a common recipient within 400min
ACC001102,15,fan_in_aggregation,fan_in_aggregation: one of 4 accounts feeding a common recipient within 400min
ACC001550,15,fan_in_aggregation,fan_in_aggregation: one of 4 accounts feeding a common recipient within 400min
ACC003672,15,fan_in_aggregation,fan_in_aggregation: one of 4 accounts feeding a common recipient within 400min
ACC003452,15,fan_in_aggregation,fan_in_aggregation: one of 4 accounts feeding a common recipient within 400min
ACC002534,15,fan_in_aggregation,fan_in_aggregation: one of 4 accounts feeding a common recipient within 400min
ACC003192,15,fan_in_aggregation,fan_in_aggregation: one of 4 accounts feeding a common recipient within 400min
ACC001884,15,fan_in_aggregation,fan_in_aggregation: one of 4 accounts feeding a common recipient within 400min
ACC004371,15,fan_in_aggregation,fan_in_aggregation: one of 4 accounts feeding a common recipient within 400min
ACC002622,15,fan_in_aggregation,fan_in_aggregation: one of 4 accounts feeding a common recipient within 400min
ACC003681,15,fan_in_aggregation,fan_in_aggregation: one of 4 accounts feeding a common recipient within 400min
ACC002426,15,fan_in_aggregation,fan_in_aggregation: one of 4 accounts feeding a common recipient within 400min
ACC001782,15,fan_in_aggregation,fan_in_aggregation: one of 4 accounts feeding a common recipient within 400min
ACC001520,15,fan_in_aggregation,fan_in_aggregation: one of 4 accounts feeding a common recipient within 400min
ACC002273,15,fan_in_aggregation,fan_in_aggregation: one of 4 accounts feeding a common recipient within 400min
ACC003115,15,fan_in_aggregation,fan_in_aggregation: one of 4 accounts feeding a common recipient within 400min
ACC003842,15,fan_in_aggregation,fan_in_aggregation: one of 4 accounts feeding a common recipient within 400min
ACC001374,15,fan_in_aggregation,fan_in_aggregation: one of 4 accounts feeding a common recipient within 400min
ACC000344,15,fan_in_aggregation,fan_in_aggregation: one of 4 accounts feeding a common recipient within 400min | fan_in_aggregation: one of 4 accounts feeding a common recipient within 400min
ACC001588,15,fan_in_aggregation,fan_in_aggregation: one of 4 accounts feeding a common recipient within 400min
ACC001616,15,fan_in_aggregation,fan_in_aggregation: one of 4 accounts feeding a common recipient within 400min
ACC004630,15,fan_in_aggregation,fan_in_aggregation: one of 4 accounts feeding a common recipient within 400min
ACC004582,15,fan_in_aggregation,fan_in_aggregation: one of 4 accounts feeding a common recipient within 400min
ACC002713,15,fan_in_aggregation,fan_in_aggregation: one of 4 accounts feeding a common recipient within 400min
ACC001202,15,fan_in_aggregation,fan_in_aggregation: one of 5 accounts feeding a common recipient within 400min | fan_in_aggregation: one of 6 accounts feeding a common recipient within 400min
ACC003895,15,fan_in_aggregation,fan_in_aggregation: one of 5 accounts feeding a common recipient within 400min
ACC000734,15,fan_in_aggregation,fan_in_aggregation: one of 5 accounts feeding a common recipient within 400min
ACC003601,15,fan_in_aggregation,fan_in_aggregation: one of 5 accounts feeding a common recipient within 400min
ACC001977,15,fan_in_aggregation,fan_in_aggregation: one of 4 accounts feeding a common recipient within 400min
ACC001246,15,fan_in_aggregation,fan_in_aggregation: one of 4 accounts feeding a common recipient within 400min | fan_in_aggregation: one of 4 accounts feeding a common recipient within 400min
ACC001225,15,fan_in_aggregation,fan_in_aggregation: one of 4 accounts feeding a common recipient within 400min
ACC000547,15,fan_in_aggregation,fan_in_aggregation: one of 4 accounts feeding a common recipient within 400min
ACC001563,15,fan_in_aggregation,fan_in_aggregation: one of 4 accounts feeding a common recipient within 400min
ACC003724,15,fan_in_aggregation,fan_in_aggregation: one of 4 accounts feeding a common recipient within 400min
ACC000301,15,fan_in_aggregation,fan_in_aggregation: one of 4 accounts feeding a common recipient within 400min
ACC002855,15,fan_in_aggregation,fan_in_aggregation: one of 4 accounts feeding a common recipient within 400min
ACC003264,15,fan_in_aggregation,fan_in_aggregation: one of 4 accounts feeding a common recipient within 400min
ACC001085,15,fan_in_aggregation,fan_in_aggregation: one of 4 accounts feeding a common recipient within 400min
ACC003269,15,fan_in_aggregation,fan_in_aggregation: one of 4 accounts feeding a common recipient within 400min
ACC000510,15,fan_in_aggregation,fan_in_aggregation: one of 4 accounts feeding a common recipient within 400min
ACC001979,15,fan_in_aggregation,fan_in_aggregation: one of 4 accounts feeding a common recipient within 400min
ACC002585,15,fan_in_aggregation,fan_in_aggregation: one of 4 accounts feeding a common recipient within 400min
ACC004953,15,fan_in_aggregation,fan_in_aggregation: one of 4 accounts feeding a common recipient within 400min
ACC002600,15,fan_in_aggregation,fan_in_aggregation: one of 4 accounts feeding a common recipient within 400min
ACC000825,15,fan_in_aggregation,fan_in_aggregation: one of 4 accounts feeding a common recipient within 400min
ACC004304,15,fan_in_aggregation,fan_in_aggregation: one of 5 accounts feeding a common recipient within 400min | fan_in_aggregation: one of 5 accounts feeding a common recipient within 400min
ACC001160,15,fan_in_aggregation,fan_in_aggregation: one of 4 accounts feeding a common recipient within 400min
ACC000720,15,fan_in_aggregation,fan_in_aggregation: one of 4 accounts feeding a common recipient within 400min
ACC002186,15,fan_in_aggregation,fan_in_aggregation: one of 4 accounts feeding a common recipient within 400min
ACC000012,15,fan_in_aggregation,fan_in_aggregation: one of 4 accounts feeding a common recipient within 400min
ACC003565,15,fan_in_aggregation,fan_in_aggregation: one of 4 accounts feeding a common recipient within 400min | fan_in_aggregation: one of 5 accounts feeding a common recipient within 400min
ACC004070,15,fan_in_aggregation,fan_in_aggregation: one of 4 accounts feeding a common recipient within 400min
ACC003111,15,fan_in_aggregation,fan_in_aggregation: one of 4 accounts feeding a common recipient within 400min | fan_in_aggregation: one of 4 accounts feeding a common recipient within 400min
ACC002503,15,fan_in_aggregation,fan_in_aggregation: one of 4 accounts feeding a common recipient within 400min
ACC003362,15,fan_in_aggregation,fan_in_aggregation: one of 4 accounts feeding a common recipient within 400min
ACC003003,15,fan_in_aggregation,fan_in_aggregation: one of 4 accounts feeding a common recipient within 400min
ACC001370,15,fan_in_aggregation,fan_in_aggregation: one of 4 accounts feeding a common recipient within 400min
ACC004044,15,fan_in_aggregation,fan_in_aggregation: one of 4 accounts feeding a common recipient within 400min
ACC003189,15,fan_in_aggregation,fan_in_aggregation: one of 4 accounts feeding a common recipient within 400min
ACC000035,15,fan_in_aggregation,fan_in_aggregation: one of 4 accounts feeding a common recipient within 400min
ACC002410,15,fan_in_aggregation,fan_in_aggregation: one of 4 accounts feeding a common recipient within 400min
ACC002892,15,fan_in_aggregation,fan_in_aggregation: one of 4 accounts feeding a common recipient within 400min
ACC002120,15,fan_in_aggregation,fan_in_aggregation: one of 4 accounts feeding a common recipient within 400min
ACC000426,15,fan_in_aggregation,fan_in_aggregation: one of 4 accounts feeding a common recipient within 400min
ACC001633,15,fan_in_aggregation,fan_in_aggregation: one of 4 accounts feeding a common recipient within 400min
ACC001373,15,fan_in_aggregation,fan_in_aggregation: one of 4 accounts feeding a common recipient within 400min
ACC001313,15,fan_in_aggregation,fan_in_aggregation: one of 4 accounts feeding a common recipient within 400min
ACC003637,15,fan_in_aggregation,fan_in_aggregation: one of 4 accounts feeding a common recipient within 400min
ACC002656,15,fan_in_aggregation,fan_in_aggregation: one of 4 accounts feeding a common recipient within 400min
ACC003946,15,fan_in_aggregation,fan_in_aggregation: one of 4 accounts feeding a common recipient within 400min
ACC002729,15,fan_in_aggregation,fan_in_aggregation: one of 4 accounts feeding a common recipient within 400min
ACC000115,15,fan_in_aggregation,fan_in_aggregation: one of 4 accounts feeding a common recipient within 400min
ACC000019,15,fan_in_aggregation,fan_in_aggregation: one of 5 accounts feeding a common recipient within 400min
ACC003773,15,fan_in_aggregation,fan_in_aggregation: one of 5 accounts feeding a common recipient within 400min | fan_in_aggregation: one of 4 accounts feeding a common recipient within 400min
ACC002375,15,fan_in_aggregation,fan_in_aggregation: one of 5 accounts feeding a common recipient within 400min
ACC001420,15,fan_in_aggregation,fan_in_aggregation: one of 4 accounts feeding a common recipient within 400min
ACC003996,15,fan_in_aggregation,fan_in_aggregation: one of 4 accounts feeding a common recipient within 400min
ACC003924,15,fan_in_aggregation,fan_in_aggregation: one of 4 accounts feeding a common recipient within 400min
ACC003132,15,fan_in_aggregation,fan_in_aggregation: one of 4 accounts feeding a common recipient within 400min
ACC002914,15,fan_in_aggregation,fan_in_aggregation: one of 4 accounts feeding a common recipient within 400min
ACC002389,15,fan_in_aggregation,fan_in_aggregation: one of 4 accounts feeding a common recipient within 400min
ACC002841,15,fan_in_aggregation,fan_in_aggregation: one of 4 accounts feeding a common recipient within 400min
ACC002373,15,fan_in_aggregation,fan_in_aggregation: one of 5 accounts feeding a common recipient within 400min | fan_in_aggregation: one of 4 accounts feeding a common recipient within 400min
ACC002482,15,fan_in_aggregation,fan_in_aggregation: one of 5 accounts feeding a common recipient within 400min | fan_in_aggregation: one of 5 accounts feeding a common recipient within 400min
ACC004830,15,fan_in_aggregation,fan_in_aggregation: one of 5 accounts feeding a common recipient within 400min | fan_in_aggregation: one of 4 accounts feeding a common recipient within 400min
ACC001410,15,fan_in_aggregation,fan_in_aggregation: one of 5 accounts feeding a common recipient within 400min
ACC004087,15,fan_in_aggregation,fan_in_aggregation: one of 4 accounts feeding a common recipient within 400min
ACC000307,15,fan_in_aggregation,fan_in_aggregation: one of 4 accounts feeding a common recipient within 400min
ACC002225,15,fan_in_aggregation,fan_in_aggregation: one of 4 accounts feeding a common recipient within 400min
ACC003303,15,fan_in_aggregation,fan_in_aggregation: one of 4 accounts feeding a common recipient within 400min
ACC004060,15,fan_in_aggregation,fan_in_aggregation: one of 4 accounts feeding a common recipient within 400min
ACC001509,15,fan_in_aggregation,fan_in_aggregation: one of 4 accounts feeding a common recipient within 400min
ACC004362,15,fan_in_aggregation,fan_in_aggregation: one of 4 accounts feeding a common recipient within 400min
ACC002106,15,fan_in_aggregation,fan_in_aggregation: one of 5 accounts feeding a common recipient within 400min
ACC000709,15,fan_in_aggregation,fan_in_aggregation: one of 5 accounts feeding a common recipient within 400min
ACC001176,15,fan_in_aggregation,fan_in_aggregation: one of 5 accounts feeding a common recipient within 400min
ACC001927,15,fan_in_aggregation,fan_in_aggregation: one of 5 accounts feeding a common recipient within 400min | fan_in_aggregation: one of 4 accounts feeding a common recipient within 400min
ACC001590,15,fan_in_aggregation,fan_in_aggregation: one of 5 accounts feeding a common recipient within 400min
ACC000850,15,fan_in_aggregation,fan_in_aggregation: one of 4 accounts feeding a common recipient within 400min
ACC002617,15,fan_in_aggregation,fan_in_aggregation: one of 4 accounts feeding a common recipient within 400min
ACC002141,15,fan_in_aggregation,fan_in_aggregation: one of 4 accounts feeding a common recipient within 400min
ACC000135,15,fan_in_aggregation,fan_in_aggregation: one of 4 accounts feeding a common recipient within 400min
ACC002507,15,fan_in_aggregation,fan_in_aggregation: one of 4 accounts feeding a common recipient within 400min | fan_in_aggregation: one of 4 accounts feeding a common recipient within 400min
ACC000685,15,fan_in_aggregation,fan_in_aggregation: one of 4 accounts feeding a common recipient within 400min
ACC001714,15,fan_in_aggregation,fan_in_aggregation: one of 4 accounts feeding a common recipient within 400min
ACC003409,15,fan_in_aggregation,fan_in_aggregation: one of 4 accounts feeding a common recipient within 400min
ACC002391,15,fan_in_aggregation,fan_in_aggregation: one of 4 accounts feeding a common recipient within 400min
ACC004894,15,fan_in_aggregation,fan_in_aggregation: one of 4 accounts feeding a common recipient within 400min
ACC004536,15,fan_in_aggregation,fan_in_aggregation: one of 4 accounts feeding a common recipient within 400min
ACC001131,15,fan_in_aggregation,fan_in_aggregation: one of 4 accounts feeding a common recipient within 400min
ACC002511,15,fan_in_aggregation,fan_in_aggregation: one of 4 accounts feeding a common recipient within 400min
ACC000913,15,fan_in_aggregation,fan_in_aggregation: one of 4 accounts feeding a common recipient within 400min
ACC004900,15,fan_in_aggregation,fan_in_aggregation: one of 4 accounts feeding a common recipient within 400min
ACC004579,15,fan_in_aggregation,fan_in_aggregation: one of 4 accounts feeding a common recipient within 400min
ACC003357,15,fan_in_aggregation,fan_in_aggregation: one of 4 accounts feeding a common recipient within 400min
ACC004277,15,fan_in_aggregation,fan_in_aggregation: one of 4 accounts feeding a common recipient within 400min
ACC000042,15,fan_in_aggregation,fan_in_aggregation: one of 4 accounts feeding a common recipient within 400min | fan_in_aggregation: one of 5 accounts feeding a common recipient within 400min
ACC004189,15,fan_in_aggregation,fan_in_aggregation: one of 4 accounts feeding a common recipient within 400min
ACC001105,15,fan_in_aggregation,fan_in_aggregation: one of 4 accounts feeding a common recipient within 400min
ACC003715,15,fan_in_aggregation,fan_in_aggregation: one of 5 accounts feeding a common recipient within 400min
ACC004849,15,fan_in_aggregation,fan_in_aggregation: one of 5 accounts feeding a common recipient within 400min | fan_in_aggregation: one of 4 accounts feeding a common recipient within 400min
ACC004107,15,fan_in_aggregation,fan_in_aggregation: one of 5 accounts feeding a common recipient within 400min
ACC002348,15,fan_in_aggregation,fan_in_aggregation: one of 4 accounts feeding a common recipient within 400min
ACC002431,15,fan_in_aggregation,fan_in_aggregation: one of 4 accounts feeding a common recipient within 400min
ACC003417,15,fan_in_aggregation,fan_in_aggregation: one of 4 accounts feeding a common recipient within 400min
ACC001346,15,fan_in_aggregation,fan_in_aggregation: one of 5 accounts feeding a common recipient within 400min
ACC001605,15,fan_in_aggregation,fan_in_aggregation: one of 5 accounts feeding a common recipient within 400min
ACC002998,15,fan_in_aggregation,fan_in_aggregation: one of 5 accounts feeding a common recipient within 400min
ACC001318,15,fan_in_aggregation,fan_in_aggregation: one of 4 accounts feeding a common recipient within 400min
ACC000483,15,fan_in_aggregation,fan_in_aggregation: one of 4 accounts feeding a common recipient within 400min | fan_in_aggregation: one of 4 accounts feeding a common recipient within 400min
ACC001547,15,fan_in_aggregation,fan_in_aggregation: one of 5 accounts feeding a common recipient within 400min
ACC001227,15,fan_in_aggregation,fan_in_aggregation: one of 5 accounts feeding a common recipient within 400min | fan_in_aggregation: one of 4 accounts feeding a common recipient within 400min
ACC004101,15,fan_in_aggregation,fan_in_aggregation: one of 4 accounts feeding a common recipient within 400min
ACC004298,15,fan_in_aggregation,fan_in_aggregation: one of 4 accounts feeding a common recipient within 400min
ACC003401,15,fan_in_aggregation,fan_in_aggregation: one of 4 accounts feeding a common recipient within 400min
ACC001328,15,fan_in_aggregation,fan_in_aggregation: one of 4 accounts feeding a common recipient within 400min
ACC001332,15,fan_in_aggregation,fan_in_aggregation: one of 4 accounts feeding a common recipient within 400min
ACC000372,15,fan_in_aggregation,fan_in_aggregation: one of 4 accounts feeding a common recipient within 400min
ACC000401,15,fan_in_aggregation,fan_in_aggregation: one of 4 accounts feeding a common recipient within 400min
ACC001730,15,fan_in_aggregation,fan_in_aggregation: one of 4 accounts feeding a common recipient within 400min
ACC001740,15,fan_in_aggregation,fan_in_aggregation: one of 4 accounts feeding a common recipient within 400min | fan_in_aggregation: one of 5 accounts feeding a common recipient within 400min
ACC000482,15,fan_in_aggregation,fan_in_aggregation: one of 4 accounts feeding a common recipient within 400min
ACC000640,15,fan_in_aggregation,fan_in_aggregation: one of 4 accounts feeding a common recipient within 400min
ACC000088,15,fan_in_aggregation,fan_in_aggregation: one of 4 accounts feeding a common recipient within 400min
ACC002019,15,fan_in_aggregation,fan_in_aggregation: one of 4 accounts feeding a common recipient within 400min
ACC004175,15,fan_in_aggregation,fan_in_aggregation: one of 4 accounts feeding a common recipient within 400min
ACC000360,15,fan_in_aggregation,fan_in_aggregation: one of 4 accounts feeding a common recipient within 400min
ACC002204,15,fan_in_aggregation,fan_in_aggregation: one of 4 accounts feeding a common recipient within 400min
ACC001106,15,fan_in_aggregation,fan_in_aggregation: one of 4 accounts feeding a common recipient within 400min
ACC002395,15,fan_in_aggregation,fan_in_aggregation: one of 6 accounts feeding a common recipient within 400min
ACC000290,15,fan_in_aggregation,fan_in_aggregation: one of 6 accounts feeding a common recipient within 400min
ACC003015,15,fan_in_aggregation,fan_in_aggregation: one of 4 accounts feeding a common recipient within 400min
ACC000776,15,fan_in_aggregation,fan_in_aggregation: one of 4 accounts feeding a common recipient within 400min
ACC003562,15,fan_in_aggregation,fan_in_aggregation: one of 4 accounts feeding a common recipient within 400min
ACC004010,15,fan_in_aggregation,fan_in_aggregation: one of 4 accounts feeding a common recipient within 400min
ACC002933,15,fan_in_aggregation,fan_in_aggregation: one of 4 accounts feeding a common recipient within 400min | fan_in_aggregation: one of 4 accounts feeding a common recipient within 400min
ACC002825,15,fan_in_aggregation,fan_in_aggregation: one of 4 accounts feeding a common recipient within 400min
ACC002976,15,fan_in_aggregation,fan_in_aggregation: one of 4 accounts feeding a common recipient within 400min
ACC003379,15,fan_in_aggregation,fan_in_aggregation: one of 4 accounts feeding a common recipient within 400min
ACC000828,15,fan_in_aggregation,fan_in_aggregation: one of 4 accounts feeding a common recipient within 400min
ACC002526,15,fan_in_aggregation,fan_in_aggregation: one of 4 accounts feeding a common recipient within 400min
ACC001282,15,fan_in_aggregation,fan_in_aggregation: one of 4 accounts feeding a common recipient within 400min
ACC002576,15,fan_in_aggregation,fan_in_aggregation: one of 4 accounts feeding a common recipient within 400min | fan_in_aggregation: one of 4 accounts feeding a common recipient within 400min
ACC004384,15,fan_in_aggregation,fan_in_aggregation: one of 4 accounts feeding a common recipient within 400min
ACC004489,15,fan_in_aggregation,fan_in_aggregation: one of 4 accounts feeding a common recipient within 400min
ACC002798,15,fan_in_aggregation,fan_in_aggregation: one of 4 accounts feeding a common recipient within 400min | fan_in_aggregation: one of 4 accounts feeding a common recipient within 400min
ACC001368,15,fan_in_aggregation,fan_in_aggregation: one of 4 accounts feeding a common recipient within 400min
ACC002076,15,fan_in_aggregation,fan_in_aggregation: one of 4 accounts feeding a common recipient within 400min
ACC004155,15,fan_in_aggregation,fan_in_aggregation: one of 4 accounts feeding a common recipient within 400min | fan_in_aggregation: one of 4 accounts feeding a common recipient within 400min
ACC001507,15,fan_in_aggregation,fan_in_aggregation: one of 4 accounts feeding a common recipient within 400min
ACC001792,15,fan_in_aggregation,fan_in_aggregation: one of 4 accounts feeding a common recipient within 400min
ACC002166,15,fan_in_aggregation,fan_in_aggregation: one of 4 accounts feeding a common recipient within 400min
ACC000700,15,fan_in_aggregation,fan_in_aggregation: one of 4 accounts feeding a common recipient within 400min | fan_in_aggregation: one of 4 accounts feeding a common recipient within 400min
ACC002581,15,fan_in_aggregation,fan_in_aggregation: one of 4 accounts feeding a common recipient within 400min
ACC004415,15,fan_in_aggregation,fan_in_aggregation: one of 4 accounts feeding a common recipient within 400min
ACC003249,15,fan_in_aggregation,fan_in_aggregation: one of 4 accounts feeding a common recipient within 400min
ACC001199,15,fan_in_aggregation,fan_in_aggregation: one of 4 accounts feeding a common recipient within 400min
ACC002407,15,fan_in_aggregation,fan_in_aggregation: one of 4 accounts feeding a common recipient within 400min
ACC004654,15,fan_in_aggregation,fan_in_aggregation: one of 4 accounts feeding a common recipient within 400min
ACC000965,15,fan_in_aggregation,fan_in_aggregation: one of 4 accounts feeding a common recipient within 400min
ACC000773,15,fan_in_aggregation,fan_in_aggregation: one of 4 accounts feeding a common recipient within 400min
ACC001952,15,fan_in_aggregation,fan_in_aggregation: one of 4 accounts feeding a common recipient within 400min
ACC004506,15,fan_in_aggregation,fan_in_aggregation: one of 4 accounts feeding a common recipient within 400min
ACC000972,15,fan_in_aggregation,fan_in_aggregation: one of 4 accounts feeding a common recipient within 400min
ACC002916,15,fan_in_aggregation,fan_in_aggregation: one of 4 accounts feeding a common recipient within 400min
ACC004364,15,fan_in_aggregation,fan_in_aggregation: one of 4 accounts feeding a common recipient within 400min | fan_in_aggregation: one of 5 accounts feeding a common recipient within 400min
ACC001982,15,fan_in_aggregation,fan_in_aggregation: one of 5 accounts feeding a common recipient within 400min
ACC002193,15,fan_in_aggregation,fan_in_aggregation: one of 5 accounts feeding a common recipient within 400min
ACC002603,15,fan_in_aggregation,fan_in_aggregation: one of 5 accounts feeding a common recipient within 400min
ACC004577,15,fan_in_aggregation,fan_in_aggregation: one of 5 accounts feeding a common recipient within 400min
ACC000928,15,fan_in_aggregation,fan_in_aggregation: one of 5 accounts feeding a common recipient within 400min
ACC003615,15,fan_in_aggregation,fan_in_aggregation: one of 4 accounts feeding a common recipient within 400min
ACC003500,15,fan_in_aggregation,fan_in_aggregation: one of 4 accounts feeding a common recipient within 400min
ACC000300,15,fan_in_aggregation,fan_in_aggregation: one of 4 accounts feeding a common recipient within 400min
ACC001919,15,fan_in_aggregation,fan_in_aggregation: one of 4 accounts feeding a common recipient within 400min
ACC000036,15,fan_in_aggregation,fan_in_aggregation: one of 4 accounts feeding a common recipient within 400min
ACC002760,15,fan_in_aggregation,fan_in_aggregation: one of 4 accounts feeding a common recipient within 400min
ACC004082,15,fan_in_aggregation,fan_in_aggregation: one of 4 accounts feeding a common recipient within 400min
ACC004450,15,fan_in_aggregation,fan_in_aggregation: one of 4 accounts feeding a common recipient within 400min
ACC001728,15,fan_in_aggregation,fan_in_aggregation: one of 5 accounts feeding a common recipient within 400min
ACC003137,15,fan_in_aggregation,fan_in_aggregation: one of 5 accounts feeding a common recipient within 400min
ACC001278,15,fan_in_aggregation,fan_in_aggregation: one of 5 accounts feeding a common recipient within 400min
ACC004420,15,fan_in_aggregation,fan_in_aggregation: one of 5 accounts feeding a common recipient within 400min
ACC004223,15,fan_in_aggregation,fan_in_aggregation: one of 4 accounts feeding a common recipient within 400min
ACC004516,15,fan_in_aggregation,fan_in_aggregation: one of 4 accounts feeding a common recipient within 400min
ACC000068,15,fan_in_aggregation,fan_in_aggregation: one of 4 accounts feeding a common recipient within 400min
ACC002698,15,fan_in_aggregation,fan_in_aggregation: one of 8 accounts feeding a common recipient within 400min | fan_in_aggregation: one of 5 accounts feeding a common recipient within 400min
ACC001153,15,fan_in_aggregation,fan_in_aggregation: one of 9 accounts feeding a common recipient within 400min
ACC002253,15,fan_in_aggregation,fan_in_aggregation: one of 9 accounts feeding a common recipient within 400min
ACC002702,15,fan_in_aggregation,fan_in_aggregation: one of 4 accounts feeding a common recipient within 400min
ACC002919,15,fan_in_aggregation,fan_in_aggregation: one of 4 accounts feeding a common recipient within 400min
ACC001312,15,fan_in_aggregation,fan_in_aggregation: one of 9 accounts feeding a common recipient within 400min
ACC003491,15,fan_in_aggregation,fan_in_aggregation: one of 9 accounts feeding a common recipient within 400min | fan_in_aggregation: one of 4 accounts feeding a common recipient within 400min
ACC004586,15,fan_in_aggregation,fan_in_aggregation: one of 4 accounts feeding a common recipient within 400min
ACC003001,15,fan_in_aggregation,fan_in_aggregation: one of 4 accounts feeding a common recipient within 400min | fan_in_aggregation: one of 4 accounts feeding a common recipient within 400min
ACC003209,15,fan_in_aggregation,fan_in_aggregation: one of 4 accounts feeding a common recipient within 400min | fan_in_aggregation: one of 4 accounts feeding a common recipient within 400min | fan_in_aggregation: one of 4 accounts feeding a common recipient within 400min
ACC000613,15,fan_in_aggregation,fan_in_aggregation: one of 4 accounts feeding a common recipient within 400min
ACC004128,15,fan_in_aggregation,fan_in_aggregation: one of 4 accounts feeding a common recipient within 400min
ACC001337,15,fan_in_aggregation,fan_in_aggregation: one of 4 accounts feeding a common recipient within 400min
ACC000212,15,fan_in_aggregation,fan_in_aggregation: one of 4 accounts feeding a common recipient within 400min
ACC001958,15,fan_in_aggregation,fan_in_aggregation: one of 4 accounts feeding a common recipient within 400min
ACC002650,15,fan_in_aggregation,fan_in_aggregation: one of 4 accounts feeding a common recipient within 400min
ACC003813,15,fan_in_aggregation,fan_in_aggregation: one of 4 accounts feeding a common recipient within 400min
ACC001425,15,fan_in_aggregation,fan_in_aggregation: one of 4 accounts feeding a common recipient within 400min
ACC002844,15,fan_in_aggregation,fan_in_aggregation: one of 4 accounts feeding a common recipient within 400min
ACC001147,15,fan_in_aggregation,fan_in_aggregation: one of 4 accounts feeding a common recipient within 400min
ACC004026,15,fan_in_aggregation,fan_in_aggregation: one of 4 accounts feeding a common recipient within 400min
ACC001802,15,fan_in_aggregation,fan_in_aggregation: one of 8 accounts feeding a common recipient within 400min
ACC002959,15,fan_in_aggregation,fan_in_aggregation: one of 8 accounts feeding a common recipient within 400min | fan_in_aggregation: one of 4 accounts feeding a common recipient within 400min
ACC001463,15,fan_in_aggregation,fan_in_aggregation: one of 5 accounts feeding a common recipient within 400min
ACC004248,15,fan_in_aggregation,fan_in_aggregation: one of 5 accounts feeding a common recipient within 400min
ACC001434,15,fan_in_aggregation,fan_in_aggregation: one of 5 accounts feeding a common recipient within 400min
ACC004940,15,fan_in_aggregation,fan_in_aggregation: one of 5 accounts feeding a common recipient within 400min | fan_in_aggregation: one of 5 accounts feeding a common recipient within 400min
ACC000631,15,fan_in_aggregation,fan_in_aggregation: one of 5 accounts feeding a common recipient within 400min | fan_in_aggregation: one of 5 accounts feeding a common recipient within 400min
ACC003212,15,fan_in_aggregation,fan_in_aggregation: one of 9 accounts feeding a common recipient within 400min
ACC001064,15,fan_in_aggregation,fan_in_aggregation: one of 9 accounts feeding a common recipient within 400min
ACC001939,15,fan_in_aggregation,fan_in_aggregation: one of 9 accounts feeding a common recipient within 400min
ACC000459,15,fan_in_aggregation,fan_in_aggregation: one of 9 accounts feeding a common recipient within 400min
MERCHANT_INSURANCE_34,14,fan_in_aggregation,fan_in_aggregation: received from 7 accounts within 400min (8.9x its own baseline rate); no rapid cash-out observed
MERCHANT_GROCERY_48,14,fan_in_aggregation,fan_in_aggregation: received from 6 accounts within 400min (8.5x its own baseline rate); no rapid cash-out observed
MERCHANT_GROCERY_11,14,fan_in_aggregation,fan_in_aggregation: received from 6 accounts within 400min (9.1x its own baseline rate); no rapid cash-out observed
MERCHANT_INSURANCE_14,13,fan_in_aggregation,fan_in_aggregation: received from 5 accounts within 400min (8.2x its own baseline rate); no rapid cash-out observed
MERCHANT_RETAIL_36,13,fan_in_aggregation,fan_in_aggregation: received from 6 accounts within 400min (8.1x its own baseline rate); no rapid cash-out observed
MERCHANT_FUEL_27,13,fan_in_aggregation,fan_in_aggregation: received from 5 accounts within 400min (7.5x its own baseline rate); no rapid cash-out observed
MERCHANT_SUBSCRIPTION_32,13,fan_in_aggregation,fan_in_aggregation: received from 6 accounts within 400min (7.6x its own baseline rate); no rapid cash-out observed
MERCHANT_RETAIL_50,13,fan_in_aggregation,fan_in_aggregation: received from 5 accounts within 400min (7.9x its own baseline rate); no rapid cash-out observed
MERCHANT_GROCERY_6,13,fan_in_aggregation,fan_in_aggregation: received from 6 accounts within 400min (8.2x its own baseline rate); no rapid cash-out observed
MERCHANT_RENT_39,13,fan_in_aggregation,fan_in_aggregation: received from 6 accounts within 400min (8.3x its own baseline rate); no rapid cash-out observed
MERCHANT_SUBSCRIPTION_5,13,fan_in_aggregation,fan_in_aggregation: received from 5 accounts within 400min (7.5x its own baseline rate); no rapid cash-out observed
MERCHANT_HEALTHCARE_31,13,fan_in_aggregation,fan_in_aggregation: received from 6 accounts within 400min (7.8x its own baseline rate); no rapid cash-out observed
MERCHANT_UTILITIES_18,13,fan_in_aggregation,fan_in_aggregation: received from 6 accounts within 400min (8.3x its own baseline rate); no rapid cash-out observed
MERCHANT_RETAIL_26,12,fan_in_aggregation,fan_in_aggregation: received from 5 accounts within 400min (6.8x its own baseline rate); no rapid cash-out observed
MERCHANT_FUEL_32,12,fan_in_aggregation,fan_in_aggregation: received from 5 accounts within 400min (7.0x its own baseline rate); no rapid cash-out observed
MERCHANT_INSURANCE_33,12,fan_in_aggregation,fan_in_aggregation: received from 5 accounts within 400min (7.3x its own baseline rate); no rapid cash-out observed
MERCHANT_HEALTHCARE_49,12,fan_in_aggregation,fan_in_aggregation: received from 5 accounts within 400min (6.6x its own baseline rate); no rapid cash-out observed
MERCHANT_HEALTHCARE_40,12,fan_in_aggregation,fan_in_aggregation: received from 5 accounts within 400min (6.8x its own baseline rate); no rapid cash-out observed
MERCHANT_INSURANCE_40,12,fan_in_aggregation,fan_in_aggregation: received from 5 accounts within 400min (7.1x its own baseline rate); no rapid cash-out observed
MERCHANT_SUBSCRIPTION_19,12,fan_in_aggregation,fan_in_aggregation: received from 5 accounts within 400min (6.8x its own baseline rate); no rapid cash-out observed
MERCHANT_RETAIL_31,12,fan_in_aggregation,fan_in_aggregation: received from 5 accounts within 400min (6.9x its own baseline rate); no rapid cash-out observed
MERCHANT_UTILITIES_46,12,fan_in_aggregation,fan_in_aggregation: received from 5 accounts within 400min (6.9x its own baseline rate); no rapid cash-out observed
MERCHANT_FUEL_18,12,fan_in_aggregation,fan_in_aggregation: received from 5 accounts within 400min (7.2x its own baseline rate); no rapid cash-out observed
MERCHANT_GROCERY_2,12,fan_in_aggregation,fan_in_aggregation: received from 5 accounts within 400min (7.0x its own baseline rate); no rapid cash-out observed
MERCHANT_HEALTHCARE_30,12,fan_in_aggregation,fan_in_aggregation: received from 5 accounts within 400min (7.2x its own baseline rate); no rapid cash-out observed
MERCHANT_UTILITIES_50,12,fan_in_aggregation,fan_in_aggregation: received from 5 accounts within 400min (6.8x its own baseline rate); no rapid cash-out observed
MERCHANT_HEALTHCARE_27,12,fan_in_aggregation,fan_in_aggregation: received from 5 accounts within 400min (6.5x its own baseline rate); no rapid cash-out observed
MERCHANT_UTILITIES_25,12,fan_in_aggregation,fan_in_aggregation: received from 5 accounts within 400min (7.2x its own baseline rate); no rapid cash-out observed
MERCHANT_INSURANCE_46,12,fan_in_aggregation,fan_in_aggregation: received from 5 accounts within 400min (7.3x its own baseline rate); no rapid cash-out observed
MERCHANT_RENT_16,12,fan_in_aggregation,fan_in_aggregation: received from 4 accounts within 400min (6.7x its own baseline rate); no rapid cash-out observed
MERCHANT_RENT_13,12,fan_in_aggregation,fan_in_aggregation: received from 5 accounts within 400min (6.9x its own baseline rate); no rapid cash-out observed
MERCHANT_UTILITIES_3,12,fan_in_aggregation,fan_in_aggregation: received from 4 accounts within 400min (6.9x its own baseline rate); no rapid cash-out observed
MERCHANT_UTILITIES_30,12,fan_in_aggregation,fan_in_aggregation: received from 5 accounts within 400min (6.8x its own baseline rate); no rapid cash-out observed
MERCHANT_INSURANCE_31,12,fan_in_aggregation,fan_in_aggregation: received from 5 accounts within 400min (7.3x its own baseline rate); no rapid cash-out observed
MERCHANT_UTILITIES_32,12,fan_in_aggregation,fan_in_aggregation: received from 5 accounts within 400min (6.6x its own baseline rate); no rapid cash-out observed
MERCHANT_HEALTHCARE_37,12,fan_in_aggregation,fan_in_aggregation: received from 5 accounts within 400min (7.2x its own baseline rate); no rapid cash-out observed
MERCHANT_RETAIL_29,12,fan_in_aggregation,fan_in_aggregation: received from 4 accounts within 400min (6.5x its own baseline rate); no rapid cash-out observed
MERCHANT_SUBSCRIPTION_47,12,fan_in_aggregation,fan_in_aggregation: received from 5 accounts within 400min (7.2x its own baseline rate); no rapid cash-out observed
MERCHANT_RETAIL_33,12,fan_in_aggregation,fan_in_aggregation: received from 5 accounts within 400min (7.5x its own baseline rate); no rapid cash-out observed
MERCHANT_SUBSCRIPTION_6,12,fan_in_aggregation,fan_in_aggregation: received from 5 accounts within 400min (7.2x its own baseline rate); no rapid cash-out observed
MERCHANT_RENT_36,12,fan_in_aggregation,fan_in_aggregation: received from 5 accounts within 400min (6.6x its own baseline rate); no rapid cash-out observed
MERCHANT_HEALTHCARE_10,12,fan_in_aggregation,fan_in_aggregation: received from 5 accounts within 400min (6.6x its own baseline rate); no rapid cash-out observed
MERCHANT_HEALTHCARE_17,12,fan_in_aggregation,fan_in_aggregation: received from 5 accounts within 400min (7.2x its own baseline rate); no rapid cash-out observed
MERCHANT_GROCERY_43,12,fan_in_aggregation,fan_in_aggregation: received from 5 accounts within 400min (6.9x its own baseline rate); no rapid cash-out observed
MERCHANT_RENT_44,12,fan_in_aggregation,fan_in_aggregation: received from 5 accounts within 400min (6.8x its own baseline rate); no rapid cash-out observed
MERCHANT_RESTAURANT_32,12,fan_in_aggregation,fan_in_aggregation: received from 5 accounts within 400min (7.2x its own baseline rate); no rapid cash-out observed
MERCHANT_SUBSCRIPTION_40,12,fan_in_aggregation,fan_in_aggregation: received from 5 accounts within 400min (7.1x its own baseline rate); no rapid cash-out observed
MERCHANT_RESTAURANT_5,12,fan_in_aggregation,fan_in_aggregation: received from 5 accounts within 400min (6.8x its own baseline rate); no rapid cash-out observed
MERCHANT_RESTAURANT_22,12,fan_in_aggregation,fan_in_aggregation: received from 5 accounts within 400min (6.8x its own baseline rate); no rapid cash-out observed
MERCHANT_RESTAURANT_49,12,fan_in_aggregation,fan_in_aggregation: received from 4 accounts within 400min (7.2x its own baseline rate); no rapid cash-out observed
MERCHANT_SUBSCRIPTION_43,12,fan_in_aggregation,fan_in_aggregation: received from 4 accounts within 400min (6.5x its own baseline rate); no rapid cash-out observed
MERCHANT_RESTAURANT_10,12,fan_in_aggregation,fan_in_aggregation: received from 5 accounts within 400min (6.9x its own baseline rate); no rapid cash-out observed
MERCHANT_RENT_46,12,fan_in_aggregation,fan_in_aggregation: received from 5 accounts within 400min (7.2x its own baseline rate); no rapid cash-out observed
MERCHANT_RESTAURANT_41,12,fan_in_aggregation,fan_in_aggregation: received from 5 accounts within 400min (6.6x its own baseline rate); no rapid cash-out observed
MERCHANT_RETAIL_10,12,fan_in_aggregation,fan_in_aggregation: received from 5 accounts within 400min (7.1x its own baseline rate); no rapid cash-out observed
MERCHANT_RETAIL_11,12,fan_in_aggregation,fan_in_aggregation: received from 5 accounts within 400min (6.6x its own baseline rate); no rapid cash-out observed
MERCHANT_RESTAURANT_43,12,fan_in_aggregation,fan_in_aggregation: received from 5 accounts within 400min (7.3x its own baseline rate); no rapid cash-out observed
MERCHANT_RESTAURANT_48,12,fan_in_aggregation,fan_in_aggregation: received from 5 accounts within 400min (7.0x its own baseline rate); no rapid cash-out observed
MERCHANT_RESTAURANT_3,12,fan_in_aggregation,fan_in_aggregation: received from 5 accounts within 400min (6.8x its own baseline rate); no rapid cash-out observed
MERCHANT_RETAIL_21,12,fan_in_aggregation,fan_in_aggregation: received from 5 accounts within 400min (7.5x its own baseline rate); no rapid cash-out observed
MERCHANT_RESTAURANT_42,12,fan_in_aggregation,fan_in_aggregation: received from 6 accounts within 400min (7.2x its own baseline rate); no rapid cash-out observed
MERCHANT_GROCERY_3,12,fan_in_aggregation,fan_in_aggregation: received from 5 accounts within 400min (6.9x its own baseline rate); no rapid cash-out observed
MERCHANT_GROCERY_47,12,fan_in_aggregation,fan_in_aggregation: received from 5 accounts within 400min (7.1x its own baseline rate); no rapid cash-out observed
MERCHANT_FUEL_15,12,fan_in_aggregation,fan_in_aggregation: received from 5 accounts within 400min (6.7x its own baseline rate); no rapid cash-out observed
MERCHANT_RETAIL_6,12,fan_in_aggregation,fan_in_aggregation: received from 4 accounts within 400min (6.6x its own baseline rate); no rapid cash-out observed
MERCHANT_FUEL_43,12,fan_in_aggregation,fan_in_aggregation: received from 5 accounts within 400min (6.7x its own baseline rate); no rapid cash-out observed
MERCHANT_FUEL_42,12,fan_in_aggregation,fan_in_aggregation: received from 5 accounts within 400min (6.8x its own baseline rate); no rapid cash-out observed
MERCHANT_FUEL_47,12,fan_in_aggregation,fan_in_aggregation: received from 5 accounts within 400min (7.2x its own baseline rate); no rapid cash-out observed
MERCHANT_SUBSCRIPTION_1,12,fan_in_aggregation,fan_in_aggregation: received from 5 accounts within 400min (7.1x its own baseline rate); no rapid cash-out observed
MERCHANT_FUEL_13,11,fan_in_aggregation,fan_in_aggregation: received from 4 accounts within 400min (5.5x its own baseline rate); no rapid cash-out observed
MERCHANT_FUEL_48,11,fan_in_aggregation,fan_in_aggregation: received from 4 accounts within 400min (5.5x its own baseline rate); no rapid cash-out observed
MERCHANT_FUEL_49,11,fan_in_aggregation,fan_in_aggregation: received from 4 accounts within 400min (6.0x its own baseline rate); no rapid cash-out observed
MERCHANT_FUEL_45,11,fan_in_aggregation,fan_in_aggregation: received from 4 accounts within 400min (5.6x its own baseline rate); no rapid cash-out observed
MERCHANT_FUEL_46,11,fan_in_aggregation,fan_in_aggregation: received from 4 accounts within 400min (5.8x its own baseline rate); no rapid cash-out observed
MERCHANT_FUEL_44,11,fan_in_aggregation,fan_in_aggregation: received from 4 accounts within 400min (5.9x its own baseline rate); no rapid cash-out observed
MERCHANT_FUEL_11,11,fan_in_aggregation,fan_in_aggregation: received from 4 accounts within 400min (5.9x its own baseline rate); no rapid cash-out observed
MERCHANT_GROCERY_29,11,fan_in_aggregation,fan_in_aggregation: received from 4 accounts within 400min (5.6x its own baseline rate); no rapid cash-out observed
MERCHANT_FUEL_38,11,fan_in_aggregation,fan_in_aggregation: received from 4 accounts within 400min (5.6x its own baseline rate); no rapid cash-out observed
MERCHANT_RETAIL_40,11,fan_in_aggregation,fan_in_aggregation: received from 4 accounts within 400min (5.5x its own baseline rate); no rapid cash-out observed
MERCHANT_RETAIL_35,11,fan_in_aggregation,fan_in_aggregation: received from 4 accounts within 400min (5.7x its own baseline rate); no rapid cash-out observed
MERCHANT_SUBSCRIPTION_10,11,fan_in_aggregation,fan_in_aggregation: received from 5 accounts within 400min (6.5x its own baseline rate); no rapid cash-out observed
MERCHANT_SUBSCRIPTION_11,11,fan_in_aggregation,fan_in_aggregation: received from 4 accounts within 400min (6.4x its own baseline rate); no rapid cash-out observed
MERCHANT_SUBSCRIPTION_13,11,fan_in_aggregation,fan_in_aggregation: received from 4 accounts within 400min (5.6x its own baseline rate); no rapid cash-out observed
MERCHANT_SUBSCRIPTION_14,11,fan_in_aggregation,fan_in_aggregation: received from 4 accounts within 400min (5.9x its own baseline rate); no rapid cash-out observed
MERCHANT_RETAIL_43,11,fan_in_aggregation,fan_in_aggregation: received from 4 accounts within 400min (6.0x its own baseline rate); no rapid cash-out observed
MERCHANT_FUEL_8,11,fan_in_aggregation,fan_in_aggregation: received from 4 accounts within 400min (5.8x its own baseline rate); no rapid cash-out observed
MERCHANT_GROCERY_12,11,fan_in_aggregation,fan_in_aggregation: received from 4 accounts within 400min (5.6x its own baseline rate); no rapid cash-out observed
MERCHANT_GROCERY_13,11,fan_in_aggregation,fan_in_aggregation: received from 4 accounts within 400min (5.9x its own baseline rate); no rapid cash-out observed
MERCHANT_GROCERY_1,11,fan_in_aggregation,fan_in_aggregation: received from 5 accounts within 400min (6.5x its own baseline rate); no rapid cash-out observed
MERCHANT_GROCERY_10,11,fan_in_aggregation,fan_in_aggregation: received from 4 accounts within 400min (5.7x its own baseline rate); no rapid cash-out observed
MERCHANT_FUEL_16,11,fan_in_aggregation,fan_in_aggregation: received from 4 accounts within 400min (5.6x its own baseline rate); no rapid cash-out observed
MERCHANT_FUEL_1,11,fan_in_aggregation,fan_in_aggregation: received from 5 accounts within 400min (6.3x its own baseline rate); no rapid cash-out observed
LEGIT_MARKETPLACE_2,11,fan_in_aggregation,fan_in_aggregation: received from 9 accounts within 400min (5.8x its own baseline rate); no rapid cash-out observed
MERCHANT_FUEL_4,11,fan_in_aggregation,fan_in_aggregation: received from 4 accounts within 400min (5.6x its own baseline rate); no rapid cash-out observed
MERCHANT_GROCERY_30,11,fan_in_aggregation,fan_in_aggregation: received from 5 accounts within 400min (6.2x its own baseline rate); no rapid cash-out observed
MERCHANT_GROCERY_31,11,fan_in_aggregation,fan_in_aggregation: received from 5 accounts within 400min (6.4x its own baseline rate); no rapid cash-out observed
MERCHANT_FUEL_2,11,fan_in_aggregation,fan_in_aggregation: received from 4 accounts within 400min (5.5x its own baseline rate); no rapid cash-out observed
MERCHANT_FUEL_21,11,fan_in_aggregation,fan_in_aggregation: received from 4 accounts within 400min (6.1x its own baseline rate); no rapid cash-out observed
MERCHANT_FUEL_22,11,fan_in_aggregation,fan_in_aggregation: received from 4 accounts within 400min (5.8x its own baseline rate); no rapid cash-out observed
MERCHANT_FUEL_23,11,fan_in_aggregation,fan_in_aggregation: received from 4 accounts within 400min (5.7x its own baseline rate); no rapid cash-out observed
MERCHANT_GROCERY_46,11,fan_in_aggregation,fan_in_aggregation: received from 4 accounts within 400min (5.6x its own baseline rate); no rapid cash-out observed
MERCHANT_RESTAURANT_34,11,fan_in_aggregation,fan_in_aggregation: received from 4 accounts within 400min (5.6x its own baseline rate); no rapid cash-out observed
MERCHANT_RESTAURANT_35,11,fan_in_aggregation,fan_in_aggregation: received from 4 accounts within 400min (6.3x its own baseline rate); no rapid cash-out observed
MERCHANT_RESTAURANT_28,11,fan_in_aggregation,fan_in_aggregation: received from 4 accounts within 400min (5.5x its own baseline rate); no rapid cash-out observed
MERCHANT_RESTAURANT_30,11,fan_in_aggregation,fan_in_aggregation: received from 4 accounts within 400min (6.3x its own baseline rate); no rapid cash-out observed
MERCHANT_RETAIL_22,11,fan_in_aggregation,fan_in_aggregation: received from 4 accounts within 400min (5.8x its own baseline rate); no rapid cash-out observed
MERCHANT_RETAIL_23,11,fan_in_aggregation,fan_in_aggregation: received from 4 accounts within 400min (5.9x its own baseline rate); no rapid cash-out observed
MERCHANT_RESTAURANT_44,11,fan_in_aggregation,fan_in_aggregation: received from 4 accounts within 400min (5.6x its own baseline rate); no rapid cash-out observed
MERCHANT_RESTAURANT_4,11,fan_in_aggregation,fan_in_aggregation: received from 4 accounts within 400min (5.9x its own baseline rate); no rapid cash-out observed
MERCHANT_SUBSCRIPTION_31,11,fan_in_aggregation,fan_in_aggregation: received from 4 accounts within 400min (5.7x its own baseline rate); no rapid cash-out observed
MERCHANT_RESTAURANT_36,11,fan_in_aggregation,fan_in_aggregation: received from 4 accounts within 400min (5.8x its own baseline rate); no rapid cash-out observed
MERCHANT_RETAIL_12,11,fan_in_aggregation,fan_in_aggregation: received from 4 accounts within 400min (5.7x its own baseline rate); no rapid cash-out observed
MERCHANT_GROCERY_34,11,fan_in_aggregation,fan_in_aggregation: received from 4 accounts within 400min (5.7x its own baseline rate); no rapid cash-out observed
MERCHANT_RESTAURANT_31,11,fan_in_aggregation,fan_in_aggregation: received from 4 accounts within 400min (5.8x its own baseline rate); no rapid cash-out observed
MERCHANT_SUBSCRIPTION_33,11,fan_in_aggregation,fan_in_aggregation: received from 4 accounts within 400min (5.9x its own baseline rate); no rapid cash-out observed
MERCHANT_SUBSCRIPTION_34,11,fan_in_aggregation,fan_in_aggregation: received from 4 accounts within 400min (5.9x its own baseline rate); no rapid cash-out observed
MERCHANT_SUBSCRIPTION_35,11,fan_in_aggregation,fan_in_aggregation: received from 4 accounts within 400min (5.5x its own baseline rate); no rapid cash-out observed
MERCHANT_SUBSCRIPTION_36,11,fan_in_aggregation,fan_in_aggregation: received from 4 accounts within 400min (5.9x its own baseline rate); no rapid cash-out observed
MERCHANT_RESTAURANT_24,11,fan_in_aggregation,fan_in_aggregation: received from 4 accounts within 400min (5.7x its own baseline rate); no rapid cash-out observed
MERCHANT_RESTAURANT_50,11,fan_in_aggregation,fan_in_aggregation: received from 4 accounts within 400min (5.5x its own baseline rate); no rapid cash-out observed
MERCHANT_RESTAURANT_21,11,fan_in_aggregation,fan_in_aggregation: received from 4 accounts within 400min (6.2x its own baseline rate); no rapid cash-out observed
MERCHANT_RESTAURANT_23,11,fan_in_aggregation,fan_in_aggregation: received from 4 accounts within 400min (5.9x its own baseline rate); no rapid cash-out observed
MERCHANT_RESTAURANT_19,11,fan_in_aggregation,fan_in_aggregation: received from 4 accounts within 400min (5.8x its own baseline rate); no rapid cash-out observed
MERCHANT_RESTAURANT_2,11,fan_in_aggregation,fan_in_aggregation: received from 4 accounts within 400min (6.0x its own baseline rate); no rapid cash-out observed
MERCHANT_SUBSCRIPTION_39,11,fan_in_aggregation,fan_in_aggregation: received from 4 accounts within 400min (5.8x its own baseline rate); no rapid cash-out observed
MERCHANT_SUBSCRIPTION_4,11,fan_in_aggregation,fan_in_aggregation: received from 4 accounts within 400min (5.8x its own baseline rate); no rapid cash-out observed
MERCHANT_SUBSCRIPTION_41,11,fan_in_aggregation,fan_in_aggregation: received from 4 accounts within 400min (6.2x its own baseline rate); no rapid cash-out observed
MERCHANT_RESTAURANT_39,11,fan_in_aggregation,fan_in_aggregation: received from 4 accounts within 400min (5.9x its own baseline rate); no rapid cash-out observed
MERCHANT_RESTAURANT_33,11,fan_in_aggregation,fan_in_aggregation: received from 4 accounts within 400min (5.6x its own baseline rate); no rapid cash-out observed
MERCHANT_RESTAURANT_1,11,fan_in_aggregation,fan_in_aggregation: received from 4 accounts within 400min (5.6x its own baseline rate); no rapid cash-out observed
MERCHANT_RESTAURANT_11,11,fan_in_aggregation,fan_in_aggregation: received from 4 accounts within 400min (5.6x its own baseline rate); no rapid cash-out observed
MERCHANT_RESTAURANT_12,11,fan_in_aggregation,fan_in_aggregation: received from 4 accounts within 400min (5.5x its own baseline rate); no rapid cash-out observed
MERCHANT_RENT_6,11,fan_in_aggregation,fan_in_aggregation: received from 4 accounts within 400min (5.9x its own baseline rate); no rapid cash-out observed
MERCHANT_RENT_8,11,fan_in_aggregation,fan_in_aggregation: received from 4 accounts within 400min (5.5x its own baseline rate); no rapid cash-out observed
MERCHANT_RENT_9,11,fan_in_aggregation,fan_in_aggregation: received from 4 accounts within 400min (6.2x its own baseline rate); no rapid cash-out observed
MERCHANT_SUBSCRIPTION_42,11,fan_in_aggregation,fan_in_aggregation: received from 4 accounts within 400min (5.9x its own baseline rate); no rapid cash-out observed
MERCHANT_SUBSCRIPTION_44,11,fan_in_aggregation,fan_in_aggregation: received from 4 accounts within 400min (5.5x its own baseline rate); no rapid cash-out observed
MERCHANT_RESTAURANT_25,11,fan_in_aggregation,fan_in_aggregation: received from 4 accounts within 400min (6.4x its own baseline rate); no rapid cash-out observed
MERCHANT_RESTAURANT_26,11,fan_in_aggregation,fan_in_aggregation: received from 4 accounts within 400min (5.5x its own baseline rate); no rapid cash-out observed
MERCHANT_RESTAURANT_27,11,fan_in_aggregation,fan_in_aggregation: received from 4 accounts within 400min (6.0x its own baseline rate); no rapid cash-out observed
MERCHANT_GROCERY_4,11,fan_in_aggregation,fan_in_aggregation: received from 4 accounts within 400min (6.0x its own baseline rate); no rapid cash-out observed
MERCHANT_FUEL_24,11,fan_in_aggregation,fan_in_aggregation: received from 4 accounts within 400min (5.6x its own baseline rate); no rapid cash-out observed
MERCHANT_FUEL_25,11,fan_in_aggregation,fan_in_aggregation: received from 4 accounts within 400min (5.5x its own baseline rate); no rapid cash-out observed
MERCHANT_GROCERY_36,11,fan_in_aggregation,fan_in_aggregation: received from 4 accounts within 400min (5.6x its own baseline rate); no rapid cash-out observed
MERCHANT_HEALTHCARE_14,11,fan_in_aggregation,fan_in_aggregation: received from 4 accounts within 400min (5.5x its own baseline rate); no rapid cash-out observed
MERCHANT_HEALTHCARE_16,11,fan_in_aggregation,fan_in_aggregation: received from 4 accounts within 400min (5.9x its own baseline rate); no rapid cash-out observed
MERCHANT_RENT_50,11,fan_in_aggregation,fan_in_aggregation: received from 4 accounts within 400min (6.0x its own baseline rate); no rapid cash-out observed
MERCHANT_SUBSCRIPTION_48,11,fan_in_aggregation,fan_in_aggregation: received from 4 accounts within 400min (5.5x its own baseline rate); no rapid cash-out observed
MERCHANT_RETAIL_16,11,fan_in_aggregation,fan_in_aggregation: received from 4 accounts within 400min (5.5x its own baseline rate); no rapid cash-out observed
MERCHANT_SUBSCRIPTION_20,11,fan_in_aggregation,fan_in_aggregation: received from 4 accounts within 400min (5.9x its own baseline rate); no rapid cash-out observed
MERCHANT_SUBSCRIPTION_21,11,fan_in_aggregation,fan_in_aggregation: received from 4 accounts within 400min (6.4x its own baseline rate); no rapid cash-out observed
MERCHANT_SUBSCRIPTION_22,11,fan_in_aggregation,fan_in_aggregation: received from 4 accounts within 400min (5.7x its own baseline rate); no rapid cash-out observed
MERCHANT_RETAIL_1,11,fan_in_aggregation,fan_in_aggregation: received from 4 accounts within 400min (5.5x its own baseline rate); no rapid cash-out observed
MERCHANT_RETAIL_32,11,fan_in_aggregation,fan_in_aggregation: received from 4 accounts within 400min (5.7x its own baseline rate); no rapid cash-out observed
MERCHANT_RETAIL_34,11,fan_in_aggregation,fan_in_aggregation: received from 4 accounts within 400min (5.5x its own baseline rate); no rapid cash-out observed
MERCHANT_RESTAURANT_6,11,fan_in_aggregation,fan_in_aggregation: received from 4 accounts within 400min (5.8x its own baseline rate); no rapid cash-out observed
MERCHANT_RESTAURANT_7,11,fan_in_aggregation,fan_in_aggregation: received from 4 accounts within 400min (6.2x its own baseline rate); no rapid cash-out observed
MERCHANT_RESTAURANT_8,11,fan_in_aggregation,fan_in_aggregation: received from 4 accounts within 400min (5.5x its own baseline rate); no rapid cash-out observed
MERCHANT_RESTAURANT_9,11,fan_in_aggregation,fan_in_aggregation: received from 4 accounts within 400min (5.6x its own baseline rate); no rapid cash-out observed
MERCHANT_SUBSCRIPTION_24,11,fan_in_aggregation,fan_in_aggregation: received from 4 accounts within 400min (5.8x its own baseline rate); no rapid cash-out observed
MERCHANT_SUBSCRIPTION_26,11,fan_in_aggregation,fan_in_aggregation: received from 4 accounts within 400min (5.5x its own baseline rate); no rapid cash-out observed
MERCHANT_RESTAURANT_46,11,fan_in_aggregation,fan_in_aggregation: received from 4 accounts within 400min (5.5x its own baseline rate); no rapid cash-out observed
MERCHANT_RESTAURANT_47,11,fan_in_aggregation,fan_in_aggregation: received from 4 accounts within 400min (6.1x its own baseline rate); no rapid cash-out observed
MERCHANT_SUBSCRIPTION_49,11,fan_in_aggregation,fan_in_aggregation: received from 4 accounts within 400min (5.8x its own baseline rate); no rapid cash-out observed
MERCHANT_SUBSCRIPTION_50,11,fan_in_aggregation,fan_in_aggregation: received from 4 accounts within 400min (6.2x its own baseline rate); no rapid cash-out observed
MERCHANT_RENT_41,11,fan_in_aggregation,fan_in_aggregation: received from 5 accounts within 400min (6.5x its own baseline rate); no rapid cash-out observed
MERCHANT_RENT_42,11,fan_in_aggregation,fan_in_aggregation: received from 4 accounts within 400min (6.0x its own baseline rate); no rapid cash-out observed
MERCHANT_RENT_4,11,fan_in_aggregation,fan_in_aggregation: received from 4 accounts within 400min (6.4x its own baseline rate); no rapid cash-out observed
MERCHANT_RENT_40,11,fan_in_aggregation,fan_in_aggregation: received from 4 accounts within 400min (5.6x its own baseline rate); no rapid cash-out observed
MERCHANT_RENT_37,11,fan_in_aggregation,fan_in_aggregation: received from 4 accounts within 400min (5.5x its own baseline rate); no rapid cash-out observed
MERCHANT_SUBSCRIPTION_8,11,fan_in_aggregation,fan_in_aggregation: received from 4 accounts within 400min (6.4x its own baseline rate); no rapid cash-out observed
MERCHANT_UTILITIES_1,11,fan_in_aggregation,fan_in_aggregation: received from 4 accounts within 400min (6.3x its own baseline rate); no rapid cash-out observed
MERCHANT_RENT_32,11,fan_in_aggregation,fan_in_aggregation: received from 5 accounts within 400min (6.0x its own baseline rate); no rapid cash-out observed
MERCHANT_FUEL_34,11,fan_in_aggregation,fan_in_aggregation: received from 4 accounts within 400min (6.1x its own baseline rate); no rapid cash-out observed
MERCHANT_RENT_49,11,fan_in_aggregation,fan_in_aggregation: received from 4 accounts within 400min (5.5x its own baseline rate); no rapid cash-out observed
MERCHANT_HEALTHCARE_11,11,fan_in_aggregation,fan_in_aggregation: received from 4 accounts within 400min (5.7x its own baseline rate); no rapid cash-out observed
MERCHANT_GROCERY_7,11,fan_in_aggregation,fan_in_aggregation: received from 4 accounts within 400min (6.0x its own baseline rate); no rapid cash-out observed
MERCHANT_GROCERY_8,11,fan_in_aggregation,fan_in_aggregation: received from 4 accounts within 400min (5.7x its own baseline rate); no rapid cash-out observed
MERCHANT_HEALTHCARE_1,11,fan_in_aggregation,fan_in_aggregation: received from 4 accounts within 400min (5.6x its own baseline rate); no rapid cash-out observed
MERCHANT_FUEL_29,11,fan_in_aggregation,fan_in_aggregation: received from 4 accounts within 400min (6.0x its own baseline rate); no rapid cash-out observed
MERCHANT_UTILITIES_9,11,fan_in_aggregation,fan_in_aggregation: received from 4 accounts within 400min (5.6x its own baseline rate); no rapid cash-out observed
MERCHANT_GROCERY_5,11,fan_in_aggregation,fan_in_aggregation: received from 4 accounts within 400min (5.6x its own baseline rate); no rapid cash-out observed
MERCHANT_GROCERY_50,11,fan_in_aggregation,fan_in_aggregation: received from 4 accounts within 400min (6.0x its own baseline rate); no rapid cash-out observed
MERCHANT_HEALTHCARE_24,11,fan_in_aggregation,fan_in_aggregation: received from 4 accounts within 400min (5.5x its own baseline rate); no rapid cash-out observed
MERCHANT_HEALTHCARE_25,11,fan_in_aggregation,fan_in_aggregation: received from 5 accounts within 400min (6.4x its own baseline rate); no rapid cash-out observed
MERCHANT_RENT_3,11,fan_in_aggregation,fan_in_aggregation: received from 4 accounts within 400min (5.9x its own baseline rate); no rapid cash-out observed
MERCHANT_RENT_30,11,fan_in_aggregation,fan_in_aggregation: received from 4 accounts within 400min (5.7x its own baseline rate); no rapid cash-out observed
MERCHANT_RENT_31,11,fan_in_aggregation,fan_in_aggregation: received from 4 accounts within 400min (5.5x its own baseline rate); no rapid cash-out observed
MERCHANT_RENT_27,11,fan_in_aggregation,fan_in_aggregation: received from 4 accounts within 400min (5.7x its own baseline rate); no rapid cash-out observed
MERCHANT_RENT_28,11,fan_in_aggregation,fan_in_aggregation: received from 4 accounts within 400min (5.8x its own baseline rate); no rapid cash-out observed
MERCHANT_UTILITIES_13,11,fan_in_aggregation,fan_in_aggregation: received from 4 accounts within 400min (6.1x its own baseline rate); no rapid cash-out observed
MERCHANT_RENT_21,11,fan_in_aggregation,fan_in_aggregation: received from 4 accounts within 400min (5.7x its own baseline rate); no rapid cash-out observed
MERCHANT_RENT_38,11,fan_in_aggregation,fan_in_aggregation: received from 5 accounts within 400min (6.5x its own baseline rate); no rapid cash-out observed
MERCHANT_RENT_19,11,fan_in_aggregation,fan_in_aggregation: received from 4 accounts within 400min (5.6x its own baseline rate); no rapid cash-out observed
MERCHANT_RENT_2,11,fan_in_aggregation,fan_in_aggregation: received from 4 accounts within 400min (5.5x its own baseline rate); no rapid cash-out observed
MERCHANT_RENT_20,11,fan_in_aggregation,fan_in_aggregation: received from 4 accounts within 400min (6.1x its own baseline rate); no rapid cash-out observed
MERCHANT_RENT_17,11,fan_in_aggregation,fan_in_aggregation: received from 4 accounts within 400min (5.6x its own baseline rate); no rapid cash-out observed
MERCHANT_RENT_11,11,fan_in_aggregation,fan_in_aggregation: received from 5 accounts within 400min (6.5x its own baseline rate); no rapid cash-out observed
MERCHANT_RENT_12,11,fan_in_aggregation,fan_in_aggregation: received from 4 accounts within 400min (5.9x its own baseline rate); no rapid cash-out observed
MERCHANT_UTILITIES_17,11,fan_in_aggregation,fan_in_aggregation: received from 4 accounts within 400min (6.0x its own baseline rate); no rapid cash-out observed
MERCHANT_INSURANCE_7,11,fan_in_aggregation,fan_in_aggregation: received from 4 accounts within 400min (5.7x its own baseline rate); no rapid cash-out observed
MERCHANT_FUEL_36,11,fan_in_aggregation,fan_in_aggregation: received from 4 accounts within 400min (5.9x its own baseline rate); no rapid cash-out observed
MERCHANT_RENT_29,11,fan_in_aggregation,fan_in_aggregation: received from 4 accounts within 400min (5.6x its own baseline rate); no rapid cash-out observed
MERCHANT_HEALTHCARE_22,11,fan_in_aggregation,fan_in_aggregation: received from 4 accounts within 400min (5.9x its own baseline rate); no rapid cash-out observed
MERCHANT_HEALTHCARE_23,11,fan_in_aggregation,fan_in_aggregation: received from 4 accounts within 400min (6.3x its own baseline rate); no rapid cash-out observed
MERCHANT_HEALTHCARE_18,11,fan_in_aggregation,fan_in_aggregation: received from 4 accounts within 400min (5.6x its own baseline rate); no rapid cash-out observed
MERCHANT_UTILITIES_7,11,fan_in_aggregation,fan_in_aggregation: received from 4 accounts within 400min (5.9x its own baseline rate); no rapid cash-out observed
MERCHANT_FUEL_28,11,fan_in_aggregation,fan_in_aggregation: received from 4 accounts within 400min (6.3x its own baseline rate); no rapid cash-out observed
MERCHANT_HEALTHCARE_34,11,fan_in_aggregation,fan_in_aggregation: received from 4 accounts within 400min (6.1x its own baseline rate); no rapid cash-out observed
MERCHANT_HEALTHCARE_35,11,fan_in_aggregation,fan_in_aggregation: received from 4 accounts within 400min (5.6x its own baseline rate); no rapid cash-out observed
MERCHANT_HEALTHCARE_36,11,fan_in_aggregation,fan_in_aggregation: received from 4 accounts within 400min (5.8x its own baseline rate); no rapid cash-out observed
MERCHANT_RENT_10,11,fan_in_aggregation,fan_in_aggregation: received from 4 accounts within 400min (5.8x its own baseline rate); no rapid cash-out observed
MERCHANT_INSURANCE_49,11,fan_in_aggregation,fan_in_aggregation: received from 4 accounts within 400min (5.5x its own baseline rate); no rapid cash-out observed
MERCHANT_INSURANCE_6,11,fan_in_aggregation,fan_in_aggregation: received from 4 accounts within 400min (5.8x its own baseline rate); no rapid cash-out observed
MERCHANT_UTILITIES_21,11,fan_in_aggregation,fan_in_aggregation: received from 4 accounts within 400min (6.0x its own baseline rate); no rapid cash-out observed
MERCHANT_INSURANCE_44,11,fan_in_aggregation,fan_in_aggregation: received from 4 accounts within 400min (5.7x its own baseline rate); no rapid cash-out observed
MERCHANT_INSURANCE_45,11,fan_in_aggregation,fan_in_aggregation: received from 4 accounts within 400min (5.7x its own baseline rate); no rapid cash-out observed
MERCHANT_RENT_24,11,fan_in_aggregation,fan_in_aggregation: received from 4 accounts within 400min (5.7x its own baseline rate); no rapid cash-out observed
MERCHANT_RENT_25,11,fan_in_aggregation,fan_in_aggregation: received from 4 accounts within 400min (6.0x its own baseline rate); no rapid cash-out observed
MERCHANT_RENT_18,11,fan_in_aggregation,fan_in_aggregation: received from 4 accounts within 400min (5.9x its own baseline rate); no rapid cash-out observed
MERCHANT_INSURANCE_38,11,fan_in_aggregation,fan_in_aggregation: received from 4 accounts within 400min (5.5x its own baseline rate); no rapid cash-out observed
MERCHANT_INSURANCE_39,11,fan_in_aggregation,fan_in_aggregation: received from 5 accounts within 400min (6.5x its own baseline rate); no rapid cash-out observed
MERCHANT_INSURANCE_4,11,fan_in_aggregation,fan_in_aggregation: received from 4 accounts within 400min (5.5x its own baseline rate); no rapid cash-out observed
MERCHANT_INSURANCE_8,11,fan_in_aggregation,fan_in_aggregation: received from 4 accounts within 400min (5.6x its own baseline rate); no rapid cash-out observed
MERCHANT_INSURANCE_9,11,fan_in_aggregation,fan_in_aggregation: received from 4 accounts within 400min (5.8x its own baseline rate); no rapid cash-out observed
MERCHANT_RENT_1,11,fan_in_aggregation,fan_in_aggregation: received from 4 accounts within 400min (5.7x its own baseline rate); no rapid cash-out observed
MERCHANT_HEALTHCARE_28,11,fan_in_aggregation,fan_in_aggregation: received from 5 accounts within 400min (6.3x its own baseline rate); no rapid cash-out observed
MERCHANT_RETAIL_47,11,fan_in_aggregation,fan_in_aggregation: received from 4 accounts within 400min (5.9x its own baseline rate); no rapid cash-out observed
MERCHANT_RETAIL_4,11,fan_in_aggregation,fan_in_aggregation: received from 4 accounts within 400min (5.7x its own baseline rate); no rapid cash-out observed
MERCHANT_GROCERY_25,11,fan_in_aggregation,fan_in_aggregation: received from 4 accounts within 400min (5.5x its own baseline rate); no rapid cash-out observed
MERCHANT_GROCERY_27,11,fan_in_aggregation,fan_in_aggregation: received from 4 accounts within 400min (5.8x its own baseline rate); no rapid cash-out observed
MERCHANT_GROCERY_24,11,fan_in_aggregation,fan_in_aggregation: received from 4 accounts within 400min (6.4x its own baseline rate); no rapid cash-out observed
MERCHANT_GROCERY_19,11,fan_in_aggregation,fan_in_aggregation: received from 4 accounts within 400min (5.6x its own baseline rate); no rapid cash-out observed
MERCHANT_GROCERY_37,11,fan_in_aggregation,fan_in_aggregation: received from 4 accounts within 400min (5.9x its own baseline rate); no rapid cash-out observed
MERCHANT_GROCERY_38,11,fan_in_aggregation,fan_in_aggregation: received from 4 accounts within 400min (5.8x its own baseline rate); no rapid cash-out observed
MERCHANT_GROCERY_39,11,fan_in_aggregation,fan_in_aggregation: received from 4 accounts within 400min (5.6x its own baseline rate); no rapid cash-out observed
MERCHANT_RETAIL_18,11,fan_in_aggregation,fan_in_aggregation: received from 4 accounts within 400min (5.8x its own baseline rate); no rapid cash-out observed
MERCHANT_RETAIL_19,11,fan_in_aggregation,fan_in_aggregation: received from 4 accounts within 400min (5.9x its own baseline rate); no rapid cash-out observed
MERCHANT_RETAIL_2,11,fan_in_aggregation,fan_in_aggregation: received from 4 accounts within 400min (5.7x its own baseline rate); no rapid cash-out observed
MERCHANT_RETAIL_14,11,fan_in_aggregation,fan_in_aggregation: received from 4 accounts within 400min (5.8x its own baseline rate); no rapid cash-out observed
MERCHANT_RETAIL_15,11,fan_in_aggregation,fan_in_aggregation: received from 4 accounts within 400min (5.9x its own baseline rate); no rapid cash-out observed
MERCHANT_UTILITIES_47,11,fan_in_aggregation,fan_in_aggregation: received from 4 accounts within 400min (5.6x its own baseline rate); no rapid cash-out observed
MERCHANT_UTILITIES_48,11,fan_in_aggregation,fan_in_aggregation: received from 4 accounts within 400min (5.5x its own baseline rate); no rapid cash-out observed
MERCHANT_UTILITIES_49,11,fan_in_aggregation,fan_in_aggregation: received from 4 accounts within 400min (5.6x its own baseline rate); no rapid cash-out observed
MERCHANT_UTILITIES_5,11,fan_in_aggregation,fan_in_aggregation: received from 4 accounts within 400min (5.7x its own baseline rate); no rapid cash-out observed
MERCHANT_HEALTHCARE_44,11,fan_in_aggregation,fan_in_aggregation: received from 4 accounts within 400min (5.5x its own baseline rate); no rapid cash-out observed
MERCHANT_HEALTHCARE_45,11,fan_in_aggregation,fan_in_aggregation: received from 4 accounts within 400min (5.9x its own baseline rate); no rapid cash-out observed
MERCHANT_INSURANCE_3,11,fan_in_aggregation,fan_in_aggregation: received from 4 accounts within 400min (5.7x its own baseline rate); no rapid cash-out observed
MERCHANT_INSURANCE_25,11,fan_in_aggregation,fan_in_aggregation: received from 4 accounts within 400min (6.0x its own baseline rate); no rapid cash-out observed
MERCHANT_INSURANCE_26,11,fan_in_aggregation,fan_in_aggregation: received from 4 accounts within 400min (5.5x its own baseline rate); no rapid cash-out observed
MERCHANT_INSURANCE_27,11,fan_in_aggregation,fan_in_aggregation: received from 4 accounts within 400min (6.0x its own baseline rate); no rapid cash-out observed
MERCHANT_INSURANCE_28,11,fan_in_aggregation,fan_in_aggregation: received from 4 accounts within 400min (5.6x its own baseline rate); no rapid cash-out observed
MERCHANT_INSURANCE_21,11,fan_in_aggregation,fan_in_aggregation: received from 4 accounts within 400min (5.8x its own baseline rate); no rapid cash-out observed
MERCHANT_INSURANCE_48,11,fan_in_aggregation,fan_in_aggregation: received from 4 accounts within 400min (5.5x its own baseline rate); no rapid cash-out observed
MERCHANT_HEALTHCARE_38,11,fan_in_aggregation,fan_in_aggregation: received from 4 accounts within 400min (5.5x its own baseline rate); no rapid cash-out observed
MERCHANT_HEALTHCARE_39,11,fan_in_aggregation,fan_in_aggregation: received from 4 accounts within 400min (5.7x its own baseline rate); no rapid cash-out observed
MERCHANT_HEALTHCARE_4,11,fan_in_aggregation,fan_in_aggregation: received from 4 accounts within 400min (5.5x its own baseline rate); no rapid cash-out observed
MERCHANT_UTILITIES_44,11,fan_in_aggregation,fan_in_aggregation: received from 4 accounts within 400min (5.8x its own baseline rate); no rapid cash-out observed
MERCHANT_INSURANCE_12,11,fan_in_aggregation,fan_in_aggregation: received from 4 accounts within 400min (5.5x its own baseline rate); no rapid cash-out observed
MERCHANT_INSURANCE_13,11,fan_in_aggregation,fan_in_aggregation: received from 4 accounts within 400min (6.3x its own baseline rate); no rapid cash-out observed
MERCHANT_INSURANCE_20,11,fan_in_aggregation,fan_in_aggregation: received from 4 accounts within 400min (5.5x its own baseline rate); no rapid cash-out observed
MERCHANT_INSURANCE_16,11,fan_in_aggregation,fan_in_aggregation: received from 4 accounts within 400min (5.6x its own baseline rate); no rapid cash-out observed
MERCHANT_INSURANCE_17,11,fan_in_aggregation,fan_in_aggregation: received from 4 accounts within 400min (6.0x its own baseline rate); no rapid cash-out observed
MERCHANT_UTILITIES_33,11,fan_in_aggregation,fan_in_aggregation: received from 4 accounts within 400min (5.5x its own baseline rate); no rapid cash-out observed
MERCHANT_UTILITIES_34,11,fan_in_aggregation,fan_in_aggregation: received from 4 accounts within 400min (5.7x its own baseline rate); no rapid cash-out observed
MERCHANT_RETAIL_38,11,fan_in_aggregation,fan_in_aggregation: received from 4 accounts within 400min (5.8x its own baseline rate); no rapid cash-out observed
MERCHANT_RETAIL_39,11,fan_in_aggregation,fan_in_aggregation: received from 4 accounts within 400min (5.6x its own baseline rate); no rapid cash-out observed
MERCHANT_SUBSCRIPTION_16,11,fan_in_aggregation,fan_in_aggregation: received from 4 accounts within 400min (5.5x its own baseline rate); no rapid cash-out observed
MERCHANT_GROCERY_17,11,fan_in_aggregation,fan_in_aggregation: received from 4 accounts within 400min (6.2x its own baseline rate); no rapid cash-out observed
MERCHANT_RETAIL_28,11,fan_in_aggregation,fan_in_aggregation: received from 4 accounts within 400min (5.9x its own baseline rate); no rapid cash-out observed
MERCHANT_RETAIL_30,11,fan_in_aggregation,fan_in_aggregation: received from 4 accounts within 400min (6.2x its own baseline rate); no rapid cash-out observed
MERCHANT_RETAIL_24,11,fan_in_aggregation,fan_in_aggregation: received from 4 accounts within 400min (5.6x its own baseline rate); no rapid cash-out observed
MERCHANT_SUBSCRIPTION_2,11,fan_in_aggregation,fan_in_aggregation: received from 4 accounts within 400min (5.8x its own baseline rate); no rapid cash-out observed
MERCHANT_FUEL_30,11,fan_in_aggregation,fan_in_aggregation: received from 4 accounts within 400min (5.7x its own baseline rate); no rapid cash-out observed
MERCHANT_FUEL_31,11,fan_in_aggregation,fan_in_aggregation: received from 5 accounts within 400min (6.4x its own baseline rate); no rapid cash-out observed
MERCHANT_UTILITIES_36,11,fan_in_aggregation,fan_in_aggregation: received from 4 accounts within 400min (5.7x its own baseline rate); no rapid cash-out observed
MERCHANT_INSURANCE_11,11,fan_in_aggregation,fan_in_aggregation: received from 4 accounts within 400min (5.9x its own baseline rate); no rapid cash-out observed
MERCHANT_INSURANCE_32,11,fan_in_aggregation,fan_in_aggregation: received from 4 accounts within 400min (5.5x its own baseline rate); no rapid cash-out observed
MERCHANT_HEALTHCARE_8,11,fan_in_aggregation,fan_in_aggregation: received from 5 accounts within 400min (6.5x its own baseline rate); no rapid cash-out observed
MERCHANT_INSURANCE_1,11,fan_in_aggregation,fan_in_aggregation: received from 4 accounts within 400min (5.9x its own baseline rate); no rapid cash-out observed
MERCHANT_UTILITIES_37,11,fan_in_aggregation,fan_in_aggregation: received from 4 accounts within 400min (5.6x its own baseline rate); no rapid cash-out observed
MERCHANT_UTILITIES_38,11,fan_in_aggregation,fan_in_aggregation: received from 4 accounts within 400min (5.8x its own baseline rate); no rapid cash-out observed
MERCHANT_UTILITIES_40,11,fan_in_aggregation,fan_in_aggregation: received from 4 accounts within 400min (5.8x its own baseline rate); no rapid cash-out observed
MERCHANT_UTILITIES_41,11,fan_in_aggregation,fan_in_aggregation: received from 4 accounts within 400min (5.7x its own baseline rate); no rapid cash-out observed
MERCHANT_INSURANCE_22,11,fan_in_aggregation,fan_in_aggregation: received from 4 accounts within 400min (5.5x its own baseline rate); no rapid cash-out observed
MERCHANT_INSURANCE_23,11,fan_in_aggregation,fan_in_aggregation: received from 4 accounts within 400min (6.3x its own baseline rate); no rapid cash-out observed
MERCHANT_INSURANCE_18,11,fan_in_aggregation,fan_in_aggregation: received from 4 accounts within 400min (5.6x its own baseline rate); no rapid cash-out observed
MERCHANT_RETAIL_49,11,fan_in_aggregation,fan_in_aggregation: received from 4 accounts within 400min (5.6x its own baseline rate); no rapid cash-out observed
MERCHANT_FUEL_41,11,fan_in_aggregation,fan_in_aggregation: received from 4 accounts within 400min (5.6x its own baseline rate); no rapid cash-out observed
MERCHANT_FUEL_6,10,fan_in_aggregation,fan_in_aggregation: received from 4 accounts within 400min (5.4x its own baseline rate); no rapid cash-out observed
MERCHANT_FUEL_10,10,fan_in_aggregation,fan_in_aggregation: received from 4 accounts within 400min (5.1x its own baseline rate); no rapid cash-out observed
MERCHANT_FUEL_14,10,fan_in_aggregation,fan_in_aggregation: received from 4 accounts within 400min (5.1x its own baseline rate); no rapid cash-out observed
MERCHANT_GROCERY_15,10,fan_in_aggregation,fan_in_aggregation: received from 4 accounts within 400min (5.2x its own baseline rate); no rapid cash-out observed
MERCHANT_GROCERY_14,10,fan_in_aggregation,fan_in_aggregation: received from 4 accounts within 400min (5.3x its own baseline rate); no rapid cash-out observed
MERCHANT_GROCERY_18,10,fan_in_aggregation,fan_in_aggregation: received from 4 accounts within 400min (5.5x its own baseline rate); no rapid cash-out observed
MERCHANT_FUEL_9,10,fan_in_aggregation,fan_in_aggregation: received from 4 accounts within 400min (5.1x its own baseline rate); no rapid cash-out observed
MERCHANT_FUEL_7,10,fan_in_aggregation,fan_in_aggregation: received from 4 accounts within 400min (5.2x its own baseline rate); no rapid cash-out observed
MERCHANT_RETAIL_45,10,fan_in_aggregation,fan_in_aggregation: received from 4 accounts within 400min (5.5x its own baseline rate); no rapid cash-out observed
MERCHANT_RETAIL_44,10,fan_in_aggregation,fan_in_aggregation: received from 4 accounts within 400min (5.5x its own baseline rate); no rapid cash-out observed
MERCHANT_SUBSCRIPTION_12,10,fan_in_aggregation,fan_in_aggregation: received from 4 accounts within 400min (5.4x its own baseline rate); no rapid cash-out observed
MERCHANT_RETAIL_5,10,fan_in_aggregation,fan_in_aggregation: received from 4 accounts within 400min (5.2x its own baseline rate); no rapid cash-out observed
MERCHANT_RETAIL_48,10,fan_in_aggregation,fan_in_aggregation: received from 4 accounts within 400min (5.4x its own baseline rate); no rapid cash-out observed
MERCHANT_FUEL_40,10,fan_in_aggregation,fan_in_aggregation: received from 4 accounts within 400min (5.3x its own baseline rate); no rapid cash-out observed
MERCHANT_HEALTHCARE_50,10,fan_in_aggregation,fan_in_aggregation: received from 4 accounts within 400min (5.3x its own baseline rate); no rapid cash-out observed
MERCHANT_HEALTHCARE_5,10,fan_in_aggregation,fan_in_aggregation: received from 4 accounts within 400min (5.5x its own baseline rate); no rapid cash-out observed
MERCHANT_HEALTHCARE_48,10,fan_in_aggregation,fan_in_aggregation: received from 4 accounts within 400min (5.0x its own baseline rate); no rapid cash-out observed
MERCHANT_UTILITIES_4,10,fan_in_aggregation,fan_in_aggregation: received from 4 accounts within 400min (5.3x its own baseline rate); no rapid cash-out observed
MERCHANT_UTILITIES_39,10,fan_in_aggregation,fan_in_aggregation: received from 4 accounts within 400min (5.1x its own baseline rate); no rapid cash-out observed
MERCHANT_HEALTHCARE_9,10,fan_in_aggregation,fan_in_aggregation: received from 4 accounts within 400min (5.4x its own baseline rate); no rapid cash-out observed
MERCHANT_UTILITIES_35,10,fan_in_aggregation,fan_in_aggregation: received from 4 accounts within 400min (5.3x its own baseline rate); no rapid cash-out observed
MERCHANT_INSURANCE_15,10,fan_in_aggregation,fan_in_aggregation: received from 4 accounts within 400min (5.5x its own baseline rate); no rapid cash-out observed
MERCHANT_INSURANCE_2,10,fan_in_aggregation,fan_in_aggregation: received from 4 accounts within 400min (5.4x its own baseline rate); no rapid cash-out observed
MERCHANT_INSURANCE_19,10,fan_in_aggregation,fan_in_aggregation: received from 4 accounts within 400min (5.1x its own baseline rate); no rapid cash-out observed
MERCHANT_HEALTHCARE_7,10,fan_in_aggregation,fan_in_aggregation: received from 4 accounts within 400min (5.5x its own baseline rate); no rapid cash-out observed
MERCHANT_UTILITIES_43,10,fan_in_aggregation,fan_in_aggregation: received from 4 accounts within 400min (5.4x its own baseline rate); no rapid cash-out observed
MERCHANT_UTILITIES_42,10,fan_in_aggregation,fan_in_aggregation: received from 4 accounts within 400min (5.4x its own baseline rate); no rapid cash-out observed
MERCHANT_HEALTHCARE_43,10,fan_in_aggregation,fan_in_aggregation: received from 4 accounts within 400min (5.4x its own baseline rate); no rapid cash-out observed
MERCHANT_HEALTHCARE_42,10,fan_in_aggregation,fan_in_aggregation: received from 4 accounts within 400min (5.2x its own baseline rate); no rapid cash-out observed
MERCHANT_HEALTHCARE_41,10,fan_in_aggregation,fan_in_aggregation: received from 4 accounts within 400min (5.0x its own baseline rate); no rapid cash-out observed
MERCHANT_HEALTHCARE_47,10,fan_in_aggregation,fan_in_aggregation: received from 4 accounts within 400min (5.3x its own baseline rate); no rapid cash-out observed
MERCHANT_HEALTHCARE_46,10,fan_in_aggregation,fan_in_aggregation: received from 4 accounts within 400min (5.4x its own baseline rate); no rapid cash-out observed
MERCHANT_INSURANCE_41,10,fan_in_aggregation,fan_in_aggregation: received from 4 accounts within 400min (5.0x its own baseline rate); no rapid cash-out observed
MERCHANT_UTILITIES_28,10,fan_in_aggregation,fan_in_aggregation: received from 4 accounts within 400min (5.3x its own baseline rate); no rapid cash-out observed
MERCHANT_UTILITIES_27,10,fan_in_aggregation,fan_in_aggregation: received from 4 accounts within 400min (5.4x its own baseline rate); no rapid cash-out observed
MERCHANT_INSURANCE_30,10,fan_in_aggregation,fan_in_aggregation: received from 4 accounts within 400min (5.4x its own baseline rate); no rapid cash-out observed
MERCHANT_INSURANCE_29,10,fan_in_aggregation,fan_in_aggregation: received from 4 accounts within 400min (5.2x its own baseline rate); no rapid cash-out observed
MERCHANT_HEALTHCARE_6,10,fan_in_aggregation,fan_in_aggregation: received from 4 accounts within 400min (5.3x its own baseline rate); no rapid cash-out observed
MERCHANT_UTILITIES_45,10,fan_in_aggregation,fan_in_aggregation: received from 4 accounts within 400min (4.7x its own baseline rate); no rapid cash-out observed
MERCHANT_HEALTHCARE_3,10,fan_in_aggregation,fan_in_aggregation: received from 4 accounts within 400min (5.5x its own baseline rate); no rapid cash-out observed
MERCHANT_HEALTHCARE_29,10,fan_in_aggregation,fan_in_aggregation: received from 4 accounts within 400min (5.3x its own baseline rate); no rapid cash-out observed
MERCHANT_HEALTHCARE_33,10,fan_in_aggregation,fan_in_aggregation: received from 4 accounts within 400min (5.3x its own baseline rate); no rapid cash-out observed
MERCHANT_HEALTHCARE_32,10,fan_in_aggregation,fan_in_aggregation: received from 4 accounts within 400min (5.3x its own baseline rate); no rapid cash-out observed
MERCHANT_UTILITIES_26,10,fan_in_aggregation,fan_in_aggregation: received from 4 accounts within 400min (5.1x its own baseline rate); no rapid cash-out observed
MERCHANT_UTILITIES_24,10,fan_in_aggregation,fan_in_aggregation: received from 4 accounts within 400min (5.1x its own baseline rate); no rapid cash-out observed
MERCHANT_UTILITIES_23,10,fan_in_aggregation,fan_in_aggregation: received from 4 accounts within 400min (5.4x its own baseline rate); no rapid cash-out observed
MERCHANT_UTILITIES_22,10,fan_in_aggregation,fan_in_aggregation: received from 4 accounts within 400min (5.3x its own baseline rate); no rapid cash-out observed
MERCHANT_INSURANCE_37,10,fan_in_aggregation,fan_in_aggregation: received from 4 accounts within 400min (5.3x its own baseline rate); no rapid cash-out observed
MERCHANT_INSURANCE_36,10,fan_in_aggregation,fan_in_aggregation: received from 4 accounts within 400min (5.4x its own baseline rate); no rapid cash-out observed
MERCHANT_INSURANCE_35,10,fan_in_aggregation,fan_in_aggregation: received from 4 accounts within 400min (5.1x its own baseline rate); no rapid cash-out observed
MERCHANT_INSURANCE_43,10,fan_in_aggregation,fan_in_aggregation: received from 4 accounts within 400min (5.3x its own baseline rate); no rapid cash-out observed
MERCHANT_INSURANCE_42,10,fan_in_aggregation,fan_in_aggregation: received from 4 accounts within 400min (5.1x its own baseline rate); no rapid cash-out observed
MERCHANT_INSURANCE_47,10,fan_in_aggregation,fan_in_aggregation: received from 4 accounts within 400min (5.4x its own baseline rate); no rapid cash-out observed
MERCHANT_UTILITIES_20,10,fan_in_aggregation,fan_in_aggregation: received from 4 accounts within 400min (5.4x its own baseline rate); no rapid cash-out observed
MERCHANT_UTILITIES_19,10,fan_in_aggregation,fan_in_aggregation: received from 4 accounts within 400min (5.0x its own baseline rate); no rapid cash-out observed
MERCHANT_INSURANCE_50,10,fan_in_aggregation,fan_in_aggregation: received from 4 accounts within 400min (5.4x its own baseline rate); no rapid cash-out observed
MERCHANT_INSURANCE_5,10,fan_in_aggregation,fan_in_aggregation: received from 4 accounts within 400min (5.1x its own baseline rate); no rapid cash-out observed
MERCHANT_HEALTHCARE_13,10,fan_in_aggregation,fan_in_aggregation: received from 4 accounts within 400min (5.4x its own baseline rate); no rapid cash-out observed
MERCHANT_UTILITIES_6,10,fan_in_aggregation,fan_in_aggregation: received from 4 accounts within 400min (5.2x its own baseline rate); no rapid cash-out observed
MERCHANT_HEALTHCARE_2,10,fan_in_aggregation,fan_in_aggregation: received from 4 accounts within 400min (5.3x its own baseline rate); no rapid cash-out observed
MERCHANT_HEALTHCARE_19,10,fan_in_aggregation,fan_in_aggregation: received from 4 accounts within 400min (5.2x its own baseline rate); no rapid cash-out observed
MERCHANT_HEALTHCARE_21,10,fan_in_aggregation,fan_in_aggregation: received from 4 accounts within 400min (5.3x its own baseline rate); no rapid cash-out observed
MERCHANT_HEALTHCARE_20,10,fan_in_aggregation,fan_in_aggregation: received from 4 accounts within 400min (5.0x its own baseline rate); no rapid cash-out observed
MERCHANT_FUEL_35,10,fan_in_aggregation,fan_in_aggregation: received from 4 accounts within 400min (5.2x its own baseline rate); no rapid cash-out observed
MERCHANT_UTILITIES_16,10,fan_in_aggregation,fan_in_aggregation: received from 4 accounts within 400min (5.3x its own baseline rate); no rapid cash-out observed
MERCHANT_UTILITIES_15,10,fan_in_aggregation,fan_in_aggregation: received from 4 accounts within 400min (4.9x its own baseline rate); no rapid cash-out observed
MERCHANT_RENT_15,10,fan_in_aggregation,fan_in_aggregation: received from 4 accounts within 400min (5.1x its own baseline rate); no rapid cash-out observed
MERCHANT_RENT_43,10,fan_in_aggregation,fan_in_aggregation: received from 4 accounts within 400min (5.4x its own baseline rate); no rapid cash-out observed
MERCHANT_RENT_23,10,fan_in_aggregation,fan_in_aggregation: received from 4 accounts within 400min (5.1x its own baseline rate); no rapid cash-out observed
MERCHANT_RENT_22,10,fan_in_aggregation,fan_in_aggregation: received from 4 accounts within 400min (4.6x its own baseline rate); no rapid cash-out observed
MERCHANT_UTILITIES_12,10,fan_in_aggregation,fan_in_aggregation: received from 4 accounts within 400min (5.2x its own baseline rate); no rapid cash-out observed
MERCHANT_UTILITIES_11,10,fan_in_aggregation,fan_in_aggregation: received from 4 accounts within 400min (5.4x its own baseline rate); no rapid cash-out observed
MERCHANT_UTILITIES_10,10,fan_in_aggregation,fan_in_aggregation: received from 4 accounts within 400min (5.2x its own baseline rate); no rapid cash-out observed
MERCHANT_RENT_26,10,fan_in_aggregation,fan_in_aggregation: received from 4 accounts within 400min (5.3x its own baseline rate); no rapid cash-out observed
MERCHANT_HEALTHCARE_26,10,fan_in_aggregation,fan_in_aggregation: received from 4 accounts within 400min (5.5x its own baseline rate); no rapid cash-out observed
MERCHANT_UTILITIES_8,10,fan_in_aggregation,fan_in_aggregation: received from 4 accounts within 400min (5.1x its own baseline rate); no rapid cash-out observed
MERCHANT_FUEL_3,10,fan_in_aggregation,fan_in_aggregation: received from 4 accounts within 400min (5.5x its own baseline rate); no rapid cash-out observed
MERCHANT_HEALTHCARE_12,10,fan_in_aggregation,fan_in_aggregation: received from 4 accounts within 400min (5.3x its own baseline rate); no rapid cash-out observed
MERCHANT_RENT_5,10,fan_in_aggregation,fan_in_aggregation: received from 4 accounts within 400min (5.3x its own baseline rate); no rapid cash-out observed
MERCHANT_RENT_48,10,fan_in_aggregation,fan_in_aggregation: received from 4 accounts within 400min (5.3x its own baseline rate); no rapid cash-out observed
MERCHANT_SUBSCRIPTION_9,10,fan_in_aggregation,fan_in_aggregation: received from 4 accounts within 400min (5.3x its own baseline rate); no rapid cash-out observed
MERCHANT_SUBSCRIPTION_7,10,fan_in_aggregation,fan_in_aggregation: received from 4 accounts within 400min (5.0x its own baseline rate); no rapid cash-out observed
MERCHANT_RENT_35,10,fan_in_aggregation,fan_in_aggregation: received from 4 accounts within 400min (5.5x its own baseline rate); no rapid cash-out observed
MERCHANT_RENT_34,10,fan_in_aggregation,fan_in_aggregation: received from 4 accounts within 400min (5.4x its own baseline rate); no rapid cash-out observed
MERCHANT_RENT_33,10,fan_in_aggregation,fan_in_aggregation: received from 4 accounts within 400min (5.3x its own baseline rate); no rapid cash-out observed
MERCHANT_RESTAURANT_15,10,fan_in_aggregation,fan_in_aggregation: received from 4 accounts within 400min (5.3x its own baseline rate); no rapid cash-out observed
MERCHANT_RESTAURANT_14,10,fan_in_aggregation,fan_in_aggregation: received from 4 accounts within 400min (5.1x its own baseline rate); no rapid cash-out observed
MERCHANT_RESTAURANT_13,10,fan_in_aggregation,fan_in_aggregation: received from 4 accounts within 400min (5.1x its own baseline rate); no rapid cash-out observed
MERCHANT_RENT_47,10,fan_in_aggregation,fan_in_aggregation: received from 4 accounts within 400min (5.1x its own baseline rate); no rapid cash-out observed
MERCHANT_RENT_45,10,fan_in_aggregation,fan_in_aggregation: received from 4 accounts within 400min (5.3x its own baseline rate); no rapid cash-out observed
MERCHANT_HEALTHCARE_15,10,fan_in_aggregation,fan_in_aggregation: received from 4 accounts within 400min (5.4x its own baseline rate); no rapid cash-out observed
MERCHANT_FUEL_26,10,fan_in_aggregation,fan_in_aggregation: received from 4 accounts within 400min (5.1x its own baseline rate); no rapid cash-out observed
MERCHANT_GROCERY_42,10,fan_in_aggregation,fan_in_aggregation: received from 4 accounts within 400min (5.2x its own baseline rate); no rapid cash-out observed
MERCHANT_GROCERY_41,10,fan_in_aggregation,fan_in_aggregation: received from 4 accounts within 400min (5.1x its own baseline rate); no rapid cash-out observed
MERCHANT_GROCERY_40,10,fan_in_aggregation,fan_in_aggregation: received from 4 accounts within 400min (5.3x its own baseline rate); no rapid cash-out observed
MERCHANT_GROCERY_44,10,fan_in_aggregation,fan_in_aggregation: received from 4 accounts within 400min (5.4x its own baseline rate); no rapid cash-out observed
MERCHANT_GROCERY_49,10,fan_in_aggregation,fan_in_aggregation: received from 4 accounts within 400min (5.3x its own baseline rate); no rapid cash-out observed
MERCHANT_SUBSCRIPTION_45,10,fan_in_aggregation,fan_in_aggregation: received from 4 accounts within 400min (5.0x its own baseline rate); no rapid cash-out observed
MERCHANT_RENT_7,10,fan_in_aggregation,fan_in_aggregation: received from 4 accounts within 400min (5.5x its own baseline rate); no rapid cash-out observed
MERCHANT_RESTAURANT_16,10,fan_in_aggregation,fan_in_aggregation: received from 4 accounts within 400min (5.5x its own baseline rate); no rapid cash-out observed
MERCHANT_SUBSCRIPTION_38,10,fan_in_aggregation,fan_in_aggregation: received from 4 accounts within 400min (5.5x its own baseline rate); no rapid cash-out observed
MERCHANT_RESTAURANT_18,10,fan_in_aggregation,fan_in_aggregation: received from 4 accounts within 400min (5.5x its own baseline rate); no rapid cash-out observed
MERCHANT_RESTAURANT_17,10,fan_in_aggregation,fan_in_aggregation: received from 4 accounts within 400min (5.2x its own baseline rate); no rapid cash-out observed
MERCHANT_RESTAURANT_20,10,fan_in_aggregation,fan_in_aggregation: received from 4 accounts within 400min (5.3x its own baseline rate); no rapid cash-out observed
MERCHANT_SUBSCRIPTION_37,10,fan_in_aggregation,fan_in_aggregation: received from 4 accounts within 400min (5.4x its own baseline rate); no rapid cash-out observed
MERCHANT_RESTAURANT_29,10,fan_in_aggregation,fan_in_aggregation: received from 4 accounts within 400min (5.2x its own baseline rate); no rapid cash-out observed
MERCHANT_FUEL_20,10,fan_in_aggregation,fan_in_aggregation: received from 4 accounts within 400min (5.2x its own baseline rate); no rapid cash-out observed
MERCHANT_GROCERY_35,10,fan_in_aggregation,fan_in_aggregation: received from 4 accounts within 400min (5.3x its own baseline rate); no rapid cash-out observed
MERCHANT_GROCERY_33,10,fan_in_aggregation,fan_in_aggregation: received from 4 accounts within 400min (5.3x its own baseline rate); no rapid cash-out observed
MERCHANT_GROCERY_32,10,fan_in_aggregation,fan_in_aggregation: received from 4 accounts within 400min (5.5x its own baseline rate); no rapid cash-out observed
MERCHANT_RESTAURANT_38,10,fan_in_aggregation,fan_in_aggregation: received from 4 accounts within 400min (5.4x its own baseline rate); no rapid cash-out observed
MERCHANT_RESTAURANT_37,10,fan_in_aggregation,fan_in_aggregation: received from 4 accounts within 400min (5.4x its own baseline rate); no rapid cash-out observed
MERCHANT_SUBSCRIPTION_3,10,fan_in_aggregation,fan_in_aggregation: received from 4 accounts within 400min (5.3x its own baseline rate); no rapid cash-out observed
MERCHANT_RESTAURANT_40,10,fan_in_aggregation,fan_in_aggregation: received from 4 accounts within 400min (5.3x its own baseline rate); no rapid cash-out observed
MERCHANT_RESTAURANT_45,10,fan_in_aggregation,fan_in_aggregation: received from 4 accounts within 400min (5.5x its own baseline rate); no rapid cash-out observed
MERCHANT_SUBSCRIPTION_29,10,fan_in_aggregation,fan_in_aggregation: received from 4 accounts within 400min (5.2x its own baseline rate); no rapid cash-out observed
MERCHANT_SUBSCRIPTION_28,10,fan_in_aggregation,fan_in_aggregation: received from 4 accounts within 400min (5.2x its own baseline rate); no rapid cash-out observed
MERCHANT_SUBSCRIPTION_27,10,fan_in_aggregation,fan_in_aggregation: received from 4 accounts within 400min (5.4x its own baseline rate); no rapid cash-out observed
MERCHANT_SUBSCRIPTION_25,10,fan_in_aggregation,fan_in_aggregation: received from 4 accounts within 400min (5.2x its own baseline rate); no rapid cash-out observed
MERCHANT_SUBSCRIPTION_23,10,fan_in_aggregation,fan_in_aggregation: received from 4 accounts within 400min (5.3x its own baseline rate); no rapid cash-out observed
MERCHANT_RETAIL_13,10,fan_in_aggregation,fan_in_aggregation: received from 4 accounts within 400min (5.4x its own baseline rate); no rapid cash-out observed
MERCHANT_RETAIL_17,10,fan_in_aggregation,fan_in_aggregation: received from 4 accounts within 400min (4.7x its own baseline rate); no rapid cash-out observed
MERCHANT_FUEL_19,10,fan_in_aggregation,fan_in_aggregation: received from 4 accounts within 400min (5.1x its own baseline rate); no rapid cash-out observed
MERCHANT_FUEL_17,10,fan_in_aggregation,fan_in_aggregation: received from 4 accounts within 400min (4.9x its own baseline rate); no rapid cash-out observed
MERCHANT_GROCERY_22,10,fan_in_aggregation,fan_in_aggregation: received from 4 accounts within 400min (5.4x its own baseline rate); no rapid cash-out observed
MERCHANT_GROCERY_21,10,fan_in_aggregation,fan_in_aggregation: received from 4 accounts within 400min (5.5x its own baseline rate); no rapid cash-out observed
MERCHANT_GROCERY_28,10,fan_in_aggregation,fan_in_aggregation: received from 4 accounts within 400min (5.2x its own baseline rate); no rapid cash-out observed
MERCHANT_GROCERY_26,10,fan_in_aggregation,fan_in_aggregation: received from 4 accounts within 400min (5.4x its own baseline rate); no rapid cash-out observed
MERCHANT_FUEL_39,10,fan_in_aggregation,fan_in_aggregation: received from 4 accounts within 400min (5.2x its own baseline rate); no rapid cash-out observed
MERCHANT_RETAIL_46,10,fan_in_aggregation,fan_in_aggregation: received from 4 accounts within 400min (5.4x its own baseline rate); no rapid cash-out observed
MERCHANT_RETAIL_20,10,fan_in_aggregation,fan_in_aggregation: received from 4 accounts within 400min (5.3x its own baseline rate); no rapid cash-out observed
MERCHANT_RETAIL_27,10,fan_in_aggregation,fan_in_aggregation: received from 4 accounts within 400min (5.1x its own baseline rate); no rapid cash-out observed
MERCHANT_RETAIL_25,10,fan_in_aggregation,fan_in_aggregation: received from 4 accounts within 400min (5.3x its own baseline rate); no rapid cash-out observed
MERCHANT_RETAIL_3,10,fan_in_aggregation,fan_in_aggregation: received from 4 accounts within 400min (5.2x its own baseline rate); no rapid cash-out observed
MERCHANT_GROCERY_16,10,fan_in_aggregation,fan_in_aggregation: received from 4 accounts within 400min (5.3x its own baseline rate); no rapid cash-out observed
MERCHANT_GROCERY_20,10,fan_in_aggregation,fan_in_aggregation: received from 4 accounts within 400min (4.7x its own baseline rate); no rapid cash-out observed
MERCHANT_SUBSCRIPTION_18,10,fan_in_aggregation,fan_in_aggregation: received from 4 accounts within 400min (4.9x its own baseline rate); no rapid cash-out observed
MERCHANT_SUBSCRIPTION_17,10,fan_in_aggregation,fan_in_aggregation: received from 4 accounts within 400min (5.1x its own baseline rate); no rapid cash-out observed
MERCHANT_RETAIL_37,10,fan_in_aggregation,fan_in_aggregation: received from 4 accounts within 400min (5.3x its own baseline rate); no rapid cash-out observed
MERCHANT_RETAIL_42,10,fan_in_aggregation,fan_in_aggregation: received from 4 accounts within 400min (5.4x its own baseline rate); no rapid cash-out observed
MERCHANT_RETAIL_41,10,fan_in_aggregation,fan_in_aggregation: received from 4 accounts within 400min (5.4x its own baseline rate); no rapid cash-out observed
MERCHANT_FUEL_37,10,fan_in_aggregation,fan_in_aggregation: received from 4 accounts within 400min (5.2x its own baseline rate); no rapid cash-out observed
MERCHANT_FUEL_12,10,fan_in_aggregation,fan_in_aggregation: received from 4 accounts within 400min (5.3x its own baseline rate); no rapid cash-out observed
MERCHANT_FUEL_50,10,fan_in_aggregation,fan_in_aggregation: received from 4 accounts within 400min (4.8x its own baseline rate); no rapid cash-out observed
MERCHANT_FUEL_5,10,fan_in_aggregation,fan_in_aggregation: received from 4 accounts within 400min (5.3x its own baseline rate); no rapid cash-out observed
MERCHANT_RETAIL_9,10,fan_in_aggregation,fan_in_aggregation: received from 4 accounts within 400min (4.9x its own baseline rate); no rapid cash-out observed
MERCHANT_RETAIL_8,10,fan_in_aggregation,fan_in_aggregation: received from 4 accounts within 400min (5.1x its own baseline rate); no rapid cash-out observed
MERCHANT_RETAIL_7,10,fan_in_aggregation,fan_in_aggregation: received from 4 accounts within 400min (5.0x its own baseline rate); no rapid cash-out observed
